ISO-10303-21;
HEADER;
FILE_DESCRIPTION(('Open CASCADE Model'),'2;1');
FILE_NAME('Open CASCADE Shape Model','2026-10-07T13:08:38',('Author'),(
    'Open CASCADE'),'Open CASCADE STEP processor 8.0','build123d',
  'Unknown');
FILE_SCHEMA(('AUTOMOTIVE_DESIGN { 1 0 10303 214 1 1 1 1 }'));
ENDSEC;
DATA;
#1 = APPLICATION_PROTOCOL_DEFINITION('international standard',
  'automotive_design',2000,#2);
#2 = APPLICATION_CONTEXT(
  'core data for automotive mechanical design processes');
#3 = SHAPE_DEFINITION_REPRESENTATION(#4,#10);
#4 = PRODUCT_DEFINITION_SHAPE('','',#5);
#5 = PRODUCT_DEFINITION('design','',#6,#9);
#6 = PRODUCT_DEFINITION_FORMATION('','',#7);
#7 = PRODUCT('=>[0:1:1:2]','=>[0:1:1:2]','',(#8));
#8 = PRODUCT_CONTEXT('',#2,'mechanical');
#9 = PRODUCT_DEFINITION_CONTEXT('part definition',#2,'design');
#10 = SHAPE_REPRESENTATION('',(#11,#15),#19);
#11 = AXIS2_PLACEMENT_3D('',#12,#13,#14);
#12 = CARTESIAN_POINT('',(0.,0.,0.));
#13 = DIRECTION('',(0.,0.,1.));
#14 = DIRECTION('',(1.,0.,-0.));
#15 = AXIS2_PLACEMENT_3D('',#16,#17,#18);
#16 = CARTESIAN_POINT('',(-31.,-44.45,2.4));
#17 = DIRECTION('',(0.,0.,1.));
#18 = DIRECTION('',(1.,0.,-0.));
#19 = ( GEOMETRIC_REPRESENTATION_CONTEXT(3) 
GLOBAL_UNCERTAINTY_ASSIGNED_CONTEXT((#23)) GLOBAL_UNIT_ASSIGNED_CONTEXT(
(#20,#21,#22)) REPRESENTATION_CONTEXT('Context #1',
  '3D Context with UNIT and UNCERTAINTY') );
#20 = ( LENGTH_UNIT() NAMED_UNIT(*) SI_UNIT(.MILLI.,.METRE.) );
#21 = ( NAMED_UNIT(*) PLANE_ANGLE_UNIT() SI_UNIT($,.RADIAN.) );
#22 = ( NAMED_UNIT(*) SI_UNIT($,.STERADIAN.) SOLID_ANGLE_UNIT() );
#23 = UNCERTAINTY_MEASURE_WITH_UNIT(LENGTH_MEASURE(1.E-07),#20,
  'distance_accuracy_value','confusion accuracy');
#24 = PRODUCT_RELATED_PRODUCT_CATEGORY('part',$,(#7));
#25 = SHAPE_DEFINITION_REPRESENTATION(#26,#32);
#26 = PRODUCT_DEFINITION_SHAPE('','',#27);
#27 = PRODUCT_DEFINITION('design','',#28,#31);
#28 = PRODUCT_DEFINITION_FORMATION('','',#29);
#29 = PRODUCT('SOLID','SOLID','',(#30));
#30 = PRODUCT_CONTEXT('',#2,'mechanical');
#31 = PRODUCT_DEFINITION_CONTEXT('part definition',#2,'design');
#32 = ADVANCED_BREP_SHAPE_REPRESENTATION('',(#11,#33),#16555);
#33 = MANIFOLD_SOLID_BREP('',#34);
#34 = CLOSED_SHELL('',(#35,#1475,#1558,#1635,#1971,#2080,#2149,#2196,
    #2243,#2290,#2315,#2384,#2431,#2478,#2525,#2550,#2619,#2666,#2713,
    #2760,#2785,#2854,#2901,#2948,#2995,#3020,#3089,#3136,#3183,#3230,
    #3255,#3324,#3371,#3418,#3465,#3490,#3559,#3606,#3653,#3700,#3725,
    #3794,#3841,#3888,#3935,#3960,#4029,#4076,#4123,#4170,#4195,#4264,
    #4311,#4358,#4405,#4430,#4487,#4668,#6752,#6777,#6824,#6939,#7058,
    #7112,#7268,#7322,#7550,#7597,#7802,#7830,#7933,#7982,#8007,#8054,
    #8081,#8108,#8135,#8142,#8167,#8192,#8238,#8245,#8321,#8370,#8419,
    #8446,#8515,#8562,#8609,#8634,#8703,#8750,#8797,#8822,#8891,#8938,
    #8985,#9010,#9079,#9126,#9173,#9198,#9274,#9323,#9372,#9399,#9468,
    #9515,#9562,#9587,#9656,#9703,#9750,#9775,#9844,#9891,#9938,#9963,
    #10032,#10079,#10126,#10151,#10220,#10267,#10314,#10339,#10408,
    #10455,#10502,#10527,#10596,#10643,#10690,#10715,#10791,#10840,
    #10889,#10916,#10985,#11032,#11079,#11104,#11173,#11220,#11267,
    #11292,#11361,#11408,#11455,#11480,#11556,#11605,#11654,#11681,
    #12071,#12098,#12105,#12152,#12179,#12206,#12233,#12240,#12247,
    #12360,#12473,#12586,#12699,#12754,#12809,#12864,#12919,#12974,
    #13029,#13084,#13139,#13213,#13260,#13307,#13332,#13406,#13453,
    #13500,#13525,#13599,#13646,#13693,#13718,#13792,#13839,#13886,
    #13911,#14073,#14077,#14239,#14243,#14405,#14409,#14571,#14575,
    #14613,#14651,#14689,#14727,#14803,#14852,#14901,#14950,#14999,
    #15026,#15102,#15151,#15200,#15249,#15298,#15325,#15401,#15450,
    #15499,#15548,#15597,#15624,#15700,#15749,#15798,#15847,#15896,
    #15923,#15978,#16033,#16088,#16143,#16183,#16223,#16263,#16303,
    #16307,#16311,#16315,#16319,#16374,#16429,#16484,#16539,#16543,
    #16547,#16551));
#35 = ADVANCED_FACE('',(#36,#155,#287,#419,#551,#683,#815,#947,#1079,
    #1211,#1343),#50,.T.);
#36 = FACE_BOUND('',#37,.T.);
#37 = EDGE_LOOP('',(#38,#73,#101,#129));
#38 = ORIENTED_EDGE('',*,*,#39,.T.);
#39 = EDGE_CURVE('',#40,#42,#44,.T.);
#40 = VERTEX_POINT('',#41);
#41 = CARTESIAN_POINT('',(-2.4,3.6,-1.6));
#42 = VERTEX_POINT('',#43);
#43 = CARTESIAN_POINT('',(-2.4,3.6,24.2));
#44 = SURFACE_CURVE('',#45,(#49,#61),.PCURVE_S1.);
#45 = LINE('',#46,#47);
#46 = CARTESIAN_POINT('',(-2.4,3.6,-2.4));
#47 = VECTOR('',#48,1.);
#48 = DIRECTION('',(0.,0.,1.));
#49 = PCURVE('',#50,#55);
#50 = PLANE('',#51);
#51 = AXIS2_PLACEMENT_3D('',#52,#53,#54);
#52 = CARTESIAN_POINT('',(-2.4,3.6,-2.4));
#53 = DIRECTION('',(-1.,0.,0.));
#54 = DIRECTION('',(0.,1.,0.));
#55 = DEFINITIONAL_REPRESENTATION('',(#56),#60);
#56 = LINE('',#57,#58);
#57 = CARTESIAN_POINT('',(0.,0.));
#58 = VECTOR('',#59,1.);
#59 = DIRECTION('',(0.,-1.));
#60 = ( GEOMETRIC_REPRESENTATION_CONTEXT(2) 
PARAMETRIC_REPRESENTATION_CONTEXT() REPRESENTATION_CONTEXT('2D SPACE',''
  ) );
#61 = PCURVE('',#62,#67);
#62 = CYLINDRICAL_SURFACE('',#63,6.);
#63 = AXIS2_PLACEMENT_3D('',#64,#65,#66);
#64 = CARTESIAN_POINT('',(3.6,3.6,-2.4));
#65 = DIRECTION('',(-0.,-0.,-1.));
#66 = DIRECTION('',(1.,0.,0.));
#67 = DEFINITIONAL_REPRESENTATION('',(#68),#72);
#68 = LINE('',#69,#70);
#69 = CARTESIAN_POINT('',(-3.14159265359,0.));
#70 = VECTOR('',#71,1.);
#71 = DIRECTION('',(-0.,-1.));
#72 = ( GEOMETRIC_REPRESENTATION_CONTEXT(2) 
PARAMETRIC_REPRESENTATION_CONTEXT() REPRESENTATION_CONTEXT('2D SPACE',''
  ) );
#73 = ORIENTED_EDGE('',*,*,#74,.T.);
#74 = EDGE_CURVE('',#42,#75,#77,.T.);
#75 = VERTEX_POINT('',#76);
#76 = CARTESIAN_POINT('',(-2.4,85.3,24.2));
#77 = SURFACE_CURVE('',#78,(#82,#89),.PCURVE_S1.);
#78 = LINE('',#79,#80);
#79 = CARTESIAN_POINT('',(-2.4,44.45,24.2));
#80 = VECTOR('',#81,1.);
#81 = DIRECTION('',(0.,1.,0.));
#82 = PCURVE('',#50,#83);
#83 = DEFINITIONAL_REPRESENTATION('',(#84),#88);
#84 = LINE('',#85,#86);
#85 = CARTESIAN_POINT('',(40.85,-26.6));
#86 = VECTOR('',#87,1.);
#87 = DIRECTION('',(1.,0.));
#88 = ( GEOMETRIC_REPRESENTATION_CONTEXT(2) 
PARAMETRIC_REPRESENTATION_CONTEXT() REPRESENTATION_CONTEXT('2D SPACE',''
  ) );
#89 = PCURVE('',#90,#95);
#90 = PLANE('',#91);
#91 = AXIS2_PLACEMENT_3D('',#92,#93,#94);
#92 = CARTESIAN_POINT('',(31.,44.45,24.2));
#93 = DIRECTION('',(0.,0.,1.));
#94 = DIRECTION('',(1.,0.,-0.));
#95 = DEFINITIONAL_REPRESENTATION('',(#96),#100);
#96 = LINE('',#97,#98);
#97 = CARTESIAN_POINT('',(-33.4,1.854964136513E-15));
#98 = VECTOR('',#99,1.);
#99 = DIRECTION('',(0.,1.));
#100 = ( GEOMETRIC_REPRESENTATION_CONTEXT(2) 
PARAMETRIC_REPRESENTATION_CONTEXT() REPRESENTATION_CONTEXT('2D SPACE',''
  ) );
#101 = ORIENTED_EDGE('',*,*,#102,.F.);
#102 = EDGE_CURVE('',#103,#75,#105,.T.);
#103 = VERTEX_POINT('',#104);
#104 = CARTESIAN_POINT('',(-2.4,85.3,-1.6));
#105 = SURFACE_CURVE('',#106,(#110,#117),.PCURVE_S1.);
#106 = LINE('',#107,#108);
#107 = CARTESIAN_POINT('',(-2.4,85.3,-2.4));
#108 = VECTOR('',#109,1.);
#109 = DIRECTION('',(0.,0.,1.));
#110 = PCURVE('',#50,#111);
#111 = DEFINITIONAL_REPRESENTATION('',(#112),#116);
#112 = LINE('',#113,#114);
#113 = CARTESIAN_POINT('',(81.7,0.));
#114 = VECTOR('',#115,1.);
#115 = DIRECTION('',(0.,-1.));
#116 = ( GEOMETRIC_REPRESENTATION_CONTEXT(2) 
PARAMETRIC_REPRESENTATION_CONTEXT() REPRESENTATION_CONTEXT('2D SPACE',''
  ) );
#117 = PCURVE('',#118,#123);
#118 = CYLINDRICAL_SURFACE('',#119,6.);
#119 = AXIS2_PLACEMENT_3D('',#120,#121,#122);
#120 = CARTESIAN_POINT('',(3.6,85.3,-2.4));
#121 = DIRECTION('',(-0.,-0.,-1.));
#122 = DIRECTION('',(1.,0.,0.));
#123 = DEFINITIONAL_REPRESENTATION('',(#124),#128);
#124 = LINE('',#125,#126);
#125 = CARTESIAN_POINT('',(-3.14159265359,0.));
#126 = VECTOR('',#127,1.);
#127 = DIRECTION('',(-0.,-1.));
#128 = ( GEOMETRIC_REPRESENTATION_CONTEXT(2) 
PARAMETRIC_REPRESENTATION_CONTEXT() REPRESENTATION_CONTEXT('2D SPACE',''
  ) );
#129 = ORIENTED_EDGE('',*,*,#130,.F.);
#130 = EDGE_CURVE('',#40,#103,#131,.T.);
#131 = SURFACE_CURVE('',#132,(#136,#143),.PCURVE_S1.);
#132 = LINE('',#133,#134);
#133 = CARTESIAN_POINT('',(-2.4,3.6,-1.6));
#134 = VECTOR('',#135,1.);
#135 = DIRECTION('',(0.,1.,0.));
#136 = PCURVE('',#50,#137);
#137 = DEFINITIONAL_REPRESENTATION('',(#138),#142);
#138 = LINE('',#139,#140);
#139 = CARTESIAN_POINT('',(0.,-0.8));
#140 = VECTOR('',#141,1.);
#141 = DIRECTION('',(1.,0.));
#142 = ( GEOMETRIC_REPRESENTATION_CONTEXT(2) 
PARAMETRIC_REPRESENTATION_CONTEXT() REPRESENTATION_CONTEXT('2D SPACE',''
  ) );
#143 = PCURVE('',#144,#149);
#144 = PLANE('',#145);
#145 = AXIS2_PLACEMENT_3D('',#146,#147,#148);
#146 = CARTESIAN_POINT('',(-2.,3.6,-2.));
#147 = DIRECTION('',(0.707106781187,9.771056503467E-19,0.707106781187));
#148 = DIRECTION('',(6.909180312959E-19,-1.,6.909180312959E-19));
#149 = DEFINITIONAL_REPRESENTATION('',(#150),#154);
#150 = LINE('',#151,#152);
#151 = CARTESIAN_POINT('',(-0.,-0.565685424949));
#152 = VECTOR('',#153,1.);
#153 = DIRECTION('',(-1.,0.));
#154 = ( GEOMETRIC_REPRESENTATION_CONTEXT(2) 
PARAMETRIC_REPRESENTATION_CONTEXT() REPRESENTATION_CONTEXT('2D SPACE',''
  ) );
#155 = FACE_BOUND('',#156,.T.);
#156 = EDGE_LOOP('',(#157,#185,#211,#237,#263));
#157 = ORIENTED_EDGE('',*,*,#158,.F.);
#158 = EDGE_CURVE('',#159,#161,#163,.T.);
#159 = VERTEX_POINT('',#160);
#160 = CARTESIAN_POINT('',(-2.4,26.45,6.25));
#161 = VERTEX_POINT('',#162);
#162 = CARTESIAN_POINT('',(-2.4,24.45,6.25));
#163 = SURFACE_CURVE('',#164,(#168,#174),.PCURVE_S1.);
#164 = LINE('',#165,#166);
#165 = CARTESIAN_POINT('',(-2.4,14.025,6.25));
#166 = VECTOR('',#167,1.);
#167 = DIRECTION('',(-0.,-1.,-0.));
#168 = PCURVE('',#50,#169);
#169 = DEFINITIONAL_REPRESENTATION('',(#170),#173);
#170 = B_SPLINE_CURVE_WITH_KNOTS('',1,(#171,#172),.UNSPECIFIED.,.F.,.F.,
  (2,2),(-12.425,-10.425),.PIECEWISE_BEZIER_KNOTS.);
#171 = CARTESIAN_POINT('',(22.85,-8.65));
#172 = CARTESIAN_POINT('',(20.85,-8.65));
#173 = ( GEOMETRIC_REPRESENTATION_CONTEXT(2) 
PARAMETRIC_REPRESENTATION_CONTEXT() REPRESENTATION_CONTEXT('2D SPACE',''
  ) );
#174 = PCURVE('',#175,#180);
#175 = PLANE('',#176);
#176 = AXIS2_PLACEMENT_3D('',#177,#178,#179);
#177 = CARTESIAN_POINT('',(1.E-02,24.45,6.25));
#178 = DIRECTION('',(0.,0.,-1.));
#179 = DIRECTION('',(0.,1.,0.));
#180 = DEFINITIONAL_REPRESENTATION('',(#181),#184);
#181 = B_SPLINE_CURVE_WITH_KNOTS('',1,(#182,#183),.UNSPECIFIED.,.F.,.F.,
  (2,2),(-12.425,-10.425),.PIECEWISE_BEZIER_KNOTS.);
#182 = CARTESIAN_POINT('',(2.,-2.41));
#183 = CARTESIAN_POINT('',(0.,-2.41));
#184 = ( GEOMETRIC_REPRESENTATION_CONTEXT(2) 
PARAMETRIC_REPRESENTATION_CONTEXT() REPRESENTATION_CONTEXT('2D SPACE',''
  ) );
#185 = ORIENTED_EDGE('',*,*,#186,.F.);
#186 = EDGE_CURVE('',#187,#159,#189,.T.);
#187 = VERTEX_POINT('',#188);
#188 = CARTESIAN_POINT('',(-2.4,26.45,17.25));
#189 = SURFACE_CURVE('',#190,(#194,#200),.PCURVE_S1.);
#190 = LINE('',#191,#192);
#191 = CARTESIAN_POINT('',(-2.4,26.45,1.925));
#192 = VECTOR('',#193,1.);
#193 = DIRECTION('',(-0.,0.,-1.));
#194 = PCURVE('',#50,#195);
#195 = DEFINITIONAL_REPRESENTATION('',(#196),#199);
#196 = B_SPLINE_CURVE_WITH_KNOTS('',1,(#197,#198),.UNSPECIFIED.,.F.,.F.,
  (2,2),(-15.325,-4.325),.PIECEWISE_BEZIER_KNOTS.);
#197 = CARTESIAN_POINT('',(22.85,-19.65));
#198 = CARTESIAN_POINT('',(22.85,-8.65));
#199 = ( GEOMETRIC_REPRESENTATION_CONTEXT(2) 
PARAMETRIC_REPRESENTATION_CONTEXT() REPRESENTATION_CONTEXT('2D SPACE',''
  ) );
#200 = PCURVE('',#201,#206);
#201 = PLANE('',#202);
#202 = AXIS2_PLACEMENT_3D('',#203,#204,#205);
#203 = CARTESIAN_POINT('',(1.E-02,26.45,6.25));
#204 = DIRECTION('',(0.,1.,-0.));
#205 = DIRECTION('',(0.,0.,1.));
#206 = DEFINITIONAL_REPRESENTATION('',(#207),#210);
#207 = B_SPLINE_CURVE_WITH_KNOTS('',1,(#208,#209),.UNSPECIFIED.,.F.,.F.,
  (2,2),(-15.325,-4.325),.PIECEWISE_BEZIER_KNOTS.);
#208 = CARTESIAN_POINT('',(11.,-2.41));
#209 = CARTESIAN_POINT('',(0.,-2.41));
#210 = ( GEOMETRIC_REPRESENTATION_CONTEXT(2) 
PARAMETRIC_REPRESENTATION_CONTEXT() REPRESENTATION_CONTEXT('2D SPACE',''
  ) );
#211 = ORIENTED_EDGE('',*,*,#212,.F.);
#212 = EDGE_CURVE('',#213,#187,#215,.T.);
#213 = VERTEX_POINT('',#214);
#214 = CARTESIAN_POINT('',(-2.4,25.45,18.25));
#215 = SURFACE_CURVE('',#216,(#220,#226),.PCURVE_S1.);
#216 = LINE('',#217,#218);
#217 = CARTESIAN_POINT('',(-2.4,25.65,18.05));
#218 = VECTOR('',#219,1.);
#219 = DIRECTION('',(0.,0.707106781187,-0.707106781187));
#220 = PCURVE('',#50,#221);
#221 = DEFINITIONAL_REPRESENTATION('',(#222),#225);
#222 = B_SPLINE_CURVE_WITH_KNOTS('',1,(#223,#224),.UNSPECIFIED.,.F.,.F.,
  (2,2),(-0.282842712475,1.131370849898),.PIECEWISE_BEZIER_KNOTS.);
#223 = CARTESIAN_POINT('',(21.85,-20.65));
#224 = CARTESIAN_POINT('',(22.85,-19.65));
#225 = ( GEOMETRIC_REPRESENTATION_CONTEXT(2) 
PARAMETRIC_REPRESENTATION_CONTEXT() REPRESENTATION_CONTEXT('2D SPACE',''
  ) );
#226 = PCURVE('',#227,#232);
#227 = PLANE('',#228);
#228 = AXIS2_PLACEMENT_3D('',#229,#230,#231);
#229 = CARTESIAN_POINT('',(1.E-02,26.45,17.25));
#230 = DIRECTION('',(0.,0.707106781187,0.707106781187));
#231 = DIRECTION('',(0.,-0.707106781187,0.707106781187));
#232 = DEFINITIONAL_REPRESENTATION('',(#233),#236);
#233 = B_SPLINE_CURVE_WITH_KNOTS('',1,(#234,#235),.UNSPECIFIED.,.F.,.F.,
  (2,2),(-0.282842712475,1.131370849898),.PIECEWISE_BEZIER_KNOTS.);
#234 = CARTESIAN_POINT('',(1.414213562373,-2.41));
#235 = CARTESIAN_POINT('',(0.,-2.41));
#236 = ( GEOMETRIC_REPRESENTATION_CONTEXT(2) 
PARAMETRIC_REPRESENTATION_CONTEXT() REPRESENTATION_CONTEXT('2D SPACE',''
  ) );
#237 = ORIENTED_EDGE('',*,*,#238,.F.);
#238 = EDGE_CURVE('',#239,#213,#241,.T.);
#239 = VERTEX_POINT('',#240);
#240 = CARTESIAN_POINT('',(-2.4,24.45,17.25));
#241 = SURFACE_CURVE('',#242,(#246,#252),.PCURVE_S1.);
#242 = LINE('',#243,#244);
#243 = CARTESIAN_POINT('',(-2.4,14.825,7.625));
#244 = VECTOR('',#245,1.);
#245 = DIRECTION('',(0.,0.707106781187,0.707106781187));
#246 = PCURVE('',#50,#247);
#247 = DEFINITIONAL_REPRESENTATION('',(#248),#251);
#248 = B_SPLINE_CURVE_WITH_KNOTS('',1,(#249,#250),.UNSPECIFIED.,.F.,.F.,
  (2,2),(13.611805537841,15.026019100214),.PIECEWISE_BEZIER_KNOTS.);
#249 = CARTESIAN_POINT('',(20.85,-19.65));
#250 = CARTESIAN_POINT('',(21.85,-20.65));
#251 = ( GEOMETRIC_REPRESENTATION_CONTEXT(2) 
PARAMETRIC_REPRESENTATION_CONTEXT() REPRESENTATION_CONTEXT('2D SPACE',''
  ) );
#252 = PCURVE('',#253,#258);
#253 = PLANE('',#254);
#254 = AXIS2_PLACEMENT_3D('',#255,#256,#257);
#255 = CARTESIAN_POINT('',(1.E-02,25.45,18.25));
#256 = DIRECTION('',(0.,-0.707106781187,0.707106781187));
#257 = DIRECTION('',(0.,-0.707106781187,-0.707106781187));
#258 = DEFINITIONAL_REPRESENTATION('',(#259),#262);
#259 = B_SPLINE_CURVE_WITH_KNOTS('',1,(#260,#261),.UNSPECIFIED.,.F.,.F.,
  (2,2),(13.611805537841,15.026019100214),.PIECEWISE_BEZIER_KNOTS.);
#260 = CARTESIAN_POINT('',(1.414213562373,-2.41));
#261 = CARTESIAN_POINT('',(0.,-2.41));
#262 = ( GEOMETRIC_REPRESENTATION_CONTEXT(2) 
PARAMETRIC_REPRESENTATION_CONTEXT() REPRESENTATION_CONTEXT('2D SPACE',''
  ) );
#263 = ORIENTED_EDGE('',*,*,#264,.F.);
#264 = EDGE_CURVE('',#161,#239,#265,.T.);
#265 = SURFACE_CURVE('',#266,(#270,#276),.PCURVE_S1.);
#266 = LINE('',#267,#268);
#267 = CARTESIAN_POINT('',(-2.4,24.45,7.425));
#268 = VECTOR('',#269,1.);
#269 = DIRECTION('',(0.,-0.,1.));
#270 = PCURVE('',#50,#271);
#271 = DEFINITIONAL_REPRESENTATION('',(#272),#275);
#272 = B_SPLINE_CURVE_WITH_KNOTS('',1,(#273,#274),.UNSPECIFIED.,.F.,.F.,
  (2,2),(-1.175,9.825),.PIECEWISE_BEZIER_KNOTS.);
#273 = CARTESIAN_POINT('',(20.85,-8.65));
#274 = CARTESIAN_POINT('',(20.85,-19.65));
#275 = ( GEOMETRIC_REPRESENTATION_CONTEXT(2) 
PARAMETRIC_REPRESENTATION_CONTEXT() REPRESENTATION_CONTEXT('2D SPACE',''
  ) );
#276 = PCURVE('',#277,#282);
#277 = PLANE('',#278);
#278 = AXIS2_PLACEMENT_3D('',#279,#280,#281);
#279 = CARTESIAN_POINT('',(1.E-02,24.45,17.25));
#280 = DIRECTION('',(-0.,-1.,-0.));
#281 = DIRECTION('',(0.,0.,-1.));
#282 = DEFINITIONAL_REPRESENTATION('',(#283),#286);
#283 = B_SPLINE_CURVE_WITH_KNOTS('',1,(#284,#285),.UNSPECIFIED.,.F.,.F.,
  (2,2),(-1.175,9.825),.PIECEWISE_BEZIER_KNOTS.);
#284 = CARTESIAN_POINT('',(11.,-2.41));
#285 = CARTESIAN_POINT('',(0.,-2.41));
#286 = ( GEOMETRIC_REPRESENTATION_CONTEXT(2) 
PARAMETRIC_REPRESENTATION_CONTEXT() REPRESENTATION_CONTEXT('2D SPACE',''
  ) );
#287 = FACE_BOUND('',#288,.T.);
#288 = EDGE_LOOP('',(#289,#317,#343,#369,#395));
#289 = ORIENTED_EDGE('',*,*,#290,.F.);
#290 = EDGE_CURVE('',#291,#293,#295,.T.);
#291 = VERTEX_POINT('',#292);
#292 = CARTESIAN_POINT('',(-2.4,30.45,6.25));
#293 = VERTEX_POINT('',#294);
#294 = CARTESIAN_POINT('',(-2.4,28.45,6.25));
#295 = SURFACE_CURVE('',#296,(#300,#306),.PCURVE_S1.);
#296 = LINE('',#297,#298);
#297 = CARTESIAN_POINT('',(-2.4,16.025,6.25));
#298 = VECTOR('',#299,1.);
#299 = DIRECTION('',(-0.,-1.,-0.));
#300 = PCURVE('',#50,#301);
#301 = DEFINITIONAL_REPRESENTATION('',(#302),#305);
#302 = B_SPLINE_CURVE_WITH_KNOTS('',1,(#303,#304),.UNSPECIFIED.,.F.,.F.,
  (2,2),(-14.425,-12.425),.PIECEWISE_BEZIER_KNOTS.);
#303 = CARTESIAN_POINT('',(26.85,-8.65));
#304 = CARTESIAN_POINT('',(24.85,-8.65));
#305 = ( GEOMETRIC_REPRESENTATION_CONTEXT(2) 
PARAMETRIC_REPRESENTATION_CONTEXT() REPRESENTATION_CONTEXT('2D SPACE',''
  ) );
#306 = PCURVE('',#307,#312);
#307 = PLANE('',#308);
#308 = AXIS2_PLACEMENT_3D('',#309,#310,#311);
#309 = CARTESIAN_POINT('',(1.E-02,28.45,6.25));
#310 = DIRECTION('',(0.,0.,-1.));
#311 = DIRECTION('',(0.,1.,0.));
#312 = DEFINITIONAL_REPRESENTATION('',(#313),#316);
#313 = B_SPLINE_CURVE_WITH_KNOTS('',1,(#314,#315),.UNSPECIFIED.,.F.,.F.,
  (2,2),(-14.425,-12.425),.PIECEWISE_BEZIER_KNOTS.);
#314 = CARTESIAN_POINT('',(2.,-2.41));
#315 = CARTESIAN_POINT('',(0.,-2.41));
#316 = ( GEOMETRIC_REPRESENTATION_CONTEXT(2) 
PARAMETRIC_REPRESENTATION_CONTEXT() REPRESENTATION_CONTEXT('2D SPACE',''
  ) );
#317 = ORIENTED_EDGE('',*,*,#318,.F.);
#318 = EDGE_CURVE('',#319,#291,#321,.T.);
#319 = VERTEX_POINT('',#320);
#320 = CARTESIAN_POINT('',(-2.4,30.45,17.25));
#321 = SURFACE_CURVE('',#322,(#326,#332),.PCURVE_S1.);
#322 = LINE('',#323,#324);
#323 = CARTESIAN_POINT('',(-2.4,30.45,1.925));
#324 = VECTOR('',#325,1.);
#325 = DIRECTION('',(-0.,0.,-1.));
#326 = PCURVE('',#50,#327);
#327 = DEFINITIONAL_REPRESENTATION('',(#328),#331);
#328 = B_SPLINE_CURVE_WITH_KNOTS('',1,(#329,#330),.UNSPECIFIED.,.F.,.F.,
  (2,2),(-15.325,-4.325),.PIECEWISE_BEZIER_KNOTS.);
#329 = CARTESIAN_POINT('',(26.85,-19.65));
#330 = CARTESIAN_POINT('',(26.85,-8.65));
#331 = ( GEOMETRIC_REPRESENTATION_CONTEXT(2) 
PARAMETRIC_REPRESENTATION_CONTEXT() REPRESENTATION_CONTEXT('2D SPACE',''
  ) );
#332 = PCURVE('',#333,#338);
#333 = PLANE('',#334);
#334 = AXIS2_PLACEMENT_3D('',#335,#336,#337);
#335 = CARTESIAN_POINT('',(1.E-02,30.45,6.25));
#336 = DIRECTION('',(0.,1.,-0.));
#337 = DIRECTION('',(0.,0.,1.));
#338 = DEFINITIONAL_REPRESENTATION('',(#339),#342);
#339 = B_SPLINE_CURVE_WITH_KNOTS('',1,(#340,#341),.UNSPECIFIED.,.F.,.F.,
  (2,2),(-15.325,-4.325),.PIECEWISE_BEZIER_KNOTS.);
#340 = CARTESIAN_POINT('',(11.,-2.41));
#341 = CARTESIAN_POINT('',(0.,-2.41));
#342 = ( GEOMETRIC_REPRESENTATION_CONTEXT(2) 
PARAMETRIC_REPRESENTATION_CONTEXT() REPRESENTATION_CONTEXT('2D SPACE',''
  ) );
#343 = ORIENTED_EDGE('',*,*,#344,.F.);
#344 = EDGE_CURVE('',#345,#319,#347,.T.);
#345 = VERTEX_POINT('',#346);
#346 = CARTESIAN_POINT('',(-2.4,29.45,18.25));
#347 = SURFACE_CURVE('',#348,(#352,#358),.PCURVE_S1.);
#348 = LINE('',#349,#350);
#349 = CARTESIAN_POINT('',(-2.4,28.65,19.05));
#350 = VECTOR('',#351,1.);
#351 = DIRECTION('',(0.,0.707106781187,-0.707106781187));
#352 = PCURVE('',#50,#353);
#353 = DEFINITIONAL_REPRESENTATION('',(#354),#357);
#354 = B_SPLINE_CURVE_WITH_KNOTS('',1,(#355,#356),.UNSPECIFIED.,.F.,.F.,
  (2,2),(1.131370849898,2.545584412272),.PIECEWISE_BEZIER_KNOTS.);
#355 = CARTESIAN_POINT('',(25.85,-20.65));
#356 = CARTESIAN_POINT('',(26.85,-19.65));
#357 = ( GEOMETRIC_REPRESENTATION_CONTEXT(2) 
PARAMETRIC_REPRESENTATION_CONTEXT() REPRESENTATION_CONTEXT('2D SPACE',''
  ) );
#358 = PCURVE('',#359,#364);
#359 = PLANE('',#360);
#360 = AXIS2_PLACEMENT_3D('',#361,#362,#363);
#361 = CARTESIAN_POINT('',(1.E-02,30.45,17.25));
#362 = DIRECTION('',(0.,0.707106781187,0.707106781187));
#363 = DIRECTION('',(0.,-0.707106781187,0.707106781187));
#364 = DEFINITIONAL_REPRESENTATION('',(#365),#368);
#365 = B_SPLINE_CURVE_WITH_KNOTS('',1,(#366,#367),.UNSPECIFIED.,.F.,.F.,
  (2,2),(1.131370849898,2.545584412272),.PIECEWISE_BEZIER_KNOTS.);
#366 = CARTESIAN_POINT('',(1.414213562373,-2.41));
#367 = CARTESIAN_POINT('',(0.,-2.41));
#368 = ( GEOMETRIC_REPRESENTATION_CONTEXT(2) 
PARAMETRIC_REPRESENTATION_CONTEXT() REPRESENTATION_CONTEXT('2D SPACE',''
  ) );
#369 = ORIENTED_EDGE('',*,*,#370,.F.);
#370 = EDGE_CURVE('',#371,#345,#373,.T.);
#371 = VERTEX_POINT('',#372);
#372 = CARTESIAN_POINT('',(-2.4,28.45,17.25));
#373 = SURFACE_CURVE('',#374,(#378,#384),.PCURVE_S1.);
#374 = LINE('',#375,#376);
#375 = CARTESIAN_POINT('',(-2.4,17.825,6.625));
#376 = VECTOR('',#377,1.);
#377 = DIRECTION('',(0.,0.707106781187,0.707106781187));
#378 = PCURVE('',#50,#379);
#379 = DEFINITIONAL_REPRESENTATION('',(#380),#383);
#380 = B_SPLINE_CURVE_WITH_KNOTS('',1,(#381,#382),.UNSPECIFIED.,.F.,.F.,
  (2,2),(15.026019100214,16.440232662587),.PIECEWISE_BEZIER_KNOTS.);
#381 = CARTESIAN_POINT('',(24.85,-19.65));
#382 = CARTESIAN_POINT('',(25.85,-20.65));
#383 = ( GEOMETRIC_REPRESENTATION_CONTEXT(2) 
PARAMETRIC_REPRESENTATION_CONTEXT() REPRESENTATION_CONTEXT('2D SPACE',''
  ) );
#384 = PCURVE('',#385,#390);
#385 = PLANE('',#386);
#386 = AXIS2_PLACEMENT_3D('',#387,#388,#389);
#387 = CARTESIAN_POINT('',(1.E-02,29.45,18.25));
#388 = DIRECTION('',(0.,-0.707106781187,0.707106781187));
#389 = DIRECTION('',(0.,-0.707106781187,-0.707106781187));
#390 = DEFINITIONAL_REPRESENTATION('',(#391),#394);
#391 = B_SPLINE_CURVE_WITH_KNOTS('',1,(#392,#393),.UNSPECIFIED.,.F.,.F.,
  (2,2),(15.026019100214,16.440232662587),.PIECEWISE_BEZIER_KNOTS.);
#392 = CARTESIAN_POINT('',(1.414213562373,-2.41));
#393 = CARTESIAN_POINT('',(0.,-2.41));
#394 = ( GEOMETRIC_REPRESENTATION_CONTEXT(2) 
PARAMETRIC_REPRESENTATION_CONTEXT() REPRESENTATION_CONTEXT('2D SPACE',''
  ) );
#395 = ORIENTED_EDGE('',*,*,#396,.F.);
#396 = EDGE_CURVE('',#293,#371,#397,.T.);
#397 = SURFACE_CURVE('',#398,(#402,#408),.PCURVE_S1.);
#398 = LINE('',#399,#400);
#399 = CARTESIAN_POINT('',(-2.4,28.45,7.425));
#400 = VECTOR('',#401,1.);
#401 = DIRECTION('',(0.,-0.,1.));
#402 = PCURVE('',#50,#403);
#403 = DEFINITIONAL_REPRESENTATION('',(#404),#407);
#404 = B_SPLINE_CURVE_WITH_KNOTS('',1,(#405,#406),.UNSPECIFIED.,.F.,.F.,
  (2,2),(-1.175,9.825),.PIECEWISE_BEZIER_KNOTS.);
#405 = CARTESIAN_POINT('',(24.85,-8.65));
#406 = CARTESIAN_POINT('',(24.85,-19.65));
#407 = ( GEOMETRIC_REPRESENTATION_CONTEXT(2) 
PARAMETRIC_REPRESENTATION_CONTEXT() REPRESENTATION_CONTEXT('2D SPACE',''
  ) );
#408 = PCURVE('',#409,#414);
#409 = PLANE('',#410);
#410 = AXIS2_PLACEMENT_3D('',#411,#412,#413);
#411 = CARTESIAN_POINT('',(1.E-02,28.45,17.25));
#412 = DIRECTION('',(-0.,-1.,-0.));
#413 = DIRECTION('',(0.,0.,-1.));
#414 = DEFINITIONAL_REPRESENTATION('',(#415),#418);
#415 = B_SPLINE_CURVE_WITH_KNOTS('',1,(#416,#417),.UNSPECIFIED.,.F.,.F.,
  (2,2),(-1.175,9.825),.PIECEWISE_BEZIER_KNOTS.);
#416 = CARTESIAN_POINT('',(11.,-2.41));
#417 = CARTESIAN_POINT('',(0.,-2.41));
#418 = ( GEOMETRIC_REPRESENTATION_CONTEXT(2) 
PARAMETRIC_REPRESENTATION_CONTEXT() REPRESENTATION_CONTEXT('2D SPACE',''
  ) );
#419 = FACE_BOUND('',#420,.T.);
#420 = EDGE_LOOP('',(#421,#449,#475,#501,#527));
#421 = ORIENTED_EDGE('',*,*,#422,.F.);
#422 = EDGE_CURVE('',#423,#425,#427,.T.);
#423 = VERTEX_POINT('',#424);
#424 = CARTESIAN_POINT('',(-2.4,34.45,6.25));
#425 = VERTEX_POINT('',#426);
#426 = CARTESIAN_POINT('',(-2.4,32.45,6.25));
#427 = SURFACE_CURVE('',#428,(#432,#438),.PCURVE_S1.);
#428 = LINE('',#429,#430);
#429 = CARTESIAN_POINT('',(-2.4,18.025,6.25));
#430 = VECTOR('',#431,1.);
#431 = DIRECTION('',(-0.,-1.,-0.));
#432 = PCURVE('',#50,#433);
#433 = DEFINITIONAL_REPRESENTATION('',(#434),#437);
#434 = B_SPLINE_CURVE_WITH_KNOTS('',1,(#435,#436),.UNSPECIFIED.,.F.,.F.,
  (2,2),(-16.425,-14.425),.PIECEWISE_BEZIER_KNOTS.);
#435 = CARTESIAN_POINT('',(30.85,-8.65));
#436 = CARTESIAN_POINT('',(28.85,-8.65));
#437 = ( GEOMETRIC_REPRESENTATION_CONTEXT(2) 
PARAMETRIC_REPRESENTATION_CONTEXT() REPRESENTATION_CONTEXT('2D SPACE',''
  ) );
#438 = PCURVE('',#439,#444);
#439 = PLANE('',#440);
#440 = AXIS2_PLACEMENT_3D('',#441,#442,#443);
#441 = CARTESIAN_POINT('',(1.E-02,32.45,6.25));
#442 = DIRECTION('',(0.,0.,-1.));
#443 = DIRECTION('',(0.,1.,0.));
#444 = DEFINITIONAL_REPRESENTATION('',(#445),#448);
#445 = B_SPLINE_CURVE_WITH_KNOTS('',1,(#446,#447),.UNSPECIFIED.,.F.,.F.,
  (2,2),(-16.425,-14.425),.PIECEWISE_BEZIER_KNOTS.);
#446 = CARTESIAN_POINT('',(2.,-2.41));
#447 = CARTESIAN_POINT('',(0.,-2.41));
#448 = ( GEOMETRIC_REPRESENTATION_CONTEXT(2) 
PARAMETRIC_REPRESENTATION_CONTEXT() REPRESENTATION_CONTEXT('2D SPACE',''
  ) );
#449 = ORIENTED_EDGE('',*,*,#450,.F.);
#450 = EDGE_CURVE('',#451,#423,#453,.T.);
#451 = VERTEX_POINT('',#452);
#452 = CARTESIAN_POINT('',(-2.4,34.45,17.25));
#453 = SURFACE_CURVE('',#454,(#458,#464),.PCURVE_S1.);
#454 = LINE('',#455,#456);
#455 = CARTESIAN_POINT('',(-2.4,34.45,1.925));
#456 = VECTOR('',#457,1.);
#457 = DIRECTION('',(-0.,0.,-1.));
#458 = PCURVE('',#50,#459);
#459 = DEFINITIONAL_REPRESENTATION('',(#460),#463);
#460 = B_SPLINE_CURVE_WITH_KNOTS('',1,(#461,#462),.UNSPECIFIED.,.F.,.F.,
  (2,2),(-15.325,-4.325),.PIECEWISE_BEZIER_KNOTS.);
#461 = CARTESIAN_POINT('',(30.85,-19.65));
#462 = CARTESIAN_POINT('',(30.85,-8.65));
#463 = ( GEOMETRIC_REPRESENTATION_CONTEXT(2) 
PARAMETRIC_REPRESENTATION_CONTEXT() REPRESENTATION_CONTEXT('2D SPACE',''
  ) );
#464 = PCURVE('',#465,#470);
#465 = PLANE('',#466);
#466 = AXIS2_PLACEMENT_3D('',#467,#468,#469);
#467 = CARTESIAN_POINT('',(1.E-02,34.45,6.25));
#468 = DIRECTION('',(0.,1.,-0.));
#469 = DIRECTION('',(0.,0.,1.));
#470 = DEFINITIONAL_REPRESENTATION('',(#471),#474);
#471 = B_SPLINE_CURVE_WITH_KNOTS('',1,(#472,#473),.UNSPECIFIED.,.F.,.F.,
  (2,2),(-15.325,-4.325),.PIECEWISE_BEZIER_KNOTS.);
#472 = CARTESIAN_POINT('',(11.,-2.41));
#473 = CARTESIAN_POINT('',(0.,-2.41));
#474 = ( GEOMETRIC_REPRESENTATION_CONTEXT(2) 
PARAMETRIC_REPRESENTATION_CONTEXT() REPRESENTATION_CONTEXT('2D SPACE',''
  ) );
#475 = ORIENTED_EDGE('',*,*,#476,.F.);
#476 = EDGE_CURVE('',#477,#451,#479,.T.);
#477 = VERTEX_POINT('',#478);
#478 = CARTESIAN_POINT('',(-2.4,33.45,18.25));
#479 = SURFACE_CURVE('',#480,(#484,#490),.PCURVE_S1.);
#480 = LINE('',#481,#482);
#481 = CARTESIAN_POINT('',(-2.4,31.65,20.05));
#482 = VECTOR('',#483,1.);
#483 = DIRECTION('',(0.,0.707106781187,-0.707106781187));
#484 = PCURVE('',#50,#485);
#485 = DEFINITIONAL_REPRESENTATION('',(#486),#489);
#486 = B_SPLINE_CURVE_WITH_KNOTS('',1,(#487,#488),.UNSPECIFIED.,.F.,.F.,
  (2,2),(2.545584412272,3.959797974645),.PIECEWISE_BEZIER_KNOTS.);
#487 = CARTESIAN_POINT('',(29.85,-20.65));
#488 = CARTESIAN_POINT('',(30.85,-19.65));
#489 = ( GEOMETRIC_REPRESENTATION_CONTEXT(2) 
PARAMETRIC_REPRESENTATION_CONTEXT() REPRESENTATION_CONTEXT('2D SPACE',''
  ) );
#490 = PCURVE('',#491,#496);
#491 = PLANE('',#492);
#492 = AXIS2_PLACEMENT_3D('',#493,#494,#495);
#493 = CARTESIAN_POINT('',(1.E-02,34.45,17.25));
#494 = DIRECTION('',(0.,0.707106781187,0.707106781187));
#495 = DIRECTION('',(0.,-0.707106781187,0.707106781187));
#496 = DEFINITIONAL_REPRESENTATION('',(#497),#500);
#497 = B_SPLINE_CURVE_WITH_KNOTS('',1,(#498,#499),.UNSPECIFIED.,.F.,.F.,
  (2,2),(2.545584412272,3.959797974645),.PIECEWISE_BEZIER_KNOTS.);
#498 = CARTESIAN_POINT('',(1.414213562373,-2.41));
#499 = CARTESIAN_POINT('',(0.,-2.41));
#500 = ( GEOMETRIC_REPRESENTATION_CONTEXT(2) 
PARAMETRIC_REPRESENTATION_CONTEXT() REPRESENTATION_CONTEXT('2D SPACE',''
  ) );
#501 = ORIENTED_EDGE('',*,*,#502,.F.);
#502 = EDGE_CURVE('',#503,#477,#505,.T.);
#503 = VERTEX_POINT('',#504);
#504 = CARTESIAN_POINT('',(-2.4,32.45,17.25));
#505 = SURFACE_CURVE('',#506,(#510,#516),.PCURVE_S1.);
#506 = LINE('',#507,#508);
#507 = CARTESIAN_POINT('',(-2.4,20.825,5.625));
#508 = VECTOR('',#509,1.);
#509 = DIRECTION('',(0.,0.707106781187,0.707106781187));
#510 = PCURVE('',#50,#511);
#511 = DEFINITIONAL_REPRESENTATION('',(#512),#515);
#512 = B_SPLINE_CURVE_WITH_KNOTS('',1,(#513,#514),.UNSPECIFIED.,.F.,.F.,
  (2,2),(16.440232662587,17.85444622496),.PIECEWISE_BEZIER_KNOTS.);
#513 = CARTESIAN_POINT('',(28.85,-19.65));
#514 = CARTESIAN_POINT('',(29.85,-20.65));
#515 = ( GEOMETRIC_REPRESENTATION_CONTEXT(2) 
PARAMETRIC_REPRESENTATION_CONTEXT() REPRESENTATION_CONTEXT('2D SPACE',''
  ) );
#516 = PCURVE('',#517,#522);
#517 = PLANE('',#518);
#518 = AXIS2_PLACEMENT_3D('',#519,#520,#521);
#519 = CARTESIAN_POINT('',(1.E-02,33.45,18.25));
#520 = DIRECTION('',(0.,-0.707106781187,0.707106781187));
#521 = DIRECTION('',(0.,-0.707106781187,-0.707106781187));
#522 = DEFINITIONAL_REPRESENTATION('',(#523),#526);
#523 = B_SPLINE_CURVE_WITH_KNOTS('',1,(#524,#525),.UNSPECIFIED.,.F.,.F.,
  (2,2),(16.440232662587,17.85444622496),.PIECEWISE_BEZIER_KNOTS.);
#524 = CARTESIAN_POINT('',(1.414213562373,-2.41));
#525 = CARTESIAN_POINT('',(0.,-2.41));
#526 = ( GEOMETRIC_REPRESENTATION_CONTEXT(2) 
PARAMETRIC_REPRESENTATION_CONTEXT() REPRESENTATION_CONTEXT('2D SPACE',''
  ) );
#527 = ORIENTED_EDGE('',*,*,#528,.F.);
#528 = EDGE_CURVE('',#425,#503,#529,.T.);
#529 = SURFACE_CURVE('',#530,(#534,#540),.PCURVE_S1.);
#530 = LINE('',#531,#532);
#531 = CARTESIAN_POINT('',(-2.4,32.45,7.425));
#532 = VECTOR('',#533,1.);
#533 = DIRECTION('',(0.,-0.,1.));
#534 = PCURVE('',#50,#535);
#535 = DEFINITIONAL_REPRESENTATION('',(#536),#539);
#536 = B_SPLINE_CURVE_WITH_KNOTS('',1,(#537,#538),.UNSPECIFIED.,.F.,.F.,
  (2,2),(-1.175,9.825),.PIECEWISE_BEZIER_KNOTS.);
#537 = CARTESIAN_POINT('',(28.85,-8.65));
#538 = CARTESIAN_POINT('',(28.85,-19.65));
#539 = ( GEOMETRIC_REPRESENTATION_CONTEXT(2) 
PARAMETRIC_REPRESENTATION_CONTEXT() REPRESENTATION_CONTEXT('2D SPACE',''
  ) );
#540 = PCURVE('',#541,#546);
#541 = PLANE('',#542);
#542 = AXIS2_PLACEMENT_3D('',#543,#544,#545);
#543 = CARTESIAN_POINT('',(1.E-02,32.45,17.25));
#544 = DIRECTION('',(-0.,-1.,-0.));
#545 = DIRECTION('',(0.,0.,-1.));
#546 = DEFINITIONAL_REPRESENTATION('',(#547),#550);
#547 = B_SPLINE_CURVE_WITH_KNOTS('',1,(#548,#549),.UNSPECIFIED.,.F.,.F.,
  (2,2),(-1.175,9.825),.PIECEWISE_BEZIER_KNOTS.);
#548 = CARTESIAN_POINT('',(11.,-2.41));
#549 = CARTESIAN_POINT('',(0.,-2.41));
#550 = ( GEOMETRIC_REPRESENTATION_CONTEXT(2) 
PARAMETRIC_REPRESENTATION_CONTEXT() REPRESENTATION_CONTEXT('2D SPACE',''
  ) );
#551 = FACE_BOUND('',#552,.T.);
#552 = EDGE_LOOP('',(#553,#581,#607,#633,#659));
#553 = ORIENTED_EDGE('',*,*,#554,.F.);
#554 = EDGE_CURVE('',#555,#557,#559,.T.);
#555 = VERTEX_POINT('',#556);
#556 = CARTESIAN_POINT('',(-2.4,38.45,6.25));
#557 = VERTEX_POINT('',#558);
#558 = CARTESIAN_POINT('',(-2.4,36.45,6.25));
#559 = SURFACE_CURVE('',#560,(#564,#570),.PCURVE_S1.);
#560 = LINE('',#561,#562);
#561 = CARTESIAN_POINT('',(-2.4,20.025,6.25));
#562 = VECTOR('',#563,1.);
#563 = DIRECTION('',(-0.,-1.,-0.));
#564 = PCURVE('',#50,#565);
#565 = DEFINITIONAL_REPRESENTATION('',(#566),#569);
#566 = B_SPLINE_CURVE_WITH_KNOTS('',1,(#567,#568),.UNSPECIFIED.,.F.,.F.,
  (2,2),(-18.425,-16.425),.PIECEWISE_BEZIER_KNOTS.);
#567 = CARTESIAN_POINT('',(34.85,-8.65));
#568 = CARTESIAN_POINT('',(32.85,-8.65));
#569 = ( GEOMETRIC_REPRESENTATION_CONTEXT(2) 
PARAMETRIC_REPRESENTATION_CONTEXT() REPRESENTATION_CONTEXT('2D SPACE',''
  ) );
#570 = PCURVE('',#571,#576);
#571 = PLANE('',#572);
#572 = AXIS2_PLACEMENT_3D('',#573,#574,#575);
#573 = CARTESIAN_POINT('',(1.E-02,36.45,6.25));
#574 = DIRECTION('',(0.,0.,-1.));
#575 = DIRECTION('',(0.,1.,0.));
#576 = DEFINITIONAL_REPRESENTATION('',(#577),#580);
#577 = B_SPLINE_CURVE_WITH_KNOTS('',1,(#578,#579),.UNSPECIFIED.,.F.,.F.,
  (2,2),(-18.425,-16.425),.PIECEWISE_BEZIER_KNOTS.);
#578 = CARTESIAN_POINT('',(2.,-2.41));
#579 = CARTESIAN_POINT('',(0.,-2.41));
#580 = ( GEOMETRIC_REPRESENTATION_CONTEXT(2) 
PARAMETRIC_REPRESENTATION_CONTEXT() REPRESENTATION_CONTEXT('2D SPACE',''
  ) );
#581 = ORIENTED_EDGE('',*,*,#582,.F.);
#582 = EDGE_CURVE('',#583,#555,#585,.T.);
#583 = VERTEX_POINT('',#584);
#584 = CARTESIAN_POINT('',(-2.4,38.45,17.25));
#585 = SURFACE_CURVE('',#586,(#590,#596),.PCURVE_S1.);
#586 = LINE('',#587,#588);
#587 = CARTESIAN_POINT('',(-2.4,38.45,1.925));
#588 = VECTOR('',#589,1.);
#589 = DIRECTION('',(-0.,0.,-1.));
#590 = PCURVE('',#50,#591);
#591 = DEFINITIONAL_REPRESENTATION('',(#592),#595);
#592 = B_SPLINE_CURVE_WITH_KNOTS('',1,(#593,#594),.UNSPECIFIED.,.F.,.F.,
  (2,2),(-15.325,-4.325),.PIECEWISE_BEZIER_KNOTS.);
#593 = CARTESIAN_POINT('',(34.85,-19.65));
#594 = CARTESIAN_POINT('',(34.85,-8.65));
#595 = ( GEOMETRIC_REPRESENTATION_CONTEXT(2) 
PARAMETRIC_REPRESENTATION_CONTEXT() REPRESENTATION_CONTEXT('2D SPACE',''
  ) );
#596 = PCURVE('',#597,#602);
#597 = PLANE('',#598);
#598 = AXIS2_PLACEMENT_3D('',#599,#600,#601);
#599 = CARTESIAN_POINT('',(1.E-02,38.45,6.25));
#600 = DIRECTION('',(0.,1.,-0.));
#601 = DIRECTION('',(0.,0.,1.));
#602 = DEFINITIONAL_REPRESENTATION('',(#603),#606);
#603 = B_SPLINE_CURVE_WITH_KNOTS('',1,(#604,#605),.UNSPECIFIED.,.F.,.F.,
  (2,2),(-15.325,-4.325),.PIECEWISE_BEZIER_KNOTS.);
#604 = CARTESIAN_POINT('',(11.,-2.41));
#605 = CARTESIAN_POINT('',(0.,-2.41));
#606 = ( GEOMETRIC_REPRESENTATION_CONTEXT(2) 
PARAMETRIC_REPRESENTATION_CONTEXT() REPRESENTATION_CONTEXT('2D SPACE',''
  ) );
#607 = ORIENTED_EDGE('',*,*,#608,.F.);
#608 = EDGE_CURVE('',#609,#583,#611,.T.);
#609 = VERTEX_POINT('',#610);
#610 = CARTESIAN_POINT('',(-2.4,37.45,18.25));
#611 = SURFACE_CURVE('',#612,(#616,#622),.PCURVE_S1.);
#612 = LINE('',#613,#614);
#613 = CARTESIAN_POINT('',(-2.4,34.65,21.05));
#614 = VECTOR('',#615,1.);
#615 = DIRECTION('',(0.,0.707106781187,-0.707106781187));
#616 = PCURVE('',#50,#617);
#617 = DEFINITIONAL_REPRESENTATION('',(#618),#621);
#618 = B_SPLINE_CURVE_WITH_KNOTS('',1,(#619,#620),.UNSPECIFIED.,.F.,.F.,
  (2,2),(3.959797974645,5.374011537018),.PIECEWISE_BEZIER_KNOTS.);
#619 = CARTESIAN_POINT('',(33.85,-20.65));
#620 = CARTESIAN_POINT('',(34.85,-19.65));
#621 = ( GEOMETRIC_REPRESENTATION_CONTEXT(2) 
PARAMETRIC_REPRESENTATION_CONTEXT() REPRESENTATION_CONTEXT('2D SPACE',''
  ) );
#622 = PCURVE('',#623,#628);
#623 = PLANE('',#624);
#624 = AXIS2_PLACEMENT_3D('',#625,#626,#627);
#625 = CARTESIAN_POINT('',(1.E-02,38.45,17.25));
#626 = DIRECTION('',(0.,0.707106781187,0.707106781187));
#627 = DIRECTION('',(0.,-0.707106781187,0.707106781187));
#628 = DEFINITIONAL_REPRESENTATION('',(#629),#632);
#629 = B_SPLINE_CURVE_WITH_KNOTS('',1,(#630,#631),.UNSPECIFIED.,.F.,.F.,
  (2,2),(3.959797974645,5.374011537018),.PIECEWISE_BEZIER_KNOTS.);
#630 = CARTESIAN_POINT('',(1.414213562373,-2.41));
#631 = CARTESIAN_POINT('',(0.,-2.41));
#632 = ( GEOMETRIC_REPRESENTATION_CONTEXT(2) 
PARAMETRIC_REPRESENTATION_CONTEXT() REPRESENTATION_CONTEXT('2D SPACE',''
  ) );
#633 = ORIENTED_EDGE('',*,*,#634,.F.);
#634 = EDGE_CURVE('',#635,#609,#637,.T.);
#635 = VERTEX_POINT('',#636);
#636 = CARTESIAN_POINT('',(-2.4,36.45,17.25));
#637 = SURFACE_CURVE('',#638,(#642,#648),.PCURVE_S1.);
#638 = LINE('',#639,#640);
#639 = CARTESIAN_POINT('',(-2.4,23.825,4.625));
#640 = VECTOR('',#641,1.);
#641 = DIRECTION('',(0.,0.707106781187,0.707106781187));
#642 = PCURVE('',#50,#643);
#643 = DEFINITIONAL_REPRESENTATION('',(#644),#647);
#644 = B_SPLINE_CURVE_WITH_KNOTS('',1,(#645,#646),.UNSPECIFIED.,.F.,.F.,
  (2,2),(17.85444622496,19.268659787333),.PIECEWISE_BEZIER_KNOTS.);
#645 = CARTESIAN_POINT('',(32.85,-19.65));
#646 = CARTESIAN_POINT('',(33.85,-20.65));
#647 = ( GEOMETRIC_REPRESENTATION_CONTEXT(2) 
PARAMETRIC_REPRESENTATION_CONTEXT() REPRESENTATION_CONTEXT('2D SPACE',''
  ) );
#648 = PCURVE('',#649,#654);
#649 = PLANE('',#650);
#650 = AXIS2_PLACEMENT_3D('',#651,#652,#653);
#651 = CARTESIAN_POINT('',(1.E-02,37.45,18.25));
#652 = DIRECTION('',(0.,-0.707106781187,0.707106781187));
#653 = DIRECTION('',(0.,-0.707106781187,-0.707106781187));
#654 = DEFINITIONAL_REPRESENTATION('',(#655),#658);
#655 = B_SPLINE_CURVE_WITH_KNOTS('',1,(#656,#657),.UNSPECIFIED.,.F.,.F.,
  (2,2),(17.85444622496,19.268659787333),.PIECEWISE_BEZIER_KNOTS.);
#656 = CARTESIAN_POINT('',(1.414213562373,-2.41));
#657 = CARTESIAN_POINT('',(0.,-2.41));
#658 = ( GEOMETRIC_REPRESENTATION_CONTEXT(2) 
PARAMETRIC_REPRESENTATION_CONTEXT() REPRESENTATION_CONTEXT('2D SPACE',''
  ) );
#659 = ORIENTED_EDGE('',*,*,#660,.F.);
#660 = EDGE_CURVE('',#557,#635,#661,.T.);
#661 = SURFACE_CURVE('',#662,(#666,#672),.PCURVE_S1.);
#662 = LINE('',#663,#664);
#663 = CARTESIAN_POINT('',(-2.4,36.45,7.425));
#664 = VECTOR('',#665,1.);
#665 = DIRECTION('',(0.,-0.,1.));
#666 = PCURVE('',#50,#667);
#667 = DEFINITIONAL_REPRESENTATION('',(#668),#671);
#668 = B_SPLINE_CURVE_WITH_KNOTS('',1,(#669,#670),.UNSPECIFIED.,.F.,.F.,
  (2,2),(-1.175,9.825),.PIECEWISE_BEZIER_KNOTS.);
#669 = CARTESIAN_POINT('',(32.85,-8.65));
#670 = CARTESIAN_POINT('',(32.85,-19.65));
#671 = ( GEOMETRIC_REPRESENTATION_CONTEXT(2) 
PARAMETRIC_REPRESENTATION_CONTEXT() REPRESENTATION_CONTEXT('2D SPACE',''
  ) );
#672 = PCURVE('',#673,#678);
#673 = PLANE('',#674);
#674 = AXIS2_PLACEMENT_3D('',#675,#676,#677);
#675 = CARTESIAN_POINT('',(1.E-02,36.45,17.25));
#676 = DIRECTION('',(-0.,-1.,-0.));
#677 = DIRECTION('',(0.,0.,-1.));
#678 = DEFINITIONAL_REPRESENTATION('',(#679),#682);
#679 = B_SPLINE_CURVE_WITH_KNOTS('',1,(#680,#681),.UNSPECIFIED.,.F.,.F.,
  (2,2),(-1.175,9.825),.PIECEWISE_BEZIER_KNOTS.);
#680 = CARTESIAN_POINT('',(11.,-2.41));
#681 = CARTESIAN_POINT('',(0.,-2.41));
#682 = ( GEOMETRIC_REPRESENTATION_CONTEXT(2) 
PARAMETRIC_REPRESENTATION_CONTEXT() REPRESENTATION_CONTEXT('2D SPACE',''
  ) );
#683 = FACE_BOUND('',#684,.T.);
#684 = EDGE_LOOP('',(#685,#713,#739,#765,#791));
#685 = ORIENTED_EDGE('',*,*,#686,.F.);
#686 = EDGE_CURVE('',#687,#689,#691,.T.);
#687 = VERTEX_POINT('',#688);
#688 = CARTESIAN_POINT('',(-2.4,42.45,6.25));
#689 = VERTEX_POINT('',#690);
#690 = CARTESIAN_POINT('',(-2.4,40.45,6.25));
#691 = SURFACE_CURVE('',#692,(#696,#702),.PCURVE_S1.);
#692 = LINE('',#693,#694);
#693 = CARTESIAN_POINT('',(-2.4,22.025,6.25));
#694 = VECTOR('',#695,1.);
#695 = DIRECTION('',(-0.,-1.,-0.));
#696 = PCURVE('',#50,#697);
#697 = DEFINITIONAL_REPRESENTATION('',(#698),#701);
#698 = B_SPLINE_CURVE_WITH_KNOTS('',1,(#699,#700),.UNSPECIFIED.,.F.,.F.,
  (2,2),(-20.425,-18.425),.PIECEWISE_BEZIER_KNOTS.);
#699 = CARTESIAN_POINT('',(38.85,-8.65));
#700 = CARTESIAN_POINT('',(36.85,-8.65));
#701 = ( GEOMETRIC_REPRESENTATION_CONTEXT(2) 
PARAMETRIC_REPRESENTATION_CONTEXT() REPRESENTATION_CONTEXT('2D SPACE',''
  ) );
#702 = PCURVE('',#703,#708);
#703 = PLANE('',#704);
#704 = AXIS2_PLACEMENT_3D('',#705,#706,#707);
#705 = CARTESIAN_POINT('',(1.E-02,40.45,6.25));
#706 = DIRECTION('',(0.,0.,-1.));
#707 = DIRECTION('',(0.,1.,0.));
#708 = DEFINITIONAL_REPRESENTATION('',(#709),#712);
#709 = B_SPLINE_CURVE_WITH_KNOTS('',1,(#710,#711),.UNSPECIFIED.,.F.,.F.,
  (2,2),(-20.425,-18.425),.PIECEWISE_BEZIER_KNOTS.);
#710 = CARTESIAN_POINT('',(2.,-2.41));
#711 = CARTESIAN_POINT('',(0.,-2.41));
#712 = ( GEOMETRIC_REPRESENTATION_CONTEXT(2) 
PARAMETRIC_REPRESENTATION_CONTEXT() REPRESENTATION_CONTEXT('2D SPACE',''
  ) );
#713 = ORIENTED_EDGE('',*,*,#714,.F.);
#714 = EDGE_CURVE('',#715,#687,#717,.T.);
#715 = VERTEX_POINT('',#716);
#716 = CARTESIAN_POINT('',(-2.4,42.45,17.25));
#717 = SURFACE_CURVE('',#718,(#722,#728),.PCURVE_S1.);
#718 = LINE('',#719,#720);
#719 = CARTESIAN_POINT('',(-2.4,42.45,1.925));
#720 = VECTOR('',#721,1.);
#721 = DIRECTION('',(-0.,0.,-1.));
#722 = PCURVE('',#50,#723);
#723 = DEFINITIONAL_REPRESENTATION('',(#724),#727);
#724 = B_SPLINE_CURVE_WITH_KNOTS('',1,(#725,#726),.UNSPECIFIED.,.F.,.F.,
  (2,2),(-15.325,-4.325),.PIECEWISE_BEZIER_KNOTS.);
#725 = CARTESIAN_POINT('',(38.85,-19.65));
#726 = CARTESIAN_POINT('',(38.85,-8.65));
#727 = ( GEOMETRIC_REPRESENTATION_CONTEXT(2) 
PARAMETRIC_REPRESENTATION_CONTEXT() REPRESENTATION_CONTEXT('2D SPACE',''
  ) );
#728 = PCURVE('',#729,#734);
#729 = PLANE('',#730);
#730 = AXIS2_PLACEMENT_3D('',#731,#732,#733);
#731 = CARTESIAN_POINT('',(1.E-02,42.45,6.25));
#732 = DIRECTION('',(0.,1.,-0.));
#733 = DIRECTION('',(0.,0.,1.));
#734 = DEFINITIONAL_REPRESENTATION('',(#735),#738);
#735 = B_SPLINE_CURVE_WITH_KNOTS('',1,(#736,#737),.UNSPECIFIED.,.F.,.F.,
  (2,2),(-15.325,-4.325),.PIECEWISE_BEZIER_KNOTS.);
#736 = CARTESIAN_POINT('',(11.,-2.41));
#737 = CARTESIAN_POINT('',(0.,-2.41));
#738 = ( GEOMETRIC_REPRESENTATION_CONTEXT(2) 
PARAMETRIC_REPRESENTATION_CONTEXT() REPRESENTATION_CONTEXT('2D SPACE',''
  ) );
#739 = ORIENTED_EDGE('',*,*,#740,.F.);
#740 = EDGE_CURVE('',#741,#715,#743,.T.);
#741 = VERTEX_POINT('',#742);
#742 = CARTESIAN_POINT('',(-2.4,41.45,18.25));
#743 = SURFACE_CURVE('',#744,(#748,#754),.PCURVE_S1.);
#744 = LINE('',#745,#746);
#745 = CARTESIAN_POINT('',(-2.4,37.65,22.05));
#746 = VECTOR('',#747,1.);
#747 = DIRECTION('',(0.,0.707106781187,-0.707106781187));
#748 = PCURVE('',#50,#749);
#749 = DEFINITIONAL_REPRESENTATION('',(#750),#753);
#750 = B_SPLINE_CURVE_WITH_KNOTS('',1,(#751,#752),.UNSPECIFIED.,.F.,.F.,
  (2,2),(5.374011537018,6.788225099391),.PIECEWISE_BEZIER_KNOTS.);
#751 = CARTESIAN_POINT('',(37.85,-20.65));
#752 = CARTESIAN_POINT('',(38.85,-19.65));
#753 = ( GEOMETRIC_REPRESENTATION_CONTEXT(2) 
PARAMETRIC_REPRESENTATION_CONTEXT() REPRESENTATION_CONTEXT('2D SPACE',''
  ) );
#754 = PCURVE('',#755,#760);
#755 = PLANE('',#756);
#756 = AXIS2_PLACEMENT_3D('',#757,#758,#759);
#757 = CARTESIAN_POINT('',(1.E-02,42.45,17.25));
#758 = DIRECTION('',(0.,0.707106781187,0.707106781187));
#759 = DIRECTION('',(0.,-0.707106781187,0.707106781187));
#760 = DEFINITIONAL_REPRESENTATION('',(#761),#764);
#761 = B_SPLINE_CURVE_WITH_KNOTS('',1,(#762,#763),.UNSPECIFIED.,.F.,.F.,
  (2,2),(5.374011537018,6.788225099391),.PIECEWISE_BEZIER_KNOTS.);
#762 = CARTESIAN_POINT('',(1.414213562373,-2.41));
#763 = CARTESIAN_POINT('',(0.,-2.41));
#764 = ( GEOMETRIC_REPRESENTATION_CONTEXT(2) 
PARAMETRIC_REPRESENTATION_CONTEXT() REPRESENTATION_CONTEXT('2D SPACE',''
  ) );
#765 = ORIENTED_EDGE('',*,*,#766,.F.);
#766 = EDGE_CURVE('',#767,#741,#769,.T.);
#767 = VERTEX_POINT('',#768);
#768 = CARTESIAN_POINT('',(-2.4,40.45,17.25));
#769 = SURFACE_CURVE('',#770,(#774,#780),.PCURVE_S1.);
#770 = LINE('',#771,#772);
#771 = CARTESIAN_POINT('',(-2.4,26.825,3.625));
#772 = VECTOR('',#773,1.);
#773 = DIRECTION('',(0.,0.707106781187,0.707106781187));
#774 = PCURVE('',#50,#775);
#775 = DEFINITIONAL_REPRESENTATION('',(#776),#779);
#776 = B_SPLINE_CURVE_WITH_KNOTS('',1,(#777,#778),.UNSPECIFIED.,.F.,.F.,
  (2,2),(19.268659787333,20.682873349707),.PIECEWISE_BEZIER_KNOTS.);
#777 = CARTESIAN_POINT('',(36.85,-19.65));
#778 = CARTESIAN_POINT('',(37.85,-20.65));
#779 = ( GEOMETRIC_REPRESENTATION_CONTEXT(2) 
PARAMETRIC_REPRESENTATION_CONTEXT() REPRESENTATION_CONTEXT('2D SPACE',''
  ) );
#780 = PCURVE('',#781,#786);
#781 = PLANE('',#782);
#782 = AXIS2_PLACEMENT_3D('',#783,#784,#785);
#783 = CARTESIAN_POINT('',(1.E-02,41.45,18.25));
#784 = DIRECTION('',(0.,-0.707106781187,0.707106781187));
#785 = DIRECTION('',(0.,-0.707106781187,-0.707106781187));
#786 = DEFINITIONAL_REPRESENTATION('',(#787),#790);
#787 = B_SPLINE_CURVE_WITH_KNOTS('',1,(#788,#789),.UNSPECIFIED.,.F.,.F.,
  (2,2),(19.268659787333,20.682873349707),.PIECEWISE_BEZIER_KNOTS.);
#788 = CARTESIAN_POINT('',(1.414213562373,-2.41));
#789 = CARTESIAN_POINT('',(0.,-2.41));
#790 = ( GEOMETRIC_REPRESENTATION_CONTEXT(2) 
PARAMETRIC_REPRESENTATION_CONTEXT() REPRESENTATION_CONTEXT('2D SPACE',''
  ) );
#791 = ORIENTED_EDGE('',*,*,#792,.F.);
#792 = EDGE_CURVE('',#689,#767,#793,.T.);
#793 = SURFACE_CURVE('',#794,(#798,#804),.PCURVE_S1.);
#794 = LINE('',#795,#796);
#795 = CARTESIAN_POINT('',(-2.4,40.45,7.425));
#796 = VECTOR('',#797,1.);
#797 = DIRECTION('',(0.,-0.,1.));
#798 = PCURVE('',#50,#799);
#799 = DEFINITIONAL_REPRESENTATION('',(#800),#803);
#800 = B_SPLINE_CURVE_WITH_KNOTS('',1,(#801,#802),.UNSPECIFIED.,.F.,.F.,
  (2,2),(-1.175,9.825),.PIECEWISE_BEZIER_KNOTS.);
#801 = CARTESIAN_POINT('',(36.85,-8.65));
#802 = CARTESIAN_POINT('',(36.85,-19.65));
#803 = ( GEOMETRIC_REPRESENTATION_CONTEXT(2) 
PARAMETRIC_REPRESENTATION_CONTEXT() REPRESENTATION_CONTEXT('2D SPACE',''
  ) );
#804 = PCURVE('',#805,#810);
#805 = PLANE('',#806);
#806 = AXIS2_PLACEMENT_3D('',#807,#808,#809);
#807 = CARTESIAN_POINT('',(1.E-02,40.45,17.25));
#808 = DIRECTION('',(-0.,-1.,-0.));
#809 = DIRECTION('',(0.,0.,-1.));
#810 = DEFINITIONAL_REPRESENTATION('',(#811),#814);
#811 = B_SPLINE_CURVE_WITH_KNOTS('',1,(#812,#813),.UNSPECIFIED.,.F.,.F.,
  (2,2),(-1.175,9.825),.PIECEWISE_BEZIER_KNOTS.);
#812 = CARTESIAN_POINT('',(11.,-2.41));
#813 = CARTESIAN_POINT('',(0.,-2.41));
#814 = ( GEOMETRIC_REPRESENTATION_CONTEXT(2) 
PARAMETRIC_REPRESENTATION_CONTEXT() REPRESENTATION_CONTEXT('2D SPACE',''
  ) );
#815 = FACE_BOUND('',#816,.T.);
#816 = EDGE_LOOP('',(#817,#845,#871,#897,#923));
#817 = ORIENTED_EDGE('',*,*,#818,.F.);
#818 = EDGE_CURVE('',#819,#821,#823,.T.);
#819 = VERTEX_POINT('',#820);
#820 = CARTESIAN_POINT('',(-2.4,46.45,6.25));
#821 = VERTEX_POINT('',#822);
#822 = CARTESIAN_POINT('',(-2.4,44.45,6.25));
#823 = SURFACE_CURVE('',#824,(#828,#834),.PCURVE_S1.);
#824 = LINE('',#825,#826);
#825 = CARTESIAN_POINT('',(-2.4,24.025,6.25));
#826 = VECTOR('',#827,1.);
#827 = DIRECTION('',(-0.,-1.,-0.));
#828 = PCURVE('',#50,#829);
#829 = DEFINITIONAL_REPRESENTATION('',(#830),#833);
#830 = B_SPLINE_CURVE_WITH_KNOTS('',1,(#831,#832),.UNSPECIFIED.,.F.,.F.,
  (2,2),(-22.425,-20.425),.PIECEWISE_BEZIER_KNOTS.);
#831 = CARTESIAN_POINT('',(42.85,-8.65));
#832 = CARTESIAN_POINT('',(40.85,-8.65));
#833 = ( GEOMETRIC_REPRESENTATION_CONTEXT(2) 
PARAMETRIC_REPRESENTATION_CONTEXT() REPRESENTATION_CONTEXT('2D SPACE',''
  ) );
#834 = PCURVE('',#835,#840);
#835 = PLANE('',#836);
#836 = AXIS2_PLACEMENT_3D('',#837,#838,#839);
#837 = CARTESIAN_POINT('',(1.E-02,44.45,6.25));
#838 = DIRECTION('',(0.,0.,-1.));
#839 = DIRECTION('',(0.,1.,0.));
#840 = DEFINITIONAL_REPRESENTATION('',(#841),#844);
#841 = B_SPLINE_CURVE_WITH_KNOTS('',1,(#842,#843),.UNSPECIFIED.,.F.,.F.,
  (2,2),(-22.425,-20.425),.PIECEWISE_BEZIER_KNOTS.);
#842 = CARTESIAN_POINT('',(2.,-2.41));
#843 = CARTESIAN_POINT('',(0.,-2.41));
#844 = ( GEOMETRIC_REPRESENTATION_CONTEXT(2) 
PARAMETRIC_REPRESENTATION_CONTEXT() REPRESENTATION_CONTEXT('2D SPACE',''
  ) );
#845 = ORIENTED_EDGE('',*,*,#846,.F.);
#846 = EDGE_CURVE('',#847,#819,#849,.T.);
#847 = VERTEX_POINT('',#848);
#848 = CARTESIAN_POINT('',(-2.4,46.45,17.25));
#849 = SURFACE_CURVE('',#850,(#854,#860),.PCURVE_S1.);
#850 = LINE('',#851,#852);
#851 = CARTESIAN_POINT('',(-2.4,46.45,1.925));
#852 = VECTOR('',#853,1.);
#853 = DIRECTION('',(-0.,0.,-1.));
#854 = PCURVE('',#50,#855);
#855 = DEFINITIONAL_REPRESENTATION('',(#856),#859);
#856 = B_SPLINE_CURVE_WITH_KNOTS('',1,(#857,#858),.UNSPECIFIED.,.F.,.F.,
  (2,2),(-15.325,-4.325),.PIECEWISE_BEZIER_KNOTS.);
#857 = CARTESIAN_POINT('',(42.85,-19.65));
#858 = CARTESIAN_POINT('',(42.85,-8.65));
#859 = ( GEOMETRIC_REPRESENTATION_CONTEXT(2) 
PARAMETRIC_REPRESENTATION_CONTEXT() REPRESENTATION_CONTEXT('2D SPACE',''
  ) );
#860 = PCURVE('',#861,#866);
#861 = PLANE('',#862);
#862 = AXIS2_PLACEMENT_3D('',#863,#864,#865);
#863 = CARTESIAN_POINT('',(1.E-02,46.45,6.25));
#864 = DIRECTION('',(0.,1.,-0.));
#865 = DIRECTION('',(0.,0.,1.));
#866 = DEFINITIONAL_REPRESENTATION('',(#867),#870);
#867 = B_SPLINE_CURVE_WITH_KNOTS('',1,(#868,#869),.UNSPECIFIED.,.F.,.F.,
  (2,2),(-15.325,-4.325),.PIECEWISE_BEZIER_KNOTS.);
#868 = CARTESIAN_POINT('',(11.,-2.41));
#869 = CARTESIAN_POINT('',(0.,-2.41));
#870 = ( GEOMETRIC_REPRESENTATION_CONTEXT(2) 
PARAMETRIC_REPRESENTATION_CONTEXT() REPRESENTATION_CONTEXT('2D SPACE',''
  ) );
#871 = ORIENTED_EDGE('',*,*,#872,.F.);
#872 = EDGE_CURVE('',#873,#847,#875,.T.);
#873 = VERTEX_POINT('',#874);
#874 = CARTESIAN_POINT('',(-2.4,45.45,18.25));
#875 = SURFACE_CURVE('',#876,(#880,#886),.PCURVE_S1.);
#876 = LINE('',#877,#878);
#877 = CARTESIAN_POINT('',(-2.4,40.65,23.05));
#878 = VECTOR('',#879,1.);
#879 = DIRECTION('',(0.,0.707106781187,-0.707106781187));
#880 = PCURVE('',#50,#881);
#881 = DEFINITIONAL_REPRESENTATION('',(#882),#885);
#882 = B_SPLINE_CURVE_WITH_KNOTS('',1,(#883,#884),.UNSPECIFIED.,.F.,.F.,
  (2,2),(6.788225099391,8.202438661764),.PIECEWISE_BEZIER_KNOTS.);
#883 = CARTESIAN_POINT('',(41.85,-20.65));
#884 = CARTESIAN_POINT('',(42.85,-19.65));
#885 = ( GEOMETRIC_REPRESENTATION_CONTEXT(2) 
PARAMETRIC_REPRESENTATION_CONTEXT() REPRESENTATION_CONTEXT('2D SPACE',''
  ) );
#886 = PCURVE('',#887,#892);
#887 = PLANE('',#888);
#888 = AXIS2_PLACEMENT_3D('',#889,#890,#891);
#889 = CARTESIAN_POINT('',(1.E-02,46.45,17.25));
#890 = DIRECTION('',(0.,0.707106781187,0.707106781187));
#891 = DIRECTION('',(0.,-0.707106781187,0.707106781187));
#892 = DEFINITIONAL_REPRESENTATION('',(#893),#896);
#893 = B_SPLINE_CURVE_WITH_KNOTS('',1,(#894,#895),.UNSPECIFIED.,.F.,.F.,
  (2,2),(6.788225099391,8.202438661764),.PIECEWISE_BEZIER_KNOTS.);
#894 = CARTESIAN_POINT('',(1.414213562373,-2.41));
#895 = CARTESIAN_POINT('',(0.,-2.41));
#896 = ( GEOMETRIC_REPRESENTATION_CONTEXT(2) 
PARAMETRIC_REPRESENTATION_CONTEXT() REPRESENTATION_CONTEXT('2D SPACE',''
  ) );
#897 = ORIENTED_EDGE('',*,*,#898,.F.);
#898 = EDGE_CURVE('',#899,#873,#901,.T.);
#899 = VERTEX_POINT('',#900);
#900 = CARTESIAN_POINT('',(-2.4,44.45,17.25));
#901 = SURFACE_CURVE('',#902,(#906,#912),.PCURVE_S1.);
#902 = LINE('',#903,#904);
#903 = CARTESIAN_POINT('',(-2.4,29.825,2.625));
#904 = VECTOR('',#905,1.);
#905 = DIRECTION('',(0.,0.707106781187,0.707106781187));
#906 = PCURVE('',#50,#907);
#907 = DEFINITIONAL_REPRESENTATION('',(#908),#911);
#908 = B_SPLINE_CURVE_WITH_KNOTS('',1,(#909,#910),.UNSPECIFIED.,.F.,.F.,
  (2,2),(20.682873349707,22.09708691208),.PIECEWISE_BEZIER_KNOTS.);
#909 = CARTESIAN_POINT('',(40.85,-19.65));
#910 = CARTESIAN_POINT('',(41.85,-20.65));
#911 = ( GEOMETRIC_REPRESENTATION_CONTEXT(2) 
PARAMETRIC_REPRESENTATION_CONTEXT() REPRESENTATION_CONTEXT('2D SPACE',''
  ) );
#912 = PCURVE('',#913,#918);
#913 = PLANE('',#914);
#914 = AXIS2_PLACEMENT_3D('',#915,#916,#917);
#915 = CARTESIAN_POINT('',(1.E-02,45.45,18.25));
#916 = DIRECTION('',(0.,-0.707106781187,0.707106781187));
#917 = DIRECTION('',(0.,-0.707106781187,-0.707106781187));
#918 = DEFINITIONAL_REPRESENTATION('',(#919),#922);
#919 = B_SPLINE_CURVE_WITH_KNOTS('',1,(#920,#921),.UNSPECIFIED.,.F.,.F.,
  (2,2),(20.682873349707,22.09708691208),.PIECEWISE_BEZIER_KNOTS.);
#920 = CARTESIAN_POINT('',(1.414213562373,-2.41));
#921 = CARTESIAN_POINT('',(0.,-2.41));
#922 = ( GEOMETRIC_REPRESENTATION_CONTEXT(2) 
PARAMETRIC_REPRESENTATION_CONTEXT() REPRESENTATION_CONTEXT('2D SPACE',''
  ) );
#923 = ORIENTED_EDGE('',*,*,#924,.F.);
#924 = EDGE_CURVE('',#821,#899,#925,.T.);
#925 = SURFACE_CURVE('',#926,(#930,#936),.PCURVE_S1.);
#926 = LINE('',#927,#928);
#927 = CARTESIAN_POINT('',(-2.4,44.45,7.425));
#928 = VECTOR('',#929,1.);
#929 = DIRECTION('',(0.,-0.,1.));
#930 = PCURVE('',#50,#931);
#931 = DEFINITIONAL_REPRESENTATION('',(#932),#935);
#932 = B_SPLINE_CURVE_WITH_KNOTS('',1,(#933,#934),.UNSPECIFIED.,.F.,.F.,
  (2,2),(-1.175,9.825),.PIECEWISE_BEZIER_KNOTS.);
#933 = CARTESIAN_POINT('',(40.85,-8.65));
#934 = CARTESIAN_POINT('',(40.85,-19.65));
#935 = ( GEOMETRIC_REPRESENTATION_CONTEXT(2) 
PARAMETRIC_REPRESENTATION_CONTEXT() REPRESENTATION_CONTEXT('2D SPACE',''
  ) );
#936 = PCURVE('',#937,#942);
#937 = PLANE('',#938);
#938 = AXIS2_PLACEMENT_3D('',#939,#940,#941);
#939 = CARTESIAN_POINT('',(1.E-02,44.45,17.25));
#940 = DIRECTION('',(-0.,-1.,-0.));
#941 = DIRECTION('',(0.,0.,-1.));
#942 = DEFINITIONAL_REPRESENTATION('',(#943),#946);
#943 = B_SPLINE_CURVE_WITH_KNOTS('',1,(#944,#945),.UNSPECIFIED.,.F.,.F.,
  (2,2),(-1.175,9.825),.PIECEWISE_BEZIER_KNOTS.);
#944 = CARTESIAN_POINT('',(11.,-2.41));
#945 = CARTESIAN_POINT('',(0.,-2.41));
#946 = ( GEOMETRIC_REPRESENTATION_CONTEXT(2) 
PARAMETRIC_REPRESENTATION_CONTEXT() REPRESENTATION_CONTEXT('2D SPACE',''
  ) );
#947 = FACE_BOUND('',#948,.T.);
#948 = EDGE_LOOP('',(#949,#977,#1003,#1029,#1055));
#949 = ORIENTED_EDGE('',*,*,#950,.F.);
#950 = EDGE_CURVE('',#951,#953,#955,.T.);
#951 = VERTEX_POINT('',#952);
#952 = CARTESIAN_POINT('',(-2.4,50.45,6.25));
#953 = VERTEX_POINT('',#954);
#954 = CARTESIAN_POINT('',(-2.4,48.45,6.25));
#955 = SURFACE_CURVE('',#956,(#960,#966),.PCURVE_S1.);
#956 = LINE('',#957,#958);
#957 = CARTESIAN_POINT('',(-2.4,26.025,6.25));
#958 = VECTOR('',#959,1.);
#959 = DIRECTION('',(-0.,-1.,-0.));
#960 = PCURVE('',#50,#961);
#961 = DEFINITIONAL_REPRESENTATION('',(#962),#965);
#962 = B_SPLINE_CURVE_WITH_KNOTS('',1,(#963,#964),.UNSPECIFIED.,.F.,.F.,
  (2,2),(-24.425,-22.425),.PIECEWISE_BEZIER_KNOTS.);
#963 = CARTESIAN_POINT('',(46.85,-8.65));
#964 = CARTESIAN_POINT('',(44.85,-8.65));
#965 = ( GEOMETRIC_REPRESENTATION_CONTEXT(2) 
PARAMETRIC_REPRESENTATION_CONTEXT() REPRESENTATION_CONTEXT('2D SPACE',''
  ) );
#966 = PCURVE('',#967,#972);
#967 = PLANE('',#968);
#968 = AXIS2_PLACEMENT_3D('',#969,#970,#971);
#969 = CARTESIAN_POINT('',(1.E-02,48.45,6.25));
#970 = DIRECTION('',(0.,0.,-1.));
#971 = DIRECTION('',(0.,1.,0.));
#972 = DEFINITIONAL_REPRESENTATION('',(#973),#976);
#973 = B_SPLINE_CURVE_WITH_KNOTS('',1,(#974,#975),.UNSPECIFIED.,.F.,.F.,
  (2,2),(-24.425,-22.425),.PIECEWISE_BEZIER_KNOTS.);
#974 = CARTESIAN_POINT('',(2.,-2.41));
#975 = CARTESIAN_POINT('',(0.,-2.41));
#976 = ( GEOMETRIC_REPRESENTATION_CONTEXT(2) 
PARAMETRIC_REPRESENTATION_CONTEXT() REPRESENTATION_CONTEXT('2D SPACE',''
  ) );
#977 = ORIENTED_EDGE('',*,*,#978,.F.);
#978 = EDGE_CURVE('',#979,#951,#981,.T.);
#979 = VERTEX_POINT('',#980);
#980 = CARTESIAN_POINT('',(-2.4,50.45,17.25));
#981 = SURFACE_CURVE('',#982,(#986,#992),.PCURVE_S1.);
#982 = LINE('',#983,#984);
#983 = CARTESIAN_POINT('',(-2.4,50.45,1.925));
#984 = VECTOR('',#985,1.);
#985 = DIRECTION('',(-0.,0.,-1.));
#986 = PCURVE('',#50,#987);
#987 = DEFINITIONAL_REPRESENTATION('',(#988),#991);
#988 = B_SPLINE_CURVE_WITH_KNOTS('',1,(#989,#990),.UNSPECIFIED.,.F.,.F.,
  (2,2),(-15.325,-4.325),.PIECEWISE_BEZIER_KNOTS.);
#989 = CARTESIAN_POINT('',(46.85,-19.65));
#990 = CARTESIAN_POINT('',(46.85,-8.65));
#991 = ( GEOMETRIC_REPRESENTATION_CONTEXT(2) 
PARAMETRIC_REPRESENTATION_CONTEXT() REPRESENTATION_CONTEXT('2D SPACE',''
  ) );
#992 = PCURVE('',#993,#998);
#993 = PLANE('',#994);
#994 = AXIS2_PLACEMENT_3D('',#995,#996,#997);
#995 = CARTESIAN_POINT('',(1.E-02,50.45,6.25));
#996 = DIRECTION('',(0.,1.,-0.));
#997 = DIRECTION('',(0.,0.,1.));
#998 = DEFINITIONAL_REPRESENTATION('',(#999),#1002);
#999 = B_SPLINE_CURVE_WITH_KNOTS('',1,(#1000,#1001),.UNSPECIFIED.,.F.,
  .F.,(2,2),(-15.325,-4.325),.PIECEWISE_BEZIER_KNOTS.);
#1000 = CARTESIAN_POINT('',(11.,-2.41));
#1001 = CARTESIAN_POINT('',(0.,-2.41));
#1002 = ( GEOMETRIC_REPRESENTATION_CONTEXT(2) 
PARAMETRIC_REPRESENTATION_CONTEXT() REPRESENTATION_CONTEXT('2D SPACE',''
  ) );
#1003 = ORIENTED_EDGE('',*,*,#1004,.F.);
#1004 = EDGE_CURVE('',#1005,#979,#1007,.T.);
#1005 = VERTEX_POINT('',#1006);
#1006 = CARTESIAN_POINT('',(-2.4,49.45,18.25));
#1007 = SURFACE_CURVE('',#1008,(#1012,#1018),.PCURVE_S1.);
#1008 = LINE('',#1009,#1010);
#1009 = CARTESIAN_POINT('',(-2.4,43.65,24.05));
#1010 = VECTOR('',#1011,1.);
#1011 = DIRECTION('',(0.,0.707106781187,-0.707106781187));
#1012 = PCURVE('',#50,#1013);
#1013 = DEFINITIONAL_REPRESENTATION('',(#1014),#1017);
#1014 = B_SPLINE_CURVE_WITH_KNOTS('',1,(#1015,#1016),.UNSPECIFIED.,.F.,
  .F.,(2,2),(8.202438661764,9.616652224137),.PIECEWISE_BEZIER_KNOTS.);
#1015 = CARTESIAN_POINT('',(45.85,-20.65));
#1016 = CARTESIAN_POINT('',(46.85,-19.65));
#1017 = ( GEOMETRIC_REPRESENTATION_CONTEXT(2) 
PARAMETRIC_REPRESENTATION_CONTEXT() REPRESENTATION_CONTEXT('2D SPACE',''
  ) );
#1018 = PCURVE('',#1019,#1024);
#1019 = PLANE('',#1020);
#1020 = AXIS2_PLACEMENT_3D('',#1021,#1022,#1023);
#1021 = CARTESIAN_POINT('',(1.E-02,50.45,17.25));
#1022 = DIRECTION('',(0.,0.707106781187,0.707106781187));
#1023 = DIRECTION('',(0.,-0.707106781187,0.707106781187));
#1024 = DEFINITIONAL_REPRESENTATION('',(#1025),#1028);
#1025 = B_SPLINE_CURVE_WITH_KNOTS('',1,(#1026,#1027),.UNSPECIFIED.,.F.,
  .F.,(2,2),(8.202438661764,9.616652224137),.PIECEWISE_BEZIER_KNOTS.);
#1026 = CARTESIAN_POINT('',(1.414213562373,-2.41));
#1027 = CARTESIAN_POINT('',(0.,-2.41));
#1028 = ( GEOMETRIC_REPRESENTATION_CONTEXT(2) 
PARAMETRIC_REPRESENTATION_CONTEXT() REPRESENTATION_CONTEXT('2D SPACE',''
  ) );
#1029 = ORIENTED_EDGE('',*,*,#1030,.F.);
#1030 = EDGE_CURVE('',#1031,#1005,#1033,.T.);
#1031 = VERTEX_POINT('',#1032);
#1032 = CARTESIAN_POINT('',(-2.4,48.45,17.25));
#1033 = SURFACE_CURVE('',#1034,(#1038,#1044),.PCURVE_S1.);
#1034 = LINE('',#1035,#1036);
#1035 = CARTESIAN_POINT('',(-2.4,32.825,1.625));
#1036 = VECTOR('',#1037,1.);
#1037 = DIRECTION('',(0.,0.707106781187,0.707106781187));
#1038 = PCURVE('',#50,#1039);
#1039 = DEFINITIONAL_REPRESENTATION('',(#1040),#1043);
#1040 = B_SPLINE_CURVE_WITH_KNOTS('',1,(#1041,#1042),.UNSPECIFIED.,.F.,
  .F.,(2,2),(22.09708691208,23.511300474453),.PIECEWISE_BEZIER_KNOTS.);
#1041 = CARTESIAN_POINT('',(44.85,-19.65));
#1042 = CARTESIAN_POINT('',(45.85,-20.65));
#1043 = ( GEOMETRIC_REPRESENTATION_CONTEXT(2) 
PARAMETRIC_REPRESENTATION_CONTEXT() REPRESENTATION_CONTEXT('2D SPACE',''
  ) );
#1044 = PCURVE('',#1045,#1050);
#1045 = PLANE('',#1046);
#1046 = AXIS2_PLACEMENT_3D('',#1047,#1048,#1049);
#1047 = CARTESIAN_POINT('',(1.E-02,49.45,18.25));
#1048 = DIRECTION('',(0.,-0.707106781187,0.707106781187));
#1049 = DIRECTION('',(0.,-0.707106781187,-0.707106781187));
#1050 = DEFINITIONAL_REPRESENTATION('',(#1051),#1054);
#1051 = B_SPLINE_CURVE_WITH_KNOTS('',1,(#1052,#1053),.UNSPECIFIED.,.F.,
  .F.,(2,2),(22.09708691208,23.511300474453),.PIECEWISE_BEZIER_KNOTS.);
#1052 = CARTESIAN_POINT('',(1.414213562373,-2.41));
#1053 = CARTESIAN_POINT('',(0.,-2.41));
#1054 = ( GEOMETRIC_REPRESENTATION_CONTEXT(2) 
PARAMETRIC_REPRESENTATION_CONTEXT() REPRESENTATION_CONTEXT('2D SPACE',''
  ) );
#1055 = ORIENTED_EDGE('',*,*,#1056,.F.);
#1056 = EDGE_CURVE('',#953,#1031,#1057,.T.);
#1057 = SURFACE_CURVE('',#1058,(#1062,#1068),.PCURVE_S1.);
#1058 = LINE('',#1059,#1060);
#1059 = CARTESIAN_POINT('',(-2.4,48.45,7.425));
#1060 = VECTOR('',#1061,1.);
#1061 = DIRECTION('',(0.,-0.,1.));
#1062 = PCURVE('',#50,#1063);
#1063 = DEFINITIONAL_REPRESENTATION('',(#1064),#1067);
#1064 = B_SPLINE_CURVE_WITH_KNOTS('',1,(#1065,#1066),.UNSPECIFIED.,.F.,
  .F.,(2,2),(-1.175,9.825),.PIECEWISE_BEZIER_KNOTS.);
#1065 = CARTESIAN_POINT('',(44.85,-8.65));
#1066 = CARTESIAN_POINT('',(44.85,-19.65));
#1067 = ( GEOMETRIC_REPRESENTATION_CONTEXT(2) 
PARAMETRIC_REPRESENTATION_CONTEXT() REPRESENTATION_CONTEXT('2D SPACE',''
  ) );
#1068 = PCURVE('',#1069,#1074);
#1069 = PLANE('',#1070);
#1070 = AXIS2_PLACEMENT_3D('',#1071,#1072,#1073);
#1071 = CARTESIAN_POINT('',(1.E-02,48.45,17.25));
#1072 = DIRECTION('',(-0.,-1.,-0.));
#1073 = DIRECTION('',(0.,0.,-1.));
#1074 = DEFINITIONAL_REPRESENTATION('',(#1075),#1078);
#1075 = B_SPLINE_CURVE_WITH_KNOTS('',1,(#1076,#1077),.UNSPECIFIED.,.F.,
  .F.,(2,2),(-1.175,9.825),.PIECEWISE_BEZIER_KNOTS.);
#1076 = CARTESIAN_POINT('',(11.,-2.41));
#1077 = CARTESIAN_POINT('',(0.,-2.41));
#1078 = ( GEOMETRIC_REPRESENTATION_CONTEXT(2) 
PARAMETRIC_REPRESENTATION_CONTEXT() REPRESENTATION_CONTEXT('2D SPACE',''
  ) );
#1079 = FACE_BOUND('',#1080,.T.);
#1080 = EDGE_LOOP('',(#1081,#1109,#1135,#1161,#1187));
#1081 = ORIENTED_EDGE('',*,*,#1082,.F.);
#1082 = EDGE_CURVE('',#1083,#1085,#1087,.T.);
#1083 = VERTEX_POINT('',#1084);
#1084 = CARTESIAN_POINT('',(-2.4,54.45,6.25));
#1085 = VERTEX_POINT('',#1086);
#1086 = CARTESIAN_POINT('',(-2.4,52.45,6.25));
#1087 = SURFACE_CURVE('',#1088,(#1092,#1098),.PCURVE_S1.);
#1088 = LINE('',#1089,#1090);
#1089 = CARTESIAN_POINT('',(-2.4,28.025,6.25));
#1090 = VECTOR('',#1091,1.);
#1091 = DIRECTION('',(-0.,-1.,-0.));
#1092 = PCURVE('',#50,#1093);
#1093 = DEFINITIONAL_REPRESENTATION('',(#1094),#1097);
#1094 = B_SPLINE_CURVE_WITH_KNOTS('',1,(#1095,#1096),.UNSPECIFIED.,.F.,
  .F.,(2,2),(-26.425,-24.425),.PIECEWISE_BEZIER_KNOTS.);
#1095 = CARTESIAN_POINT('',(50.85,-8.65));
#1096 = CARTESIAN_POINT('',(48.85,-8.65));
#1097 = ( GEOMETRIC_REPRESENTATION_CONTEXT(2) 
PARAMETRIC_REPRESENTATION_CONTEXT() REPRESENTATION_CONTEXT('2D SPACE',''
  ) );
#1098 = PCURVE('',#1099,#1104);
#1099 = PLANE('',#1100);
#1100 = AXIS2_PLACEMENT_3D('',#1101,#1102,#1103);
#1101 = CARTESIAN_POINT('',(1.E-02,52.45,6.25));
#1102 = DIRECTION('',(0.,0.,-1.));
#1103 = DIRECTION('',(0.,1.,0.));
#1104 = DEFINITIONAL_REPRESENTATION('',(#1105),#1108);
#1105 = B_SPLINE_CURVE_WITH_KNOTS('',1,(#1106,#1107),.UNSPECIFIED.,.F.,
  .F.,(2,2),(-26.425,-24.425),.PIECEWISE_BEZIER_KNOTS.);
#1106 = CARTESIAN_POINT('',(2.,-2.41));
#1107 = CARTESIAN_POINT('',(0.,-2.41));
#1108 = ( GEOMETRIC_REPRESENTATION_CONTEXT(2) 
PARAMETRIC_REPRESENTATION_CONTEXT() REPRESENTATION_CONTEXT('2D SPACE',''
  ) );
#1109 = ORIENTED_EDGE('',*,*,#1110,.F.);
#1110 = EDGE_CURVE('',#1111,#1083,#1113,.T.);
#1111 = VERTEX_POINT('',#1112);
#1112 = CARTESIAN_POINT('',(-2.4,54.45,17.25));
#1113 = SURFACE_CURVE('',#1114,(#1118,#1124),.PCURVE_S1.);
#1114 = LINE('',#1115,#1116);
#1115 = CARTESIAN_POINT('',(-2.4,54.45,1.925));
#1116 = VECTOR('',#1117,1.);
#1117 = DIRECTION('',(-0.,0.,-1.));
#1118 = PCURVE('',#50,#1119);
#1119 = DEFINITIONAL_REPRESENTATION('',(#1120),#1123);
#1120 = B_SPLINE_CURVE_WITH_KNOTS('',1,(#1121,#1122),.UNSPECIFIED.,.F.,
  .F.,(2,2),(-15.325,-4.325),.PIECEWISE_BEZIER_KNOTS.);
#1121 = CARTESIAN_POINT('',(50.85,-19.65));
#1122 = CARTESIAN_POINT('',(50.85,-8.65));
#1123 = ( GEOMETRIC_REPRESENTATION_CONTEXT(2) 
PARAMETRIC_REPRESENTATION_CONTEXT() REPRESENTATION_CONTEXT('2D SPACE',''
  ) );
#1124 = PCURVE('',#1125,#1130);
#1125 = PLANE('',#1126);
#1126 = AXIS2_PLACEMENT_3D('',#1127,#1128,#1129);
#1127 = CARTESIAN_POINT('',(1.E-02,54.45,6.25));
#1128 = DIRECTION('',(0.,1.,-0.));
#1129 = DIRECTION('',(0.,0.,1.));
#1130 = DEFINITIONAL_REPRESENTATION('',(#1131),#1134);
#1131 = B_SPLINE_CURVE_WITH_KNOTS('',1,(#1132,#1133),.UNSPECIFIED.,.F.,
  .F.,(2,2),(-15.325,-4.325),.PIECEWISE_BEZIER_KNOTS.);
#1132 = CARTESIAN_POINT('',(11.,-2.41));
#1133 = CARTESIAN_POINT('',(0.,-2.41));
#1134 = ( GEOMETRIC_REPRESENTATION_CONTEXT(2) 
PARAMETRIC_REPRESENTATION_CONTEXT() REPRESENTATION_CONTEXT('2D SPACE',''
  ) );
#1135 = ORIENTED_EDGE('',*,*,#1136,.F.);
#1136 = EDGE_CURVE('',#1137,#1111,#1139,.T.);
#1137 = VERTEX_POINT('',#1138);
#1138 = CARTESIAN_POINT('',(-2.4,53.45,18.25));
#1139 = SURFACE_CURVE('',#1140,(#1144,#1150),.PCURVE_S1.);
#1140 = LINE('',#1141,#1142);
#1141 = CARTESIAN_POINT('',(-2.4,46.65,25.05));
#1142 = VECTOR('',#1143,1.);
#1143 = DIRECTION('',(0.,0.707106781187,-0.707106781187));
#1144 = PCURVE('',#50,#1145);
#1145 = DEFINITIONAL_REPRESENTATION('',(#1146),#1149);
#1146 = B_SPLINE_CURVE_WITH_KNOTS('',1,(#1147,#1148),.UNSPECIFIED.,.F.,
  .F.,(2,2),(9.616652224137,11.03086578651),.PIECEWISE_BEZIER_KNOTS.);
#1147 = CARTESIAN_POINT('',(49.85,-20.65));
#1148 = CARTESIAN_POINT('',(50.85,-19.65));
#1149 = ( GEOMETRIC_REPRESENTATION_CONTEXT(2) 
PARAMETRIC_REPRESENTATION_CONTEXT() REPRESENTATION_CONTEXT('2D SPACE',''
  ) );
#1150 = PCURVE('',#1151,#1156);
#1151 = PLANE('',#1152);
#1152 = AXIS2_PLACEMENT_3D('',#1153,#1154,#1155);
#1153 = CARTESIAN_POINT('',(1.E-02,54.45,17.25));
#1154 = DIRECTION('',(0.,0.707106781187,0.707106781187));
#1155 = DIRECTION('',(0.,-0.707106781187,0.707106781187));
#1156 = DEFINITIONAL_REPRESENTATION('',(#1157),#1160);
#1157 = B_SPLINE_CURVE_WITH_KNOTS('',1,(#1158,#1159),.UNSPECIFIED.,.F.,
  .F.,(2,2),(9.616652224137,11.03086578651),.PIECEWISE_BEZIER_KNOTS.);
#1158 = CARTESIAN_POINT('',(1.414213562373,-2.41));
#1159 = CARTESIAN_POINT('',(0.,-2.41));
#1160 = ( GEOMETRIC_REPRESENTATION_CONTEXT(2) 
PARAMETRIC_REPRESENTATION_CONTEXT() REPRESENTATION_CONTEXT('2D SPACE',''
  ) );
#1161 = ORIENTED_EDGE('',*,*,#1162,.F.);
#1162 = EDGE_CURVE('',#1163,#1137,#1165,.T.);
#1163 = VERTEX_POINT('',#1164);
#1164 = CARTESIAN_POINT('',(-2.4,52.45,17.25));
#1165 = SURFACE_CURVE('',#1166,(#1170,#1176),.PCURVE_S1.);
#1166 = LINE('',#1167,#1168);
#1167 = CARTESIAN_POINT('',(-2.4,35.825,0.625));
#1168 = VECTOR('',#1169,1.);
#1169 = DIRECTION('',(0.,0.707106781187,0.707106781187));
#1170 = PCURVE('',#50,#1171);
#1171 = DEFINITIONAL_REPRESENTATION('',(#1172),#1175);
#1172 = B_SPLINE_CURVE_WITH_KNOTS('',1,(#1173,#1174),.UNSPECIFIED.,.F.,
  .F.,(2,2),(23.511300474453,24.925514036826),.PIECEWISE_BEZIER_KNOTS.);
#1173 = CARTESIAN_POINT('',(48.85,-19.65));
#1174 = CARTESIAN_POINT('',(49.85,-20.65));
#1175 = ( GEOMETRIC_REPRESENTATION_CONTEXT(2) 
PARAMETRIC_REPRESENTATION_CONTEXT() REPRESENTATION_CONTEXT('2D SPACE',''
  ) );
#1176 = PCURVE('',#1177,#1182);
#1177 = PLANE('',#1178);
#1178 = AXIS2_PLACEMENT_3D('',#1179,#1180,#1181);
#1179 = CARTESIAN_POINT('',(1.E-02,53.45,18.25));
#1180 = DIRECTION('',(0.,-0.707106781187,0.707106781187));
#1181 = DIRECTION('',(0.,-0.707106781187,-0.707106781187));
#1182 = DEFINITIONAL_REPRESENTATION('',(#1183),#1186);
#1183 = B_SPLINE_CURVE_WITH_KNOTS('',1,(#1184,#1185),.UNSPECIFIED.,.F.,
  .F.,(2,2),(23.511300474453,24.925514036826),.PIECEWISE_BEZIER_KNOTS.);
#1184 = CARTESIAN_POINT('',(1.414213562373,-2.41));
#1185 = CARTESIAN_POINT('',(0.,-2.41));
#1186 = ( GEOMETRIC_REPRESENTATION_CONTEXT(2) 
PARAMETRIC_REPRESENTATION_CONTEXT() REPRESENTATION_CONTEXT('2D SPACE',''
  ) );
#1187 = ORIENTED_EDGE('',*,*,#1188,.F.);
#1188 = EDGE_CURVE('',#1085,#1163,#1189,.T.);
#1189 = SURFACE_CURVE('',#1190,(#1194,#1200),.PCURVE_S1.);
#1190 = LINE('',#1191,#1192);
#1191 = CARTESIAN_POINT('',(-2.4,52.45,7.425));
#1192 = VECTOR('',#1193,1.);
#1193 = DIRECTION('',(0.,-0.,1.));
#1194 = PCURVE('',#50,#1195);
#1195 = DEFINITIONAL_REPRESENTATION('',(#1196),#1199);
#1196 = B_SPLINE_CURVE_WITH_KNOTS('',1,(#1197,#1198),.UNSPECIFIED.,.F.,
  .F.,(2,2),(-1.175,9.825),.PIECEWISE_BEZIER_KNOTS.);
#1197 = CARTESIAN_POINT('',(48.85,-8.65));
#1198 = CARTESIAN_POINT('',(48.85,-19.65));
#1199 = ( GEOMETRIC_REPRESENTATION_CONTEXT(2) 
PARAMETRIC_REPRESENTATION_CONTEXT() REPRESENTATION_CONTEXT('2D SPACE',''
  ) );
#1200 = PCURVE('',#1201,#1206);
#1201 = PLANE('',#1202);
#1202 = AXIS2_PLACEMENT_3D('',#1203,#1204,#1205);
#1203 = CARTESIAN_POINT('',(1.E-02,52.45,17.25));
#1204 = DIRECTION('',(-0.,-1.,-0.));
#1205 = DIRECTION('',(0.,0.,-1.));
#1206 = DEFINITIONAL_REPRESENTATION('',(#1207),#1210);
#1207 = B_SPLINE_CURVE_WITH_KNOTS('',1,(#1208,#1209),.UNSPECIFIED.,.F.,
  .F.,(2,2),(-1.175,9.825),.PIECEWISE_BEZIER_KNOTS.);
#1208 = CARTESIAN_POINT('',(11.,-2.41));
#1209 = CARTESIAN_POINT('',(0.,-2.41));
#1210 = ( GEOMETRIC_REPRESENTATION_CONTEXT(2) 
PARAMETRIC_REPRESENTATION_CONTEXT() REPRESENTATION_CONTEXT('2D SPACE',''
  ) );
#1211 = FACE_BOUND('',#1212,.T.);
#1212 = EDGE_LOOP('',(#1213,#1241,#1267,#1293,#1319));
#1213 = ORIENTED_EDGE('',*,*,#1214,.F.);
#1214 = EDGE_CURVE('',#1215,#1217,#1219,.T.);
#1215 = VERTEX_POINT('',#1216);
#1216 = CARTESIAN_POINT('',(-2.4,58.45,6.25));
#1217 = VERTEX_POINT('',#1218);
#1218 = CARTESIAN_POINT('',(-2.4,56.45,6.25));
#1219 = SURFACE_CURVE('',#1220,(#1224,#1230),.PCURVE_S1.);
#1220 = LINE('',#1221,#1222);
#1221 = CARTESIAN_POINT('',(-2.4,30.025,6.25));
#1222 = VECTOR('',#1223,1.);
#1223 = DIRECTION('',(-0.,-1.,-0.));
#1224 = PCURVE('',#50,#1225);
#1225 = DEFINITIONAL_REPRESENTATION('',(#1226),#1229);
#1226 = B_SPLINE_CURVE_WITH_KNOTS('',1,(#1227,#1228),.UNSPECIFIED.,.F.,
  .F.,(2,2),(-28.425,-26.425),.PIECEWISE_BEZIER_KNOTS.);
#1227 = CARTESIAN_POINT('',(54.85,-8.65));
#1228 = CARTESIAN_POINT('',(52.85,-8.65));
#1229 = ( GEOMETRIC_REPRESENTATION_CONTEXT(2) 
PARAMETRIC_REPRESENTATION_CONTEXT() REPRESENTATION_CONTEXT('2D SPACE',''
  ) );
#1230 = PCURVE('',#1231,#1236);
#1231 = PLANE('',#1232);
#1232 = AXIS2_PLACEMENT_3D('',#1233,#1234,#1235);
#1233 = CARTESIAN_POINT('',(1.E-02,56.45,6.25));
#1234 = DIRECTION('',(0.,0.,-1.));
#1235 = DIRECTION('',(0.,1.,0.));
#1236 = DEFINITIONAL_REPRESENTATION('',(#1237),#1240);
#1237 = B_SPLINE_CURVE_WITH_KNOTS('',1,(#1238,#1239),.UNSPECIFIED.,.F.,
  .F.,(2,2),(-28.425,-26.425),.PIECEWISE_BEZIER_KNOTS.);
#1238 = CARTESIAN_POINT('',(2.,-2.41));
#1239 = CARTESIAN_POINT('',(0.,-2.41));
#1240 = ( GEOMETRIC_REPRESENTATION_CONTEXT(2) 
PARAMETRIC_REPRESENTATION_CONTEXT() REPRESENTATION_CONTEXT('2D SPACE',''
  ) );
#1241 = ORIENTED_EDGE('',*,*,#1242,.F.);
#1242 = EDGE_CURVE('',#1243,#1215,#1245,.T.);
#1243 = VERTEX_POINT('',#1244);
#1244 = CARTESIAN_POINT('',(-2.4,58.45,17.25));
#1245 = SURFACE_CURVE('',#1246,(#1250,#1256),.PCURVE_S1.);
#1246 = LINE('',#1247,#1248);
#1247 = CARTESIAN_POINT('',(-2.4,58.45,1.925));
#1248 = VECTOR('',#1249,1.);
#1249 = DIRECTION('',(-0.,0.,-1.));
#1250 = PCURVE('',#50,#1251);
#1251 = DEFINITIONAL_REPRESENTATION('',(#1252),#1255);
#1252 = B_SPLINE_CURVE_WITH_KNOTS('',1,(#1253,#1254),.UNSPECIFIED.,.F.,
  .F.,(2,2),(-15.325,-4.325),.PIECEWISE_BEZIER_KNOTS.);
#1253 = CARTESIAN_POINT('',(54.85,-19.65));
#1254 = CARTESIAN_POINT('',(54.85,-8.65));
#1255 = ( GEOMETRIC_REPRESENTATION_CONTEXT(2) 
PARAMETRIC_REPRESENTATION_CONTEXT() REPRESENTATION_CONTEXT('2D SPACE',''
  ) );
#1256 = PCURVE('',#1257,#1262);
#1257 = PLANE('',#1258);
#1258 = AXIS2_PLACEMENT_3D('',#1259,#1260,#1261);
#1259 = CARTESIAN_POINT('',(1.E-02,58.45,6.25));
#1260 = DIRECTION('',(0.,1.,-0.));
#1261 = DIRECTION('',(0.,0.,1.));
#1262 = DEFINITIONAL_REPRESENTATION('',(#1263),#1266);
#1263 = B_SPLINE_CURVE_WITH_KNOTS('',1,(#1264,#1265),.UNSPECIFIED.,.F.,
  .F.,(2,2),(-15.325,-4.325),.PIECEWISE_BEZIER_KNOTS.);
#1264 = CARTESIAN_POINT('',(11.,-2.41));
#1265 = CARTESIAN_POINT('',(0.,-2.41));
#1266 = ( GEOMETRIC_REPRESENTATION_CONTEXT(2) 
PARAMETRIC_REPRESENTATION_CONTEXT() REPRESENTATION_CONTEXT('2D SPACE',''
  ) );
#1267 = ORIENTED_EDGE('',*,*,#1268,.F.);
#1268 = EDGE_CURVE('',#1269,#1243,#1271,.T.);
#1269 = VERTEX_POINT('',#1270);
#1270 = CARTESIAN_POINT('',(-2.4,57.45,18.25));
#1271 = SURFACE_CURVE('',#1272,(#1276,#1282),.PCURVE_S1.);
#1272 = LINE('',#1273,#1274);
#1273 = CARTESIAN_POINT('',(-2.4,49.65,26.05));
#1274 = VECTOR('',#1275,1.);
#1275 = DIRECTION('',(0.,0.707106781187,-0.707106781187));
#1276 = PCURVE('',#50,#1277);
#1277 = DEFINITIONAL_REPRESENTATION('',(#1278),#1281);
#1278 = B_SPLINE_CURVE_WITH_KNOTS('',1,(#1279,#1280),.UNSPECIFIED.,.F.,
  .F.,(2,2),(11.03086578651,12.445079348883),.PIECEWISE_BEZIER_KNOTS.);
#1279 = CARTESIAN_POINT('',(53.85,-20.65));
#1280 = CARTESIAN_POINT('',(54.85,-19.65));
#1281 = ( GEOMETRIC_REPRESENTATION_CONTEXT(2) 
PARAMETRIC_REPRESENTATION_CONTEXT() REPRESENTATION_CONTEXT('2D SPACE',''
  ) );
#1282 = PCURVE('',#1283,#1288);
#1283 = PLANE('',#1284);
#1284 = AXIS2_PLACEMENT_3D('',#1285,#1286,#1287);
#1285 = CARTESIAN_POINT('',(1.E-02,58.45,17.25));
#1286 = DIRECTION('',(0.,0.707106781187,0.707106781187));
#1287 = DIRECTION('',(0.,-0.707106781187,0.707106781187));
#1288 = DEFINITIONAL_REPRESENTATION('',(#1289),#1292);
#1289 = B_SPLINE_CURVE_WITH_KNOTS('',1,(#1290,#1291),.UNSPECIFIED.,.F.,
  .F.,(2,2),(11.03086578651,12.445079348883),.PIECEWISE_BEZIER_KNOTS.);
#1290 = CARTESIAN_POINT('',(1.414213562373,-2.41));
#1291 = CARTESIAN_POINT('',(0.,-2.41));
#1292 = ( GEOMETRIC_REPRESENTATION_CONTEXT(2) 
PARAMETRIC_REPRESENTATION_CONTEXT() REPRESENTATION_CONTEXT('2D SPACE',''
  ) );
#1293 = ORIENTED_EDGE('',*,*,#1294,.F.);
#1294 = EDGE_CURVE('',#1295,#1269,#1297,.T.);
#1295 = VERTEX_POINT('',#1296);
#1296 = CARTESIAN_POINT('',(-2.4,56.45,17.25));
#1297 = SURFACE_CURVE('',#1298,(#1302,#1308),.PCURVE_S1.);
#1298 = LINE('',#1299,#1300);
#1299 = CARTESIAN_POINT('',(-2.4,38.825,-0.375));
#1300 = VECTOR('',#1301,1.);
#1301 = DIRECTION('',(0.,0.707106781187,0.707106781187));
#1302 = PCURVE('',#50,#1303);
#1303 = DEFINITIONAL_REPRESENTATION('',(#1304),#1307);
#1304 = B_SPLINE_CURVE_WITH_KNOTS('',1,(#1305,#1306),.UNSPECIFIED.,.F.,
  .F.,(2,2),(24.925514036826,26.339727599199),.PIECEWISE_BEZIER_KNOTS.);
#1305 = CARTESIAN_POINT('',(52.85,-19.65));
#1306 = CARTESIAN_POINT('',(53.85,-20.65));
#1307 = ( GEOMETRIC_REPRESENTATION_CONTEXT(2) 
PARAMETRIC_REPRESENTATION_CONTEXT() REPRESENTATION_CONTEXT('2D SPACE',''
  ) );
#1308 = PCURVE('',#1309,#1314);
#1309 = PLANE('',#1310);
#1310 = AXIS2_PLACEMENT_3D('',#1311,#1312,#1313);
#1311 = CARTESIAN_POINT('',(1.E-02,57.45,18.25));
#1312 = DIRECTION('',(0.,-0.707106781187,0.707106781187));
#1313 = DIRECTION('',(0.,-0.707106781187,-0.707106781187));
#1314 = DEFINITIONAL_REPRESENTATION('',(#1315),#1318);
#1315 = B_SPLINE_CURVE_WITH_KNOTS('',1,(#1316,#1317),.UNSPECIFIED.,.F.,
  .F.,(2,2),(24.925514036826,26.339727599199),.PIECEWISE_BEZIER_KNOTS.);
#1316 = CARTESIAN_POINT('',(1.414213562373,-2.41));
#1317 = CARTESIAN_POINT('',(0.,-2.41));
#1318 = ( GEOMETRIC_REPRESENTATION_CONTEXT(2) 
PARAMETRIC_REPRESENTATION_CONTEXT() REPRESENTATION_CONTEXT('2D SPACE',''
  ) );
#1319 = ORIENTED_EDGE('',*,*,#1320,.F.);
#1320 = EDGE_CURVE('',#1217,#1295,#1321,.T.);
#1321 = SURFACE_CURVE('',#1322,(#1326,#1332),.PCURVE_S1.);
#1322 = LINE('',#1323,#1324);
#1323 = CARTESIAN_POINT('',(-2.4,56.45,7.425));
#1324 = VECTOR('',#1325,1.);
#1325 = DIRECTION('',(0.,-0.,1.));
#1326 = PCURVE('',#50,#1327);
#1327 = DEFINITIONAL_REPRESENTATION('',(#1328),#1331);
#1328 = B_SPLINE_CURVE_WITH_KNOTS('',1,(#1329,#1330),.UNSPECIFIED.,.F.,
  .F.,(2,2),(-1.175,9.825),.PIECEWISE_BEZIER_KNOTS.);
#1329 = CARTESIAN_POINT('',(52.85,-8.65));
#1330 = CARTESIAN_POINT('',(52.85,-19.65));
#1331 = ( GEOMETRIC_REPRESENTATION_CONTEXT(2) 
PARAMETRIC_REPRESENTATION_CONTEXT() REPRESENTATION_CONTEXT('2D SPACE',''
  ) );
#1332 = PCURVE('',#1333,#1338);
#1333 = PLANE('',#1334);
#1334 = AXIS2_PLACEMENT_3D('',#1335,#1336,#1337);
#1335 = CARTESIAN_POINT('',(1.E-02,56.45,17.25));
#1336 = DIRECTION('',(-0.,-1.,-0.));
#1337 = DIRECTION('',(0.,0.,-1.));
#1338 = DEFINITIONAL_REPRESENTATION('',(#1339),#1342);
#1339 = B_SPLINE_CURVE_WITH_KNOTS('',1,(#1340,#1341),.UNSPECIFIED.,.F.,
  .F.,(2,2),(-1.175,9.825),.PIECEWISE_BEZIER_KNOTS.);
#1340 = CARTESIAN_POINT('',(11.,-2.41));
#1341 = CARTESIAN_POINT('',(0.,-2.41));
#1342 = ( GEOMETRIC_REPRESENTATION_CONTEXT(2) 
PARAMETRIC_REPRESENTATION_CONTEXT() REPRESENTATION_CONTEXT('2D SPACE',''
  ) );
#1343 = FACE_BOUND('',#1344,.T.);
#1344 = EDGE_LOOP('',(#1345,#1373,#1399,#1425,#1451));
#1345 = ORIENTED_EDGE('',*,*,#1346,.F.);
#1346 = EDGE_CURVE('',#1347,#1349,#1351,.T.);
#1347 = VERTEX_POINT('',#1348);
#1348 = CARTESIAN_POINT('',(-2.4,62.45,6.25));
#1349 = VERTEX_POINT('',#1350);
#1350 = CARTESIAN_POINT('',(-2.4,60.45,6.25));
#1351 = SURFACE_CURVE('',#1352,(#1356,#1362),.PCURVE_S1.);
#1352 = LINE('',#1353,#1354);
#1353 = CARTESIAN_POINT('',(-2.4,32.025,6.25));
#1354 = VECTOR('',#1355,1.);
#1355 = DIRECTION('',(-0.,-1.,-0.));
#1356 = PCURVE('',#50,#1357);
#1357 = DEFINITIONAL_REPRESENTATION('',(#1358),#1361);
#1358 = B_SPLINE_CURVE_WITH_KNOTS('',1,(#1359,#1360),.UNSPECIFIED.,.F.,
  .F.,(2,2),(-30.425,-28.425),.PIECEWISE_BEZIER_KNOTS.);
#1359 = CARTESIAN_POINT('',(58.85,-8.65));
#1360 = CARTESIAN_POINT('',(56.85,-8.65));
#1361 = ( GEOMETRIC_REPRESENTATION_CONTEXT(2) 
PARAMETRIC_REPRESENTATION_CONTEXT() REPRESENTATION_CONTEXT('2D SPACE',''
  ) );
#1362 = PCURVE('',#1363,#1368);
#1363 = PLANE('',#1364);
#1364 = AXIS2_PLACEMENT_3D('',#1365,#1366,#1367);
#1365 = CARTESIAN_POINT('',(1.E-02,60.45,6.25));
#1366 = DIRECTION('',(0.,0.,-1.));
#1367 = DIRECTION('',(0.,1.,0.));
#1368 = DEFINITIONAL_REPRESENTATION('',(#1369),#1372);
#1369 = B_SPLINE_CURVE_WITH_KNOTS('',1,(#1370,#1371),.UNSPECIFIED.,.F.,
  .F.,(2,2),(-30.425,-28.425),.PIECEWISE_BEZIER_KNOTS.);
#1370 = CARTESIAN_POINT('',(2.,-2.41));
#1371 = CARTESIAN_POINT('',(0.,-2.41));
#1372 = ( GEOMETRIC_REPRESENTATION_CONTEXT(2) 
PARAMETRIC_REPRESENTATION_CONTEXT() REPRESENTATION_CONTEXT('2D SPACE',''
  ) );
#1373 = ORIENTED_EDGE('',*,*,#1374,.F.);
#1374 = EDGE_CURVE('',#1375,#1347,#1377,.T.);
#1375 = VERTEX_POINT('',#1376);
#1376 = CARTESIAN_POINT('',(-2.4,62.45,17.25));
#1377 = SURFACE_CURVE('',#1378,(#1382,#1388),.PCURVE_S1.);
#1378 = LINE('',#1379,#1380);
#1379 = CARTESIAN_POINT('',(-2.4,62.45,1.925));
#1380 = VECTOR('',#1381,1.);
#1381 = DIRECTION('',(-0.,0.,-1.));
#1382 = PCURVE('',#50,#1383);
#1383 = DEFINITIONAL_REPRESENTATION('',(#1384),#1387);
#1384 = B_SPLINE_CURVE_WITH_KNOTS('',1,(#1385,#1386),.UNSPECIFIED.,.F.,
  .F.,(2,2),(-15.325,-4.325),.PIECEWISE_BEZIER_KNOTS.);
#1385 = CARTESIAN_POINT('',(58.85,-19.65));
#1386 = CARTESIAN_POINT('',(58.85,-8.65));
#1387 = ( GEOMETRIC_REPRESENTATION_CONTEXT(2) 
PARAMETRIC_REPRESENTATION_CONTEXT() REPRESENTATION_CONTEXT('2D SPACE',''
  ) );
#1388 = PCURVE('',#1389,#1394);
#1389 = PLANE('',#1390);
#1390 = AXIS2_PLACEMENT_3D('',#1391,#1392,#1393);
#1391 = CARTESIAN_POINT('',(1.E-02,62.45,6.25));
#1392 = DIRECTION('',(0.,1.,-0.));
#1393 = DIRECTION('',(0.,0.,1.));
#1394 = DEFINITIONAL_REPRESENTATION('',(#1395),#1398);
#1395 = B_SPLINE_CURVE_WITH_KNOTS('',1,(#1396,#1397),.UNSPECIFIED.,.F.,
  .F.,(2,2),(-15.325,-4.325),.PIECEWISE_BEZIER_KNOTS.);
#1396 = CARTESIAN_POINT('',(11.,-2.41));
#1397 = CARTESIAN_POINT('',(0.,-2.41));
#1398 = ( GEOMETRIC_REPRESENTATION_CONTEXT(2) 
PARAMETRIC_REPRESENTATION_CONTEXT() REPRESENTATION_CONTEXT('2D SPACE',''
  ) );
#1399 = ORIENTED_EDGE('',*,*,#1400,.F.);
#1400 = EDGE_CURVE('',#1401,#1375,#1403,.T.);
#1401 = VERTEX_POINT('',#1402);
#1402 = CARTESIAN_POINT('',(-2.4,61.45,18.25));
#1403 = SURFACE_CURVE('',#1404,(#1408,#1414),.PCURVE_S1.);
#1404 = LINE('',#1405,#1406);
#1405 = CARTESIAN_POINT('',(-2.4,52.65,27.05));
#1406 = VECTOR('',#1407,1.);
#1407 = DIRECTION('',(0.,0.707106781187,-0.707106781187));
#1408 = PCURVE('',#50,#1409);
#1409 = DEFINITIONAL_REPRESENTATION('',(#1410),#1413);
#1410 = B_SPLINE_CURVE_WITH_KNOTS('',1,(#1411,#1412),.UNSPECIFIED.,.F.,
  .F.,(2,2),(12.445079348883,13.859292911256),.PIECEWISE_BEZIER_KNOTS.);
#1411 = CARTESIAN_POINT('',(57.85,-20.65));
#1412 = CARTESIAN_POINT('',(58.85,-19.65));
#1413 = ( GEOMETRIC_REPRESENTATION_CONTEXT(2) 
PARAMETRIC_REPRESENTATION_CONTEXT() REPRESENTATION_CONTEXT('2D SPACE',''
  ) );
#1414 = PCURVE('',#1415,#1420);
#1415 = PLANE('',#1416);
#1416 = AXIS2_PLACEMENT_3D('',#1417,#1418,#1419);
#1417 = CARTESIAN_POINT('',(1.E-02,62.45,17.25));
#1418 = DIRECTION('',(0.,0.707106781187,0.707106781187));
#1419 = DIRECTION('',(0.,-0.707106781187,0.707106781187));
#1420 = DEFINITIONAL_REPRESENTATION('',(#1421),#1424);
#1421 = B_SPLINE_CURVE_WITH_KNOTS('',1,(#1422,#1423),.UNSPECIFIED.,.F.,
  .F.,(2,2),(12.445079348883,13.859292911256),.PIECEWISE_BEZIER_KNOTS.);
#1422 = CARTESIAN_POINT('',(1.414213562373,-2.41));
#1423 = CARTESIAN_POINT('',(0.,-2.41));
#1424 = ( GEOMETRIC_REPRESENTATION_CONTEXT(2) 
PARAMETRIC_REPRESENTATION_CONTEXT() REPRESENTATION_CONTEXT('2D SPACE',''
  ) );
#1425 = ORIENTED_EDGE('',*,*,#1426,.F.);
#1426 = EDGE_CURVE('',#1427,#1401,#1429,.T.);
#1427 = VERTEX_POINT('',#1428);
#1428 = CARTESIAN_POINT('',(-2.4,60.45,17.25));
#1429 = SURFACE_CURVE('',#1430,(#1434,#1440),.PCURVE_S1.);
#1430 = LINE('',#1431,#1432);
#1431 = CARTESIAN_POINT('',(-2.4,41.825,-1.375));
#1432 = VECTOR('',#1433,1.);
#1433 = DIRECTION('',(0.,0.707106781187,0.707106781187));
#1434 = PCURVE('',#50,#1435);
#1435 = DEFINITIONAL_REPRESENTATION('',(#1436),#1439);
#1436 = B_SPLINE_CURVE_WITH_KNOTS('',1,(#1437,#1438),.UNSPECIFIED.,.F.,
  .F.,(2,2),(26.339727599199,27.753941161572),.PIECEWISE_BEZIER_KNOTS.);
#1437 = CARTESIAN_POINT('',(56.85,-19.65));
#1438 = CARTESIAN_POINT('',(57.85,-20.65));
#1439 = ( GEOMETRIC_REPRESENTATION_CONTEXT(2) 
PARAMETRIC_REPRESENTATION_CONTEXT() REPRESENTATION_CONTEXT('2D SPACE',''
  ) );
#1440 = PCURVE('',#1441,#1446);
#1441 = PLANE('',#1442);
#1442 = AXIS2_PLACEMENT_3D('',#1443,#1444,#1445);
#1443 = CARTESIAN_POINT('',(1.E-02,61.45,18.25));
#1444 = DIRECTION('',(0.,-0.707106781187,0.707106781187));
#1445 = DIRECTION('',(0.,-0.707106781187,-0.707106781187));
#1446 = DEFINITIONAL_REPRESENTATION('',(#1447),#1450);
#1447 = B_SPLINE_CURVE_WITH_KNOTS('',1,(#1448,#1449),.UNSPECIFIED.,.F.,
  .F.,(2,2),(26.339727599199,27.753941161572),.PIECEWISE_BEZIER_KNOTS.);
#1448 = CARTESIAN_POINT('',(1.414213562373,-2.41));
#1449 = CARTESIAN_POINT('',(0.,-2.41));
#1450 = ( GEOMETRIC_REPRESENTATION_CONTEXT(2) 
PARAMETRIC_REPRESENTATION_CONTEXT() REPRESENTATION_CONTEXT('2D SPACE',''
  ) );
#1451 = ORIENTED_EDGE('',*,*,#1452,.F.);
#1452 = EDGE_CURVE('',#1349,#1427,#1453,.T.);
#1453 = SURFACE_CURVE('',#1454,(#1458,#1464),.PCURVE_S1.);
#1454 = LINE('',#1455,#1456);
#1455 = CARTESIAN_POINT('',(-2.4,60.45,7.425));
#1456 = VECTOR('',#1457,1.);
#1457 = DIRECTION('',(0.,-0.,1.));
#1458 = PCURVE('',#50,#1459);
#1459 = DEFINITIONAL_REPRESENTATION('',(#1460),#1463);
#1460 = B_SPLINE_CURVE_WITH_KNOTS('',1,(#1461,#1462),.UNSPECIFIED.,.F.,
  .F.,(2,2),(-1.175,9.825),.PIECEWISE_BEZIER_KNOTS.);
#1461 = CARTESIAN_POINT('',(56.85,-8.65));
#1462 = CARTESIAN_POINT('',(56.85,-19.65));
#1463 = ( GEOMETRIC_REPRESENTATION_CONTEXT(2) 
PARAMETRIC_REPRESENTATION_CONTEXT() REPRESENTATION_CONTEXT('2D SPACE',''
  ) );
#1464 = PCURVE('',#1465,#1470);
#1465 = PLANE('',#1466);
#1466 = AXIS2_PLACEMENT_3D('',#1467,#1468,#1469);
#1467 = CARTESIAN_POINT('',(1.E-02,60.45,17.25));
#1468 = DIRECTION('',(-0.,-1.,-0.));
#1469 = DIRECTION('',(0.,0.,-1.));
#1470 = DEFINITIONAL_REPRESENTATION('',(#1471),#1474);
#1471 = B_SPLINE_CURVE_WITH_KNOTS('',1,(#1472,#1473),.UNSPECIFIED.,.F.,
  .F.,(2,2),(-1.175,9.825),.PIECEWISE_BEZIER_KNOTS.);
#1472 = CARTESIAN_POINT('',(11.,-2.41));
#1473 = CARTESIAN_POINT('',(0.,-2.41));
#1474 = ( GEOMETRIC_REPRESENTATION_CONTEXT(2) 
PARAMETRIC_REPRESENTATION_CONTEXT() REPRESENTATION_CONTEXT('2D SPACE',''
  ) );
#1475 = ADVANCED_FACE('',(#1476),#62,.T.);
#1476 = FACE_BOUND('',#1477,.F.);
#1477 = EDGE_LOOP('',(#1478,#1479,#1503,#1531));
#1478 = ORIENTED_EDGE('',*,*,#39,.T.);
#1479 = ORIENTED_EDGE('',*,*,#1480,.T.);
#1480 = EDGE_CURVE('',#42,#1481,#1483,.T.);
#1481 = VERTEX_POINT('',#1482);
#1482 = CARTESIAN_POINT('',(3.6,-2.4,24.2));
#1483 = SURFACE_CURVE('',#1484,(#1489,#1496),.PCURVE_S1.);
#1484 = CIRCLE('',#1485,6.);
#1485 = AXIS2_PLACEMENT_3D('',#1486,#1487,#1488);
#1486 = CARTESIAN_POINT('',(3.6,3.6,24.2));
#1487 = DIRECTION('',(0.,0.,1.));
#1488 = DIRECTION('',(1.,0.,0.));
#1489 = PCURVE('',#62,#1490);
#1490 = DEFINITIONAL_REPRESENTATION('',(#1491),#1495);
#1491 = LINE('',#1492,#1493);
#1492 = CARTESIAN_POINT('',(-0.,-26.6));
#1493 = VECTOR('',#1494,1.);
#1494 = DIRECTION('',(-1.,0.));
#1495 = ( GEOMETRIC_REPRESENTATION_CONTEXT(2) 
PARAMETRIC_REPRESENTATION_CONTEXT() REPRESENTATION_CONTEXT('2D SPACE',''
  ) );
#1496 = PCURVE('',#90,#1497);
#1497 = DEFINITIONAL_REPRESENTATION('',(#1498),#1502);
#1498 = CIRCLE('',#1499,6.);
#1499 = AXIS2_PLACEMENT_2D('',#1500,#1501);
#1500 = CARTESIAN_POINT('',(-27.4,-40.85));
#1501 = DIRECTION('',(1.,0.));
#1502 = ( GEOMETRIC_REPRESENTATION_CONTEXT(2) 
PARAMETRIC_REPRESENTATION_CONTEXT() REPRESENTATION_CONTEXT('2D SPACE',''
  ) );
#1503 = ORIENTED_EDGE('',*,*,#1504,.F.);
#1504 = EDGE_CURVE('',#1505,#1481,#1507,.T.);
#1505 = VERTEX_POINT('',#1506);
#1506 = CARTESIAN_POINT('',(3.6,-2.4,-1.6));
#1507 = SURFACE_CURVE('',#1508,(#1512,#1519),.PCURVE_S1.);
#1508 = LINE('',#1509,#1510);
#1509 = CARTESIAN_POINT('',(3.6,-2.4,-2.4));
#1510 = VECTOR('',#1511,1.);
#1511 = DIRECTION('',(0.,0.,1.));
#1512 = PCURVE('',#62,#1513);
#1513 = DEFINITIONAL_REPRESENTATION('',(#1514),#1518);
#1514 = LINE('',#1515,#1516);
#1515 = CARTESIAN_POINT('',(-4.712388980385,0.));
#1516 = VECTOR('',#1517,1.);
#1517 = DIRECTION('',(-0.,-1.));
#1518 = ( GEOMETRIC_REPRESENTATION_CONTEXT(2) 
PARAMETRIC_REPRESENTATION_CONTEXT() REPRESENTATION_CONTEXT('2D SPACE',''
  ) );
#1519 = PCURVE('',#1520,#1525);
#1520 = PLANE('',#1521);
#1521 = AXIS2_PLACEMENT_3D('',#1522,#1523,#1524);
#1522 = CARTESIAN_POINT('',(3.6,-2.4,-2.4));
#1523 = DIRECTION('',(0.,1.,0.));
#1524 = DIRECTION('',(1.,0.,0.));
#1525 = DEFINITIONAL_REPRESENTATION('',(#1526),#1530);
#1526 = LINE('',#1527,#1528);
#1527 = CARTESIAN_POINT('',(0.,0.));
#1528 = VECTOR('',#1529,1.);
#1529 = DIRECTION('',(0.,-1.));
#1530 = ( GEOMETRIC_REPRESENTATION_CONTEXT(2) 
PARAMETRIC_REPRESENTATION_CONTEXT() REPRESENTATION_CONTEXT('2D SPACE',''
  ) );
#1531 = ORIENTED_EDGE('',*,*,#1532,.T.);
#1532 = EDGE_CURVE('',#1505,#40,#1533,.T.);
#1533 = SURFACE_CURVE('',#1534,(#1539,#1546),.PCURVE_S1.);
#1534 = CIRCLE('',#1535,6.);
#1535 = AXIS2_PLACEMENT_3D('',#1536,#1537,#1538);
#1536 = CARTESIAN_POINT('',(3.6,3.6,-1.6));
#1537 = DIRECTION('',(-0.,-0.,-1.));
#1538 = DIRECTION('',(0.,-1.,0.));
#1539 = PCURVE('',#62,#1540);
#1540 = DEFINITIONAL_REPRESENTATION('',(#1541),#1545);
#1541 = LINE('',#1542,#1543);
#1542 = CARTESIAN_POINT('',(-4.712388980385,-0.8));
#1543 = VECTOR('',#1544,1.);
#1544 = DIRECTION('',(1.,-0.));
#1545 = ( GEOMETRIC_REPRESENTATION_CONTEXT(2) 
PARAMETRIC_REPRESENTATION_CONTEXT() REPRESENTATION_CONTEXT('2D SPACE',''
  ) );
#1546 = PCURVE('',#1547,#1552);
#1547 = CONICAL_SURFACE('',#1548,6.,0.785398163397);
#1548 = AXIS2_PLACEMENT_3D('',#1549,#1550,#1551);
#1549 = CARTESIAN_POINT('',(3.6,3.6,-1.6));
#1550 = DIRECTION('',(0.,0.,1.));
#1551 = DIRECTION('',(0.,-1.,0.));
#1552 = DEFINITIONAL_REPRESENTATION('',(#1553),#1557);
#1553 = LINE('',#1554,#1555);
#1554 = CARTESIAN_POINT('',(-0.,-0.));
#1555 = VECTOR('',#1556,1.);
#1556 = DIRECTION('',(-1.,-0.));
#1557 = ( GEOMETRIC_REPRESENTATION_CONTEXT(2) 
PARAMETRIC_REPRESENTATION_CONTEXT() REPRESENTATION_CONTEXT('2D SPACE',''
  ) );
#1558 = ADVANCED_FACE('',(#1559),#144,.F.);
#1559 = FACE_BOUND('',#1560,.T.);
#1560 = EDGE_LOOP('',(#1561,#1582,#1583,#1609));
#1561 = ORIENTED_EDGE('',*,*,#1562,.F.);
#1562 = EDGE_CURVE('',#40,#1563,#1565,.T.);
#1563 = VERTEX_POINT('',#1564);
#1564 = CARTESIAN_POINT('',(-1.6,3.6,-2.4));
#1565 = SURFACE_CURVE('',#1566,(#1570,#1576),.PCURVE_S1.);
#1566 = LINE('',#1567,#1568);
#1567 = CARTESIAN_POINT('',(-2.,3.6,-2.));
#1568 = VECTOR('',#1569,1.);
#1569 = DIRECTION('',(0.707106781187,-1.709598437189E-35,-0.707106781187
    ));
#1570 = PCURVE('',#144,#1571);
#1571 = DEFINITIONAL_REPRESENTATION('',(#1572),#1575);
#1572 = B_SPLINE_CURVE_WITH_KNOTS('',1,(#1573,#1574),.UNSPECIFIED.,.F.,
  .F.,(2,2),(-0.565685424949,0.565685424949),.PIECEWISE_BEZIER_KNOTS.);
#1573 = CARTESIAN_POINT('',(0.,-0.565685424949));
#1574 = CARTESIAN_POINT('',(0.,0.565685424949));
#1575 = ( GEOMETRIC_REPRESENTATION_CONTEXT(2) 
PARAMETRIC_REPRESENTATION_CONTEXT() REPRESENTATION_CONTEXT('2D SPACE',''
  ) );
#1576 = PCURVE('',#1547,#1577);
#1577 = DEFINITIONAL_REPRESENTATION('',(#1578),#1581);
#1578 = B_SPLINE_CURVE_WITH_KNOTS('',1,(#1579,#1580),.UNSPECIFIED.,.F.,
  .F.,(2,2),(-0.565685424949,0.565685424949),.PIECEWISE_BEZIER_KNOTS.);
#1579 = CARTESIAN_POINT('',(-1.570796326795,0.));
#1580 = CARTESIAN_POINT('',(-1.570796326795,-0.8));
#1581 = ( GEOMETRIC_REPRESENTATION_CONTEXT(2) 
PARAMETRIC_REPRESENTATION_CONTEXT() REPRESENTATION_CONTEXT('2D SPACE',''
  ) );
#1582 = ORIENTED_EDGE('',*,*,#130,.T.);
#1583 = ORIENTED_EDGE('',*,*,#1584,.T.);
#1584 = EDGE_CURVE('',#103,#1585,#1587,.T.);
#1585 = VERTEX_POINT('',#1586);
#1586 = CARTESIAN_POINT('',(-1.6,85.3,-2.4));
#1587 = SURFACE_CURVE('',#1588,(#1592,#1598),.PCURVE_S1.);
#1588 = LINE('',#1589,#1590);
#1589 = CARTESIAN_POINT('',(-2.,85.3,-2.));
#1590 = VECTOR('',#1591,1.);
#1591 = DIRECTION('',(0.707106781187,-1.709598437189E-35,-0.707106781187
    ));
#1592 = PCURVE('',#144,#1593);
#1593 = DEFINITIONAL_REPRESENTATION('',(#1594),#1597);
#1594 = B_SPLINE_CURVE_WITH_KNOTS('',1,(#1595,#1596),.UNSPECIFIED.,.F.,
  .F.,(2,2),(-0.565685424949,0.565685424949),.PIECEWISE_BEZIER_KNOTS.);
#1595 = CARTESIAN_POINT('',(-81.7,-0.565685424949));
#1596 = CARTESIAN_POINT('',(-81.7,0.565685424949));
#1597 = ( GEOMETRIC_REPRESENTATION_CONTEXT(2) 
PARAMETRIC_REPRESENTATION_CONTEXT() REPRESENTATION_CONTEXT('2D SPACE',''
  ) );
#1598 = PCURVE('',#1599,#1604);
#1599 = CONICAL_SURFACE('',#1600,6.,0.785398163397);
#1600 = AXIS2_PLACEMENT_3D('',#1601,#1602,#1603);
#1601 = CARTESIAN_POINT('',(3.6,85.3,-1.6));
#1602 = DIRECTION('',(0.,0.,1.));
#1603 = DIRECTION('',(-1.,0.,0.));
#1604 = DEFINITIONAL_REPRESENTATION('',(#1605),#1608);
#1605 = B_SPLINE_CURVE_WITH_KNOTS('',1,(#1606,#1607),.UNSPECIFIED.,.F.,
  .F.,(2,2),(-0.565685424949,0.565685424949),.PIECEWISE_BEZIER_KNOTS.);
#1606 = CARTESIAN_POINT('',(0.,0.));
#1607 = CARTESIAN_POINT('',(0.,-0.8));
#1608 = ( GEOMETRIC_REPRESENTATION_CONTEXT(2) 
PARAMETRIC_REPRESENTATION_CONTEXT() REPRESENTATION_CONTEXT('2D SPACE',''
  ) );
#1609 = ORIENTED_EDGE('',*,*,#1610,.F.);
#1610 = EDGE_CURVE('',#1563,#1585,#1611,.T.);
#1611 = SURFACE_CURVE('',#1612,(#1616,#1623),.PCURVE_S1.);
#1612 = LINE('',#1613,#1614);
#1613 = CARTESIAN_POINT('',(-1.6,3.6,-2.4));
#1614 = VECTOR('',#1615,1.);
#1615 = DIRECTION('',(0.,1.,0.));
#1616 = PCURVE('',#144,#1617);
#1617 = DEFINITIONAL_REPRESENTATION('',(#1618),#1622);
#1618 = LINE('',#1619,#1620);
#1619 = CARTESIAN_POINT('',(-0.,0.565685424949));
#1620 = VECTOR('',#1621,1.);
#1621 = DIRECTION('',(-1.,0.));
#1622 = ( GEOMETRIC_REPRESENTATION_CONTEXT(2) 
PARAMETRIC_REPRESENTATION_CONTEXT() REPRESENTATION_CONTEXT('2D SPACE',''
  ) );
#1623 = PCURVE('',#1624,#1629);
#1624 = PLANE('',#1625);
#1625 = AXIS2_PLACEMENT_3D('',#1626,#1627,#1628);
#1626 = CARTESIAN_POINT('',(31.,44.45,-2.4));
#1627 = DIRECTION('',(0.,0.,1.));
#1628 = DIRECTION('',(1.,0.,-0.));
#1629 = DEFINITIONAL_REPRESENTATION('',(#1630),#1634);
#1630 = LINE('',#1631,#1632);
#1631 = CARTESIAN_POINT('',(-32.6,-40.85));
#1632 = VECTOR('',#1633,1.);
#1633 = DIRECTION('',(0.,1.));
#1634 = ( GEOMETRIC_REPRESENTATION_CONTEXT(2) 
PARAMETRIC_REPRESENTATION_CONTEXT() REPRESENTATION_CONTEXT('2D SPACE',''
  ) );
#1635 = ADVANCED_FACE('',(#1636),#90,.T.);
#1636 = FACE_BOUND('',#1637,.T.);
#1637 = EDGE_LOOP('',(#1638,#1639,#1640,#1663,#1692,#1720,#1746,#1772,
    #1805,#1831,#1864,#1890,#1923,#1949));
#1638 = ORIENTED_EDGE('',*,*,#74,.F.);
#1639 = ORIENTED_EDGE('',*,*,#1480,.T.);
#1640 = ORIENTED_EDGE('',*,*,#1641,.T.);
#1641 = EDGE_CURVE('',#1481,#1642,#1644,.T.);
#1642 = VERTEX_POINT('',#1643);
#1643 = CARTESIAN_POINT('',(58.4,-2.4,24.2));
#1644 = SURFACE_CURVE('',#1645,(#1649,#1656),.PCURVE_S1.);
#1645 = LINE('',#1646,#1647);
#1646 = CARTESIAN_POINT('',(31.,-2.4,24.2));
#1647 = VECTOR('',#1648,1.);
#1648 = DIRECTION('',(1.,0.,0.));
#1649 = PCURVE('',#90,#1650);
#1650 = DEFINITIONAL_REPRESENTATION('',(#1651),#1655);
#1651 = LINE('',#1652,#1653);
#1652 = CARTESIAN_POINT('',(-1.14503959044E-16,-46.85));
#1653 = VECTOR('',#1654,1.);
#1654 = DIRECTION('',(1.,0.));
#1655 = ( GEOMETRIC_REPRESENTATION_CONTEXT(2) 
PARAMETRIC_REPRESENTATION_CONTEXT() REPRESENTATION_CONTEXT('2D SPACE',''
  ) );
#1656 = PCURVE('',#1520,#1657);
#1657 = DEFINITIONAL_REPRESENTATION('',(#1658),#1662);
#1658 = LINE('',#1659,#1660);
#1659 = CARTESIAN_POINT('',(27.4,-26.6));
#1660 = VECTOR('',#1661,1.);
#1661 = DIRECTION('',(1.,0.));
#1662 = ( GEOMETRIC_REPRESENTATION_CONTEXT(2) 
PARAMETRIC_REPRESENTATION_CONTEXT() REPRESENTATION_CONTEXT('2D SPACE',''
  ) );
#1663 = ORIENTED_EDGE('',*,*,#1664,.T.);
#1664 = EDGE_CURVE('',#1642,#1665,#1667,.T.);
#1665 = VERTEX_POINT('',#1666);
#1666 = CARTESIAN_POINT('',(64.4,3.6,24.2));
#1667 = SURFACE_CURVE('',#1668,(#1673,#1680),.PCURVE_S1.);
#1668 = CIRCLE('',#1669,6.);
#1669 = AXIS2_PLACEMENT_3D('',#1670,#1671,#1672);
#1670 = CARTESIAN_POINT('',(58.4,3.6,24.2));
#1671 = DIRECTION('',(0.,0.,1.));
#1672 = DIRECTION('',(1.,0.,0.));
#1673 = PCURVE('',#90,#1674);
#1674 = DEFINITIONAL_REPRESENTATION('',(#1675),#1679);
#1675 = CIRCLE('',#1676,6.);
#1676 = AXIS2_PLACEMENT_2D('',#1677,#1678);
#1677 = CARTESIAN_POINT('',(27.4,-40.85));
#1678 = DIRECTION('',(1.,0.));
#1679 = ( GEOMETRIC_REPRESENTATION_CONTEXT(2) 
PARAMETRIC_REPRESENTATION_CONTEXT() REPRESENTATION_CONTEXT('2D SPACE',''
  ) );
#1680 = PCURVE('',#1681,#1686);
#1681 = CYLINDRICAL_SURFACE('',#1682,6.);
#1682 = AXIS2_PLACEMENT_3D('',#1683,#1684,#1685);
#1683 = CARTESIAN_POINT('',(58.4,3.6,-2.4));
#1684 = DIRECTION('',(-0.,-0.,-1.));
#1685 = DIRECTION('',(1.,0.,0.));
#1686 = DEFINITIONAL_REPRESENTATION('',(#1687),#1691);
#1687 = LINE('',#1688,#1689);
#1688 = CARTESIAN_POINT('',(-0.,-26.6));
#1689 = VECTOR('',#1690,1.);
#1690 = DIRECTION('',(-1.,0.));
#1691 = ( GEOMETRIC_REPRESENTATION_CONTEXT(2) 
PARAMETRIC_REPRESENTATION_CONTEXT() REPRESENTATION_CONTEXT('2D SPACE',''
  ) );
#1692 = ORIENTED_EDGE('',*,*,#1693,.T.);
#1693 = EDGE_CURVE('',#1665,#1694,#1696,.T.);
#1694 = VERTEX_POINT('',#1695);
#1695 = CARTESIAN_POINT('',(64.4,85.29,24.2));
#1696 = SURFACE_CURVE('',#1697,(#1701,#1708),.PCURVE_S1.);
#1697 = LINE('',#1698,#1699);
#1698 = CARTESIAN_POINT('',(64.4,44.45,24.2));
#1699 = VECTOR('',#1700,1.);
#1700 = DIRECTION('',(0.,1.,0.));
#1701 = PCURVE('',#90,#1702);
#1702 = DEFINITIONAL_REPRESENTATION('',(#1703),#1707);
#1703 = LINE('',#1704,#1705);
#1704 = CARTESIAN_POINT('',(33.4,1.854964136513E-15));
#1705 = VECTOR('',#1706,1.);
#1706 = DIRECTION('',(0.,1.));
#1707 = ( GEOMETRIC_REPRESENTATION_CONTEXT(2) 
PARAMETRIC_REPRESENTATION_CONTEXT() REPRESENTATION_CONTEXT('2D SPACE',''
  ) );
#1708 = PCURVE('',#1709,#1714);
#1709 = PLANE('',#1710);
#1710 = AXIS2_PLACEMENT_3D('',#1711,#1712,#1713);
#1711 = CARTESIAN_POINT('',(64.4,3.6,-2.4));
#1712 = DIRECTION('',(-1.,0.,0.));
#1713 = DIRECTION('',(0.,1.,0.));
#1714 = DEFINITIONAL_REPRESENTATION('',(#1715),#1719);
#1715 = LINE('',#1716,#1717);
#1716 = CARTESIAN_POINT('',(40.85,-26.6));
#1717 = VECTOR('',#1718,1.);
#1718 = DIRECTION('',(1.,0.));
#1719 = ( GEOMETRIC_REPRESENTATION_CONTEXT(2) 
PARAMETRIC_REPRESENTATION_CONTEXT() REPRESENTATION_CONTEXT('2D SPACE',''
  ) );
#1720 = ORIENTED_EDGE('',*,*,#1721,.T.);
#1721 = EDGE_CURVE('',#1694,#1722,#1724,.T.);
#1722 = VERTEX_POINT('',#1723);
#1723 = CARTESIAN_POINT('',(62.,85.29,24.2));
#1724 = SURFACE_CURVE('',#1725,(#1729,#1735),.PCURVE_S1.);
#1725 = LINE('',#1726,#1727);
#1726 = CARTESIAN_POINT('',(17.25,85.29,24.2));
#1727 = VECTOR('',#1728,1.);
#1728 = DIRECTION('',(-1.,-0.,0.));
#1729 = PCURVE('',#90,#1730);
#1730 = DEFINITIONAL_REPRESENTATION('',(#1731),#1734);
#1731 = B_SPLINE_CURVE_WITH_KNOTS('',1,(#1732,#1733),.UNSPECIFIED.,.F.,
  .F.,(2,2),(-47.15,13.75),.PIECEWISE_BEZIER_KNOTS.);
#1732 = CARTESIAN_POINT('',(33.4,40.84));
#1733 = CARTESIAN_POINT('',(-27.5,40.84));
#1734 = ( GEOMETRIC_REPRESENTATION_CONTEXT(2) 
PARAMETRIC_REPRESENTATION_CONTEXT() REPRESENTATION_CONTEXT('2D SPACE',''
  ) );
#1735 = PCURVE('',#1736,#1741);
#1736 = PLANE('',#1737);
#1737 = AXIS2_PLACEMENT_3D('',#1738,#1739,#1740);
#1738 = CARTESIAN_POINT('',(3.5,85.29,4.));
#1739 = DIRECTION('',(-0.,1.,0.));
#1740 = DIRECTION('',(0.,0.,1.));
#1741 = DEFINITIONAL_REPRESENTATION('',(#1742),#1745);
#1742 = B_SPLINE_CURVE_WITH_KNOTS('',1,(#1743,#1744),.UNSPECIFIED.,.F.,
  .F.,(2,2),(-47.15,13.75),.PIECEWISE_BEZIER_KNOTS.);
#1743 = CARTESIAN_POINT('',(20.2,60.9));
#1744 = CARTESIAN_POINT('',(20.2,0.));
#1745 = ( GEOMETRIC_REPRESENTATION_CONTEXT(2) 
PARAMETRIC_REPRESENTATION_CONTEXT() REPRESENTATION_CONTEXT('2D SPACE',''
  ) );
#1746 = ORIENTED_EDGE('',*,*,#1747,.T.);
#1747 = EDGE_CURVE('',#1722,#1748,#1750,.T.);
#1748 = VERTEX_POINT('',#1749);
#1749 = CARTESIAN_POINT('',(62.,3.6,24.2));
#1750 = SURFACE_CURVE('',#1751,(#1755,#1761),.PCURVE_S1.);
#1751 = LINE('',#1752,#1753);
#1752 = CARTESIAN_POINT('',(62.,24.025,24.2));
#1753 = VECTOR('',#1754,1.);
#1754 = DIRECTION('',(0.,-1.,0.));
#1755 = PCURVE('',#90,#1756);
#1756 = DEFINITIONAL_REPRESENTATION('',(#1757),#1760);
#1757 = B_SPLINE_CURVE_WITH_KNOTS('',1,(#1758,#1759),.UNSPECIFIED.,.F.,
  .F.,(2,2),(-61.275,20.425),.PIECEWISE_BEZIER_KNOTS.);
#1758 = CARTESIAN_POINT('',(31.,40.85));
#1759 = CARTESIAN_POINT('',(31.,-40.85));
#1760 = ( GEOMETRIC_REPRESENTATION_CONTEXT(2) 
PARAMETRIC_REPRESENTATION_CONTEXT() REPRESENTATION_CONTEXT('2D SPACE',''
  ) );
#1761 = PCURVE('',#1762,#1767);
#1762 = PLANE('',#1763);
#1763 = AXIS2_PLACEMENT_3D('',#1764,#1765,#1766);
#1764 = CARTESIAN_POINT('',(62.,3.6,0.));
#1765 = DIRECTION('',(-1.,0.,0.));
#1766 = DIRECTION('',(0.,1.,0.));
#1767 = DEFINITIONAL_REPRESENTATION('',(#1768),#1771);
#1768 = B_SPLINE_CURVE_WITH_KNOTS('',1,(#1769,#1770),.UNSPECIFIED.,.F.,
  .F.,(2,2),(-61.275,20.425),.PIECEWISE_BEZIER_KNOTS.);
#1769 = CARTESIAN_POINT('',(81.7,-24.2));
#1770 = CARTESIAN_POINT('',(0.,-24.2));
#1771 = ( GEOMETRIC_REPRESENTATION_CONTEXT(2) 
PARAMETRIC_REPRESENTATION_CONTEXT() REPRESENTATION_CONTEXT('2D SPACE',''
  ) );
#1772 = ORIENTED_EDGE('',*,*,#1773,.T.);
#1773 = EDGE_CURVE('',#1748,#1774,#1776,.T.);
#1774 = VERTEX_POINT('',#1775);
#1775 = CARTESIAN_POINT('',(58.4,-7.105427357601E-15,24.2));
#1776 = SURFACE_CURVE('',#1777,(#1782,#1793),.PCURVE_S1.);
#1777 = CIRCLE('',#1778,3.6);
#1778 = AXIS2_PLACEMENT_3D('',#1779,#1780,#1781);
#1779 = CARTESIAN_POINT('',(58.4,3.6,24.2));
#1780 = DIRECTION('',(0.,0.,-1.));
#1781 = DIRECTION('',(-1.,0.,0.));
#1782 = PCURVE('',#90,#1783);
#1783 = DEFINITIONAL_REPRESENTATION('',(#1784),#1792);
#1784 = ( BOUNDED_CURVE() B_SPLINE_CURVE(2,(#1785,#1786,#1787,#1788,
#1789,#1790,#1791),.UNSPECIFIED.,.T.,.F.) B_SPLINE_CURVE_WITH_KNOTS((1,2
    ,2,2,2,1),(-2.094395102393,0.,2.094395102393,4.188790204786,
6.28318530718,8.377580409573),.UNSPECIFIED.) CURVE() 
GEOMETRIC_REPRESENTATION_ITEM() RATIONAL_B_SPLINE_CURVE((1.,0.5,1.,0.5,
1.,0.5,1.)) REPRESENTATION_ITEM('') );
#1785 = CARTESIAN_POINT('',(23.8,-40.85));
#1786 = CARTESIAN_POINT('',(23.8,-34.61461709275));
#1787 = CARTESIAN_POINT('',(29.2,-37.73230854637));
#1788 = CARTESIAN_POINT('',(34.6,-40.85));
#1789 = CARTESIAN_POINT('',(29.2,-43.96769145362));
#1790 = CARTESIAN_POINT('',(23.8,-47.08538290724));
#1791 = CARTESIAN_POINT('',(23.8,-40.85));
#1792 = ( GEOMETRIC_REPRESENTATION_CONTEXT(2) 
PARAMETRIC_REPRESENTATION_CONTEXT() REPRESENTATION_CONTEXT('2D SPACE',''
  ) );
#1793 = PCURVE('',#1794,#1799);
#1794 = CYLINDRICAL_SURFACE('',#1795,3.6);
#1795 = AXIS2_PLACEMENT_3D('',#1796,#1797,#1798);
#1796 = CARTESIAN_POINT('',(58.4,3.6,0.));
#1797 = DIRECTION('',(0.,0.,-1.));
#1798 = DIRECTION('',(-1.,0.,0.));
#1799 = DEFINITIONAL_REPRESENTATION('',(#1800),#1804);
#1800 = LINE('',#1801,#1802);
#1801 = CARTESIAN_POINT('',(0.,-24.2));
#1802 = VECTOR('',#1803,1.);
#1803 = DIRECTION('',(1.,0.));
#1804 = ( GEOMETRIC_REPRESENTATION_CONTEXT(2) 
PARAMETRIC_REPRESENTATION_CONTEXT() REPRESENTATION_CONTEXT('2D SPACE',''
  ) );
#1805 = ORIENTED_EDGE('',*,*,#1806,.T.);
#1806 = EDGE_CURVE('',#1774,#1807,#1809,.T.);
#1807 = VERTEX_POINT('',#1808);
#1808 = CARTESIAN_POINT('',(3.6,-7.105427357601E-15,24.2));
#1809 = SURFACE_CURVE('',#1810,(#1814,#1820),.PCURVE_S1.);
#1810 = LINE('',#1811,#1812);
#1811 = CARTESIAN_POINT('',(17.3,-7.105427357601E-15,24.2));
#1812 = VECTOR('',#1813,1.);
#1813 = DIRECTION('',(-1.,0.,0.));
#1814 = PCURVE('',#90,#1815);
#1815 = DEFINITIONAL_REPRESENTATION('',(#1816),#1819);
#1816 = B_SPLINE_CURVE_WITH_KNOTS('',1,(#1817,#1818),.UNSPECIFIED.,.F.,
  .F.,(2,2),(-41.1,13.7),.PIECEWISE_BEZIER_KNOTS.);
#1817 = CARTESIAN_POINT('',(27.4,-44.45));
#1818 = CARTESIAN_POINT('',(-27.4,-44.45));
#1819 = ( GEOMETRIC_REPRESENTATION_CONTEXT(2) 
PARAMETRIC_REPRESENTATION_CONTEXT() REPRESENTATION_CONTEXT('2D SPACE',''
  ) );
#1820 = PCURVE('',#1821,#1826);
#1821 = PLANE('',#1822);
#1822 = AXIS2_PLACEMENT_3D('',#1823,#1824,#1825);
#1823 = CARTESIAN_POINT('',(3.6,-7.105427357601E-15,0.));
#1824 = DIRECTION('',(0.,1.,0.));
#1825 = DIRECTION('',(1.,0.,0.));
#1826 = DEFINITIONAL_REPRESENTATION('',(#1827),#1830);
#1827 = B_SPLINE_CURVE_WITH_KNOTS('',1,(#1828,#1829),.UNSPECIFIED.,.F.,
  .F.,(2,2),(-41.1,13.7),.PIECEWISE_BEZIER_KNOTS.);
#1828 = CARTESIAN_POINT('',(54.8,-24.2));
#1829 = CARTESIAN_POINT('',(0.,-24.2));
#1830 = ( GEOMETRIC_REPRESENTATION_CONTEXT(2) 
PARAMETRIC_REPRESENTATION_CONTEXT() REPRESENTATION_CONTEXT('2D SPACE',''
  ) );
#1831 = ORIENTED_EDGE('',*,*,#1832,.T.);
#1832 = EDGE_CURVE('',#1807,#1833,#1835,.T.);
#1833 = VERTEX_POINT('',#1834);
#1834 = CARTESIAN_POINT('',(0.,3.6,24.2));
#1835 = SURFACE_CURVE('',#1836,(#1841,#1852),.PCURVE_S1.);
#1836 = CIRCLE('',#1837,3.6);
#1837 = AXIS2_PLACEMENT_3D('',#1838,#1839,#1840);
#1838 = CARTESIAN_POINT('',(3.6,3.6,24.2));
#1839 = DIRECTION('',(0.,0.,-1.));
#1840 = DIRECTION('',(-1.,0.,0.));
#1841 = PCURVE('',#90,#1842);
#1842 = DEFINITIONAL_REPRESENTATION('',(#1843),#1851);
#1843 = ( BOUNDED_CURVE() B_SPLINE_CURVE(2,(#1844,#1845,#1846,#1847,
#1848,#1849,#1850),.UNSPECIFIED.,.T.,.F.) B_SPLINE_CURVE_WITH_KNOTS((1,2
    ,2,2,2,1),(-2.094395102393,0.,2.094395102393,4.188790204786,
6.28318530718,8.377580409573),.UNSPECIFIED.) CURVE() 
GEOMETRIC_REPRESENTATION_ITEM() RATIONAL_B_SPLINE_CURVE((1.,0.5,1.,0.5,
1.,0.5,1.)) REPRESENTATION_ITEM('') );
#1844 = CARTESIAN_POINT('',(-31.,-40.85));
#1845 = CARTESIAN_POINT('',(-31.,-34.61461709275));
#1846 = CARTESIAN_POINT('',(-25.6,-37.73230854637));
#1847 = CARTESIAN_POINT('',(-20.2,-40.85));
#1848 = CARTESIAN_POINT('',(-25.6,-43.96769145362));
#1849 = CARTESIAN_POINT('',(-31.,-47.08538290724));
#1850 = CARTESIAN_POINT('',(-31.,-40.85));
#1851 = ( GEOMETRIC_REPRESENTATION_CONTEXT(2) 
PARAMETRIC_REPRESENTATION_CONTEXT() REPRESENTATION_CONTEXT('2D SPACE',''
  ) );
#1852 = PCURVE('',#1853,#1858);
#1853 = CYLINDRICAL_SURFACE('',#1854,3.6);
#1854 = AXIS2_PLACEMENT_3D('',#1855,#1856,#1857);
#1855 = CARTESIAN_POINT('',(3.6,3.6,0.));
#1856 = DIRECTION('',(0.,0.,-1.));
#1857 = DIRECTION('',(-1.,0.,0.));
#1858 = DEFINITIONAL_REPRESENTATION('',(#1859),#1863);
#1859 = LINE('',#1860,#1861);
#1860 = CARTESIAN_POINT('',(0.,-24.2));
#1861 = VECTOR('',#1862,1.);
#1862 = DIRECTION('',(1.,0.));
#1863 = ( GEOMETRIC_REPRESENTATION_CONTEXT(2) 
PARAMETRIC_REPRESENTATION_CONTEXT() REPRESENTATION_CONTEXT('2D SPACE',''
  ) );
#1864 = ORIENTED_EDGE('',*,*,#1865,.F.);
#1865 = EDGE_CURVE('',#1866,#1833,#1868,.T.);
#1866 = VERTEX_POINT('',#1867);
#1867 = CARTESIAN_POINT('',(0.,85.3,24.2));
#1868 = SURFACE_CURVE('',#1869,(#1873,#1879),.PCURVE_S1.);
#1869 = LINE('',#1870,#1871);
#1870 = CARTESIAN_POINT('',(0.,24.025,24.2));
#1871 = VECTOR('',#1872,1.);
#1872 = DIRECTION('',(0.,-1.,0.));
#1873 = PCURVE('',#90,#1874);
#1874 = DEFINITIONAL_REPRESENTATION('',(#1875),#1878);
#1875 = B_SPLINE_CURVE_WITH_KNOTS('',1,(#1876,#1877),.UNSPECIFIED.,.F.,
  .F.,(2,2),(-61.275,20.425),.PIECEWISE_BEZIER_KNOTS.);
#1876 = CARTESIAN_POINT('',(-31.,40.85));
#1877 = CARTESIAN_POINT('',(-31.,-40.85));
#1878 = ( GEOMETRIC_REPRESENTATION_CONTEXT(2) 
PARAMETRIC_REPRESENTATION_CONTEXT() REPRESENTATION_CONTEXT('2D SPACE',''
  ) );
#1879 = PCURVE('',#1880,#1885);
#1880 = PLANE('',#1881);
#1881 = AXIS2_PLACEMENT_3D('',#1882,#1883,#1884);
#1882 = CARTESIAN_POINT('',(0.,3.6,0.));
#1883 = DIRECTION('',(-1.,0.,0.));
#1884 = DIRECTION('',(0.,1.,0.));
#1885 = DEFINITIONAL_REPRESENTATION('',(#1886),#1889);
#1886 = B_SPLINE_CURVE_WITH_KNOTS('',1,(#1887,#1888),.UNSPECIFIED.,.F.,
  .F.,(2,2),(-61.275,20.425),.PIECEWISE_BEZIER_KNOTS.);
#1887 = CARTESIAN_POINT('',(81.7,-24.2));
#1888 = CARTESIAN_POINT('',(0.,-24.2));
#1889 = ( GEOMETRIC_REPRESENTATION_CONTEXT(2) 
PARAMETRIC_REPRESENTATION_CONTEXT() REPRESENTATION_CONTEXT('2D SPACE',''
  ) );
#1890 = ORIENTED_EDGE('',*,*,#1891,.T.);
#1891 = EDGE_CURVE('',#1866,#1892,#1894,.T.);
#1892 = VERTEX_POINT('',#1893);
#1893 = CARTESIAN_POINT('',(3.5,88.898610843089,24.2));
#1894 = SURFACE_CURVE('',#1895,(#1900,#1911),.PCURVE_S1.);
#1895 = CIRCLE('',#1896,3.6);
#1896 = AXIS2_PLACEMENT_3D('',#1897,#1898,#1899);
#1897 = CARTESIAN_POINT('',(3.6,85.3,24.2));
#1898 = DIRECTION('',(0.,0.,-1.));
#1899 = DIRECTION('',(-1.,0.,0.));
#1900 = PCURVE('',#90,#1901);
#1901 = DEFINITIONAL_REPRESENTATION('',(#1902),#1910);
#1902 = ( BOUNDED_CURVE() B_SPLINE_CURVE(2,(#1903,#1904,#1905,#1906,
#1907,#1908,#1909),.UNSPECIFIED.,.T.,.F.) B_SPLINE_CURVE_WITH_KNOTS((1,2
    ,2,2,2,1),(-2.094395102393,0.,2.094395102393,4.188790204786,
6.28318530718,8.377580409573),.UNSPECIFIED.) CURVE() 
GEOMETRIC_REPRESENTATION_ITEM() RATIONAL_B_SPLINE_CURVE((1.,0.5,1.,0.5,
1.,0.5,1.)) REPRESENTATION_ITEM('') );
#1903 = CARTESIAN_POINT('',(-31.,40.85));
#1904 = CARTESIAN_POINT('',(-31.,47.085382907248));
#1905 = CARTESIAN_POINT('',(-25.6,43.967691453624));
#1906 = CARTESIAN_POINT('',(-20.2,40.85));
#1907 = CARTESIAN_POINT('',(-25.6,37.732308546376));
#1908 = CARTESIAN_POINT('',(-31.,34.614617092752));
#1909 = CARTESIAN_POINT('',(-31.,40.85));
#1910 = ( GEOMETRIC_REPRESENTATION_CONTEXT(2) 
PARAMETRIC_REPRESENTATION_CONTEXT() REPRESENTATION_CONTEXT('2D SPACE',''
  ) );
#1911 = PCURVE('',#1912,#1917);
#1912 = CYLINDRICAL_SURFACE('',#1913,3.6);
#1913 = AXIS2_PLACEMENT_3D('',#1914,#1915,#1916);
#1914 = CARTESIAN_POINT('',(3.6,85.3,0.));
#1915 = DIRECTION('',(0.,0.,-1.));
#1916 = DIRECTION('',(-1.,0.,0.));
#1917 = DEFINITIONAL_REPRESENTATION('',(#1918),#1922);
#1918 = LINE('',#1919,#1920);
#1919 = CARTESIAN_POINT('',(0.,-24.2));
#1920 = VECTOR('',#1921,1.);
#1921 = DIRECTION('',(1.,0.));
#1922 = ( GEOMETRIC_REPRESENTATION_CONTEXT(2) 
PARAMETRIC_REPRESENTATION_CONTEXT() REPRESENTATION_CONTEXT('2D SPACE',''
  ) );
#1923 = ORIENTED_EDGE('',*,*,#1924,.T.);
#1924 = EDGE_CURVE('',#1892,#1925,#1927,.T.);
#1925 = VERTEX_POINT('',#1926);
#1926 = CARTESIAN_POINT('',(3.5,91.299166608788,24.2));
#1927 = SURFACE_CURVE('',#1928,(#1932,#1938),.PCURVE_S1.);
#1928 = LINE('',#1929,#1930);
#1929 = CARTESIAN_POINT('',(3.5,64.87,24.2));
#1930 = VECTOR('',#1931,1.);
#1931 = DIRECTION('',(-0.,1.,0.));
#1932 = PCURVE('',#90,#1933);
#1933 = DEFINITIONAL_REPRESENTATION('',(#1934),#1937);
#1934 = B_SPLINE_CURVE_WITH_KNOTS('',1,(#1935,#1936),.UNSPECIFIED.,.F.,
  .F.,(2,2),(20.42,26.43),.PIECEWISE_BEZIER_KNOTS.);
#1935 = CARTESIAN_POINT('',(-27.5,40.84));
#1936 = CARTESIAN_POINT('',(-27.5,46.85));
#1937 = ( GEOMETRIC_REPRESENTATION_CONTEXT(2) 
PARAMETRIC_REPRESENTATION_CONTEXT() REPRESENTATION_CONTEXT('2D SPACE',''
  ) );
#1938 = PCURVE('',#1939,#1944);
#1939 = PLANE('',#1940);
#1940 = AXIS2_PLACEMENT_3D('',#1941,#1942,#1943);
#1941 = CARTESIAN_POINT('',(3.5,85.29,4.));
#1942 = DIRECTION('',(1.,0.,-0.));
#1943 = DIRECTION('',(0.,0.,1.));
#1944 = DEFINITIONAL_REPRESENTATION('',(#1945),#1948);
#1945 = B_SPLINE_CURVE_WITH_KNOTS('',1,(#1946,#1947),.UNSPECIFIED.,.F.,
  .F.,(2,2),(20.42,26.43),.PIECEWISE_BEZIER_KNOTS.);
#1946 = CARTESIAN_POINT('',(20.2,0.));
#1947 = CARTESIAN_POINT('',(20.2,-6.01));
#1948 = ( GEOMETRIC_REPRESENTATION_CONTEXT(2) 
PARAMETRIC_REPRESENTATION_CONTEXT() REPRESENTATION_CONTEXT('2D SPACE',''
  ) );
#1949 = ORIENTED_EDGE('',*,*,#1950,.T.);
#1950 = EDGE_CURVE('',#1925,#75,#1951,.T.);
#1951 = SURFACE_CURVE('',#1952,(#1957,#1964),.PCURVE_S1.);
#1952 = CIRCLE('',#1953,6.);
#1953 = AXIS2_PLACEMENT_3D('',#1954,#1955,#1956);
#1954 = CARTESIAN_POINT('',(3.6,85.3,24.2));
#1955 = DIRECTION('',(0.,0.,1.));
#1956 = DIRECTION('',(1.,0.,0.));
#1957 = PCURVE('',#90,#1958);
#1958 = DEFINITIONAL_REPRESENTATION('',(#1959),#1963);
#1959 = CIRCLE('',#1960,6.);
#1960 = AXIS2_PLACEMENT_2D('',#1961,#1962);
#1961 = CARTESIAN_POINT('',(-27.4,40.85));
#1962 = DIRECTION('',(1.,0.));
#1963 = ( GEOMETRIC_REPRESENTATION_CONTEXT(2) 
PARAMETRIC_REPRESENTATION_CONTEXT() REPRESENTATION_CONTEXT('2D SPACE',''
  ) );
#1964 = PCURVE('',#118,#1965);
#1965 = DEFINITIONAL_REPRESENTATION('',(#1966),#1970);
#1966 = LINE('',#1967,#1968);
#1967 = CARTESIAN_POINT('',(-0.,-26.6));
#1968 = VECTOR('',#1969,1.);
#1969 = DIRECTION('',(-1.,0.));
#1970 = ( GEOMETRIC_REPRESENTATION_CONTEXT(2) 
PARAMETRIC_REPRESENTATION_CONTEXT() REPRESENTATION_CONTEXT('2D SPACE',''
  ) );
#1971 = ADVANCED_FACE('',(#1972),#118,.T.);
#1972 = FACE_BOUND('',#1973,.F.);
#1973 = EDGE_LOOP('',(#1974,#1998,#2026,#2059,#2078,#2079));
#1974 = ORIENTED_EDGE('',*,*,#1975,.T.);
#1975 = EDGE_CURVE('',#103,#1976,#1978,.T.);
#1976 = VERTEX_POINT('',#1977);
#1977 = CARTESIAN_POINT('',(3.6,91.3,-1.6));
#1978 = SURFACE_CURVE('',#1979,(#1984,#1991),.PCURVE_S1.);
#1979 = CIRCLE('',#1980,6.);
#1980 = AXIS2_PLACEMENT_3D('',#1981,#1982,#1983);
#1981 = CARTESIAN_POINT('',(3.6,85.3,-1.6));
#1982 = DIRECTION('',(-0.,0.,-1.));
#1983 = DIRECTION('',(-1.,0.,0.));
#1984 = PCURVE('',#118,#1985);
#1985 = DEFINITIONAL_REPRESENTATION('',(#1986),#1990);
#1986 = LINE('',#1987,#1988);
#1987 = CARTESIAN_POINT('',(-3.14159265359,-0.8));
#1988 = VECTOR('',#1989,1.);
#1989 = DIRECTION('',(1.,-0.));
#1990 = ( GEOMETRIC_REPRESENTATION_CONTEXT(2) 
PARAMETRIC_REPRESENTATION_CONTEXT() REPRESENTATION_CONTEXT('2D SPACE',''
  ) );
#1991 = PCURVE('',#1599,#1992);
#1992 = DEFINITIONAL_REPRESENTATION('',(#1993),#1997);
#1993 = LINE('',#1994,#1995);
#1994 = CARTESIAN_POINT('',(-0.,-0.));
#1995 = VECTOR('',#1996,1.);
#1996 = DIRECTION('',(-1.,-0.));
#1997 = ( GEOMETRIC_REPRESENTATION_CONTEXT(2) 
PARAMETRIC_REPRESENTATION_CONTEXT() REPRESENTATION_CONTEXT('2D SPACE',''
  ) );
#1998 = ORIENTED_EDGE('',*,*,#1999,.T.);
#1999 = EDGE_CURVE('',#1976,#2000,#2002,.T.);
#2000 = VERTEX_POINT('',#2001);
#2001 = CARTESIAN_POINT('',(3.6,91.3,4.));
#2002 = SURFACE_CURVE('',#2003,(#2007,#2014),.PCURVE_S1.);
#2003 = LINE('',#2004,#2005);
#2004 = CARTESIAN_POINT('',(3.6,91.3,-2.4));
#2005 = VECTOR('',#2006,1.);
#2006 = DIRECTION('',(0.,0.,1.));
#2007 = PCURVE('',#118,#2008);
#2008 = DEFINITIONAL_REPRESENTATION('',(#2009),#2013);
#2009 = LINE('',#2010,#2011);
#2010 = CARTESIAN_POINT('',(-1.570796326795,0.));
#2011 = VECTOR('',#2012,1.);
#2012 = DIRECTION('',(-0.,-1.));
#2013 = ( GEOMETRIC_REPRESENTATION_CONTEXT(2) 
PARAMETRIC_REPRESENTATION_CONTEXT() REPRESENTATION_CONTEXT('2D SPACE',''
  ) );
#2014 = PCURVE('',#2015,#2020);
#2015 = PLANE('',#2016);
#2016 = AXIS2_PLACEMENT_3D('',#2017,#2018,#2019);
#2017 = CARTESIAN_POINT('',(3.6,91.3,-2.4));
#2018 = DIRECTION('',(0.,1.,0.));
#2019 = DIRECTION('',(1.,0.,0.));
#2020 = DEFINITIONAL_REPRESENTATION('',(#2021),#2025);
#2021 = LINE('',#2022,#2023);
#2022 = CARTESIAN_POINT('',(0.,0.));
#2023 = VECTOR('',#2024,1.);
#2024 = DIRECTION('',(0.,-1.));
#2025 = ( GEOMETRIC_REPRESENTATION_CONTEXT(2) 
PARAMETRIC_REPRESENTATION_CONTEXT() REPRESENTATION_CONTEXT('2D SPACE',''
  ) );
#2026 = ORIENTED_EDGE('',*,*,#2027,.F.);
#2027 = EDGE_CURVE('',#2028,#2000,#2030,.T.);
#2028 = VERTEX_POINT('',#2029);
#2029 = CARTESIAN_POINT('',(3.5,91.299166608788,4.));
#2030 = SURFACE_CURVE('',#2031,(#2036,#2043),.PCURVE_S1.);
#2031 = CIRCLE('',#2032,6.);
#2032 = AXIS2_PLACEMENT_3D('',#2033,#2034,#2035);
#2033 = CARTESIAN_POINT('',(3.6,85.3,4.));
#2034 = DIRECTION('',(0.,0.,-1.));
#2035 = DIRECTION('',(1.,0.,0.));
#2036 = PCURVE('',#118,#2037);
#2037 = DEFINITIONAL_REPRESENTATION('',(#2038),#2042);
#2038 = LINE('',#2039,#2040);
#2039 = CARTESIAN_POINT('',(-6.28318530718,-6.4));
#2040 = VECTOR('',#2041,1.);
#2041 = DIRECTION('',(1.,-0.));
#2042 = ( GEOMETRIC_REPRESENTATION_CONTEXT(2) 
PARAMETRIC_REPRESENTATION_CONTEXT() REPRESENTATION_CONTEXT('2D SPACE',''
  ) );
#2043 = PCURVE('',#2044,#2049);
#2044 = PLANE('',#2045);
#2045 = AXIS2_PLACEMENT_3D('',#2046,#2047,#2048);
#2046 = CARTESIAN_POINT('',(3.5,85.29,4.));
#2047 = DIRECTION('',(0.,0.,1.));
#2048 = DIRECTION('',(1.,0.,-0.));
#2049 = DEFINITIONAL_REPRESENTATION('',(#2050),#2058);
#2050 = ( BOUNDED_CURVE() B_SPLINE_CURVE(2,(#2051,#2052,#2053,#2054,
#2055,#2056,#2057),.UNSPECIFIED.,.T.,.F.) B_SPLINE_CURVE_WITH_KNOTS((1,2
    ,2,2,2,1),(-2.094395102393,0.,2.094395102393,4.188790204786,
6.28318530718,8.377580409573),.UNSPECIFIED.) CURVE() 
GEOMETRIC_REPRESENTATION_ITEM() RATIONAL_B_SPLINE_CURVE((1.,0.5,1.,0.5,
1.,0.5,1.)) REPRESENTATION_ITEM('') );
#2051 = CARTESIAN_POINT('',(6.1,1.000000000001E-02));
#2052 = CARTESIAN_POINT('',(6.1,-10.38230484541));
#2053 = CARTESIAN_POINT('',(-2.9,-5.186152422707));
#2054 = CARTESIAN_POINT('',(-11.9,1.E-02));
#2055 = CARTESIAN_POINT('',(-2.9,5.206152422707));
#2056 = CARTESIAN_POINT('',(6.1,10.402304845413));
#2057 = CARTESIAN_POINT('',(6.1,1.000000000001E-02));
#2058 = ( GEOMETRIC_REPRESENTATION_CONTEXT(2) 
PARAMETRIC_REPRESENTATION_CONTEXT() REPRESENTATION_CONTEXT('2D SPACE',''
  ) );
#2059 = ORIENTED_EDGE('',*,*,#2060,.F.);
#2060 = EDGE_CURVE('',#1925,#2028,#2061,.T.);
#2061 = SURFACE_CURVE('',#2062,(#2066,#2072),.PCURVE_S1.);
#2062 = LINE('',#2063,#2064);
#2063 = CARTESIAN_POINT('',(3.5,91.299166608788,-2.4));
#2064 = VECTOR('',#2065,1.);
#2065 = DIRECTION('',(-0.,-0.,-1.));
#2066 = PCURVE('',#118,#2067);
#2067 = DEFINITIONAL_REPRESENTATION('',(#2068),#2071);
#2068 = B_SPLINE_CURVE_WITH_KNOTS('',1,(#2069,#2070),.UNSPECIFIED.,.F.,
  .F.,(2,2),(-26.6000006,-4.25),.PIECEWISE_BEZIER_KNOTS.);
#2069 = CARTESIAN_POINT('',(-1.587463765163,-26.6000006));
#2070 = CARTESIAN_POINT('',(-1.587463765163,-4.25));
#2071 = ( GEOMETRIC_REPRESENTATION_CONTEXT(2) 
PARAMETRIC_REPRESENTATION_CONTEXT() REPRESENTATION_CONTEXT('2D SPACE',''
  ) );
#2072 = PCURVE('',#1939,#2073);
#2073 = DEFINITIONAL_REPRESENTATION('',(#2074),#2077);
#2074 = B_SPLINE_CURVE_WITH_KNOTS('',1,(#2075,#2076),.UNSPECIFIED.,.F.,
  .F.,(2,2),(-26.6000006,-4.25),.PIECEWISE_BEZIER_KNOTS.);
#2075 = CARTESIAN_POINT('',(20.2000006,-6.009166608788));
#2076 = CARTESIAN_POINT('',(-2.15,-6.009166608788));
#2077 = ( GEOMETRIC_REPRESENTATION_CONTEXT(2) 
PARAMETRIC_REPRESENTATION_CONTEXT() REPRESENTATION_CONTEXT('2D SPACE',''
  ) );
#2078 = ORIENTED_EDGE('',*,*,#1950,.T.);
#2079 = ORIENTED_EDGE('',*,*,#102,.F.);
#2080 = ADVANCED_FACE('',(#2081),#175,.F.);
#2081 = FACE_BOUND('',#2082,.F.);
#2082 = EDGE_LOOP('',(#2083,#2106,#2127,#2128));
#2083 = ORIENTED_EDGE('',*,*,#2084,.T.);
#2084 = EDGE_CURVE('',#2085,#2087,#2089,.T.);
#2085 = VERTEX_POINT('',#2086);
#2086 = CARTESIAN_POINT('',(0.,26.45,6.25));
#2087 = VERTEX_POINT('',#2088);
#2088 = CARTESIAN_POINT('',(0.,24.45,6.25));
#2089 = SURFACE_CURVE('',#2090,(#2094,#2100),.PCURVE_S1.);
#2090 = LINE('',#2091,#2092);
#2091 = CARTESIAN_POINT('',(0.,14.025,6.25));
#2092 = VECTOR('',#2093,1.);
#2093 = DIRECTION('',(-0.,-1.,-0.));
#2094 = PCURVE('',#175,#2095);
#2095 = DEFINITIONAL_REPRESENTATION('',(#2096),#2099);
#2096 = B_SPLINE_CURVE_WITH_KNOTS('',1,(#2097,#2098),.UNSPECIFIED.,.F.,
  .F.,(2,2),(-12.425,-10.425),.PIECEWISE_BEZIER_KNOTS.);
#2097 = CARTESIAN_POINT('',(2.,-1.E-02));
#2098 = CARTESIAN_POINT('',(0.,-1.E-02));
#2099 = ( GEOMETRIC_REPRESENTATION_CONTEXT(2) 
PARAMETRIC_REPRESENTATION_CONTEXT() REPRESENTATION_CONTEXT('2D SPACE',''
  ) );
#2100 = PCURVE('',#1880,#2101);
#2101 = DEFINITIONAL_REPRESENTATION('',(#2102),#2105);
#2102 = B_SPLINE_CURVE_WITH_KNOTS('',1,(#2103,#2104),.UNSPECIFIED.,.F.,
  .F.,(2,2),(-12.425,-10.425),.PIECEWISE_BEZIER_KNOTS.);
#2103 = CARTESIAN_POINT('',(22.85,-6.25));
#2104 = CARTESIAN_POINT('',(20.85,-6.25));
#2105 = ( GEOMETRIC_REPRESENTATION_CONTEXT(2) 
PARAMETRIC_REPRESENTATION_CONTEXT() REPRESENTATION_CONTEXT('2D SPACE',''
  ) );
#2106 = ORIENTED_EDGE('',*,*,#2107,.T.);
#2107 = EDGE_CURVE('',#2087,#161,#2108,.T.);
#2108 = SURFACE_CURVE('',#2109,(#2113,#2120),.PCURVE_S1.);
#2109 = LINE('',#2110,#2111);
#2110 = CARTESIAN_POINT('',(1.E-02,24.45,6.25));
#2111 = VECTOR('',#2112,1.);
#2112 = DIRECTION('',(-1.,0.,0.));
#2113 = PCURVE('',#175,#2114);
#2114 = DEFINITIONAL_REPRESENTATION('',(#2115),#2119);
#2115 = LINE('',#2116,#2117);
#2116 = CARTESIAN_POINT('',(0.,0.));
#2117 = VECTOR('',#2118,1.);
#2118 = DIRECTION('',(0.,-1.));
#2119 = ( GEOMETRIC_REPRESENTATION_CONTEXT(2) 
PARAMETRIC_REPRESENTATION_CONTEXT() REPRESENTATION_CONTEXT('2D SPACE',''
  ) );
#2120 = PCURVE('',#277,#2121);
#2121 = DEFINITIONAL_REPRESENTATION('',(#2122),#2126);
#2122 = LINE('',#2123,#2124);
#2123 = CARTESIAN_POINT('',(11.,0.));
#2124 = VECTOR('',#2125,1.);
#2125 = DIRECTION('',(0.,-1.));
#2126 = ( GEOMETRIC_REPRESENTATION_CONTEXT(2) 
PARAMETRIC_REPRESENTATION_CONTEXT() REPRESENTATION_CONTEXT('2D SPACE',''
  ) );
#2127 = ORIENTED_EDGE('',*,*,#158,.F.);
#2128 = ORIENTED_EDGE('',*,*,#2129,.F.);
#2129 = EDGE_CURVE('',#2085,#159,#2130,.T.);
#2130 = SURFACE_CURVE('',#2131,(#2135,#2142),.PCURVE_S1.);
#2131 = LINE('',#2132,#2133);
#2132 = CARTESIAN_POINT('',(1.E-02,26.45,6.25));
#2133 = VECTOR('',#2134,1.);
#2134 = DIRECTION('',(-1.,0.,0.));
#2135 = PCURVE('',#175,#2136);
#2136 = DEFINITIONAL_REPRESENTATION('',(#2137),#2141);
#2137 = LINE('',#2138,#2139);
#2138 = CARTESIAN_POINT('',(2.,0.));
#2139 = VECTOR('',#2140,1.);
#2140 = DIRECTION('',(0.,-1.));
#2141 = ( GEOMETRIC_REPRESENTATION_CONTEXT(2) 
PARAMETRIC_REPRESENTATION_CONTEXT() REPRESENTATION_CONTEXT('2D SPACE',''
  ) );
#2142 = PCURVE('',#201,#2143);
#2143 = DEFINITIONAL_REPRESENTATION('',(#2144),#2148);
#2144 = LINE('',#2145,#2146);
#2145 = CARTESIAN_POINT('',(0.,0.));
#2146 = VECTOR('',#2147,1.);
#2147 = DIRECTION('',(0.,-1.));
#2148 = ( GEOMETRIC_REPRESENTATION_CONTEXT(2) 
PARAMETRIC_REPRESENTATION_CONTEXT() REPRESENTATION_CONTEXT('2D SPACE',''
  ) );
#2149 = ADVANCED_FACE('',(#2150),#277,.F.);
#2150 = FACE_BOUND('',#2151,.F.);
#2151 = EDGE_LOOP('',(#2152,#2173,#2194,#2195));
#2152 = ORIENTED_EDGE('',*,*,#2153,.T.);
#2153 = EDGE_CURVE('',#2087,#2154,#2156,.T.);
#2154 = VERTEX_POINT('',#2155);
#2155 = CARTESIAN_POINT('',(0.,24.45,17.25));
#2156 = SURFACE_CURVE('',#2157,(#2161,#2167),.PCURVE_S1.);
#2157 = LINE('',#2158,#2159);
#2158 = CARTESIAN_POINT('',(0.,24.45,8.625));
#2159 = VECTOR('',#2160,1.);
#2160 = DIRECTION('',(0.,-0.,1.));
#2161 = PCURVE('',#277,#2162);
#2162 = DEFINITIONAL_REPRESENTATION('',(#2163),#2166);
#2163 = B_SPLINE_CURVE_WITH_KNOTS('',1,(#2164,#2165),.UNSPECIFIED.,.F.,
  .F.,(2,2),(-2.375,8.625),.PIECEWISE_BEZIER_KNOTS.);
#2164 = CARTESIAN_POINT('',(11.,-1.E-02));
#2165 = CARTESIAN_POINT('',(0.,-1.E-02));
#2166 = ( GEOMETRIC_REPRESENTATION_CONTEXT(2) 
PARAMETRIC_REPRESENTATION_CONTEXT() REPRESENTATION_CONTEXT('2D SPACE',''
  ) );
#2167 = PCURVE('',#1880,#2168);
#2168 = DEFINITIONAL_REPRESENTATION('',(#2169),#2172);
#2169 = B_SPLINE_CURVE_WITH_KNOTS('',1,(#2170,#2171),.UNSPECIFIED.,.F.,
  .F.,(2,2),(-2.375,8.625),.PIECEWISE_BEZIER_KNOTS.);
#2170 = CARTESIAN_POINT('',(20.85,-6.25));
#2171 = CARTESIAN_POINT('',(20.85,-17.25));
#2172 = ( GEOMETRIC_REPRESENTATION_CONTEXT(2) 
PARAMETRIC_REPRESENTATION_CONTEXT() REPRESENTATION_CONTEXT('2D SPACE',''
  ) );
#2173 = ORIENTED_EDGE('',*,*,#2174,.T.);
#2174 = EDGE_CURVE('',#2154,#239,#2175,.T.);
#2175 = SURFACE_CURVE('',#2176,(#2180,#2187),.PCURVE_S1.);
#2176 = LINE('',#2177,#2178);
#2177 = CARTESIAN_POINT('',(1.E-02,24.45,17.25));
#2178 = VECTOR('',#2179,1.);
#2179 = DIRECTION('',(-1.,0.,0.));
#2180 = PCURVE('',#277,#2181);
#2181 = DEFINITIONAL_REPRESENTATION('',(#2182),#2186);
#2182 = LINE('',#2183,#2184);
#2183 = CARTESIAN_POINT('',(0.,0.));
#2184 = VECTOR('',#2185,1.);
#2185 = DIRECTION('',(0.,-1.));
#2186 = ( GEOMETRIC_REPRESENTATION_CONTEXT(2) 
PARAMETRIC_REPRESENTATION_CONTEXT() REPRESENTATION_CONTEXT('2D SPACE',''
  ) );
#2187 = PCURVE('',#253,#2188);
#2188 = DEFINITIONAL_REPRESENTATION('',(#2189),#2193);
#2189 = LINE('',#2190,#2191);
#2190 = CARTESIAN_POINT('',(1.414213562373,0.));
#2191 = VECTOR('',#2192,1.);
#2192 = DIRECTION('',(-0.,-1.));
#2193 = ( GEOMETRIC_REPRESENTATION_CONTEXT(2) 
PARAMETRIC_REPRESENTATION_CONTEXT() REPRESENTATION_CONTEXT('2D SPACE',''
  ) );
#2194 = ORIENTED_EDGE('',*,*,#264,.F.);
#2195 = ORIENTED_EDGE('',*,*,#2107,.F.);
#2196 = ADVANCED_FACE('',(#2197),#253,.F.);
#2197 = FACE_BOUND('',#2198,.F.);
#2198 = EDGE_LOOP('',(#2199,#2220,#2241,#2242));
#2199 = ORIENTED_EDGE('',*,*,#2200,.T.);
#2200 = EDGE_CURVE('',#2154,#2201,#2203,.T.);
#2201 = VERTEX_POINT('',#2202);
#2202 = CARTESIAN_POINT('',(0.,25.45,18.25));
#2203 = SURFACE_CURVE('',#2204,(#2208,#2214),.PCURVE_S1.);
#2204 = LINE('',#2205,#2206);
#2205 = CARTESIAN_POINT('',(-1.110223024625E-18,15.425,8.225));
#2206 = VECTOR('',#2207,1.);
#2207 = DIRECTION('',(0.,0.707106781187,0.707106781187));
#2208 = PCURVE('',#253,#2209);
#2209 = DEFINITIONAL_REPRESENTATION('',(#2210),#2213);
#2210 = B_SPLINE_CURVE_WITH_KNOTS('',1,(#2211,#2212),.UNSPECIFIED.,.F.,
  .F.,(2,2),(12.763277400417,14.17749096279),.PIECEWISE_BEZIER_KNOTS.);
#2211 = CARTESIAN_POINT('',(1.414213562373,-1.E-02));
#2212 = CARTESIAN_POINT('',(0.,-1.E-02));
#2213 = ( GEOMETRIC_REPRESENTATION_CONTEXT(2) 
PARAMETRIC_REPRESENTATION_CONTEXT() REPRESENTATION_CONTEXT('2D SPACE',''
  ) );
#2214 = PCURVE('',#1880,#2215);
#2215 = DEFINITIONAL_REPRESENTATION('',(#2216),#2219);
#2216 = B_SPLINE_CURVE_WITH_KNOTS('',1,(#2217,#2218),.UNSPECIFIED.,.F.,
  .F.,(2,2),(12.763277400417,14.17749096279),.PIECEWISE_BEZIER_KNOTS.);
#2217 = CARTESIAN_POINT('',(20.85,-17.25));
#2218 = CARTESIAN_POINT('',(21.85,-18.25));
#2219 = ( GEOMETRIC_REPRESENTATION_CONTEXT(2) 
PARAMETRIC_REPRESENTATION_CONTEXT() REPRESENTATION_CONTEXT('2D SPACE',''
  ) );
#2220 = ORIENTED_EDGE('',*,*,#2221,.T.);
#2221 = EDGE_CURVE('',#2201,#213,#2222,.T.);
#2222 = SURFACE_CURVE('',#2223,(#2227,#2234),.PCURVE_S1.);
#2223 = LINE('',#2224,#2225);
#2224 = CARTESIAN_POINT('',(1.E-02,25.45,18.25));
#2225 = VECTOR('',#2226,1.);
#2226 = DIRECTION('',(-1.,0.,0.));
#2227 = PCURVE('',#253,#2228);
#2228 = DEFINITIONAL_REPRESENTATION('',(#2229),#2233);
#2229 = LINE('',#2230,#2231);
#2230 = CARTESIAN_POINT('',(0.,0.));
#2231 = VECTOR('',#2232,1.);
#2232 = DIRECTION('',(-0.,-1.));
#2233 = ( GEOMETRIC_REPRESENTATION_CONTEXT(2) 
PARAMETRIC_REPRESENTATION_CONTEXT() REPRESENTATION_CONTEXT('2D SPACE',''
  ) );
#2234 = PCURVE('',#227,#2235);
#2235 = DEFINITIONAL_REPRESENTATION('',(#2236),#2240);
#2236 = LINE('',#2237,#2238);
#2237 = CARTESIAN_POINT('',(1.414213562373,0.));
#2238 = VECTOR('',#2239,1.);
#2239 = DIRECTION('',(0.,-1.));
#2240 = ( GEOMETRIC_REPRESENTATION_CONTEXT(2) 
PARAMETRIC_REPRESENTATION_CONTEXT() REPRESENTATION_CONTEXT('2D SPACE',''
  ) );
#2241 = ORIENTED_EDGE('',*,*,#238,.F.);
#2242 = ORIENTED_EDGE('',*,*,#2174,.F.);
#2243 = ADVANCED_FACE('',(#2244),#227,.F.);
#2244 = FACE_BOUND('',#2245,.F.);
#2245 = EDGE_LOOP('',(#2246,#2267,#2288,#2289));
#2246 = ORIENTED_EDGE('',*,*,#2247,.T.);
#2247 = EDGE_CURVE('',#2201,#2248,#2250,.T.);
#2248 = VERTEX_POINT('',#2249);
#2249 = CARTESIAN_POINT('',(0.,26.45,17.25));
#2250 = SURFACE_CURVE('',#2251,(#2255,#2261),.PCURVE_S1.);
#2251 = LINE('',#2252,#2253);
#2252 = CARTESIAN_POINT('',(-1.110223024625E-18,25.05,18.65));
#2253 = VECTOR('',#2254,1.);
#2254 = DIRECTION('',(0.,0.707106781187,-0.707106781187));
#2255 = PCURVE('',#227,#2256);
#2256 = DEFINITIONAL_REPRESENTATION('',(#2257),#2260);
#2257 = B_SPLINE_CURVE_WITH_KNOTS('',1,(#2258,#2259),.UNSPECIFIED.,.F.,
  .F.,(2,2),(0.565685424949,1.979898987322),.PIECEWISE_BEZIER_KNOTS.);
#2258 = CARTESIAN_POINT('',(1.414213562373,-1.E-02));
#2259 = CARTESIAN_POINT('',(0.,-1.E-02));
#2260 = ( GEOMETRIC_REPRESENTATION_CONTEXT(2) 
PARAMETRIC_REPRESENTATION_CONTEXT() REPRESENTATION_CONTEXT('2D SPACE',''
  ) );
#2261 = PCURVE('',#1880,#2262);
#2262 = DEFINITIONAL_REPRESENTATION('',(#2263),#2266);
#2263 = B_SPLINE_CURVE_WITH_KNOTS('',1,(#2264,#2265),.UNSPECIFIED.,.F.,
  .F.,(2,2),(0.565685424949,1.979898987322),.PIECEWISE_BEZIER_KNOTS.);
#2264 = CARTESIAN_POINT('',(21.85,-18.25));
#2265 = CARTESIAN_POINT('',(22.85,-17.25));
#2266 = ( GEOMETRIC_REPRESENTATION_CONTEXT(2) 
PARAMETRIC_REPRESENTATION_CONTEXT() REPRESENTATION_CONTEXT('2D SPACE',''
  ) );
#2267 = ORIENTED_EDGE('',*,*,#2268,.T.);
#2268 = EDGE_CURVE('',#2248,#187,#2269,.T.);
#2269 = SURFACE_CURVE('',#2270,(#2274,#2281),.PCURVE_S1.);
#2270 = LINE('',#2271,#2272);
#2271 = CARTESIAN_POINT('',(1.E-02,26.45,17.25));
#2272 = VECTOR('',#2273,1.);
#2273 = DIRECTION('',(-1.,0.,0.));
#2274 = PCURVE('',#227,#2275);
#2275 = DEFINITIONAL_REPRESENTATION('',(#2276),#2280);
#2276 = LINE('',#2277,#2278);
#2277 = CARTESIAN_POINT('',(0.,0.));
#2278 = VECTOR('',#2279,1.);
#2279 = DIRECTION('',(0.,-1.));
#2280 = ( GEOMETRIC_REPRESENTATION_CONTEXT(2) 
PARAMETRIC_REPRESENTATION_CONTEXT() REPRESENTATION_CONTEXT('2D SPACE',''
  ) );
#2281 = PCURVE('',#201,#2282);
#2282 = DEFINITIONAL_REPRESENTATION('',(#2283),#2287);
#2283 = LINE('',#2284,#2285);
#2284 = CARTESIAN_POINT('',(11.,0.));
#2285 = VECTOR('',#2286,1.);
#2286 = DIRECTION('',(0.,-1.));
#2287 = ( GEOMETRIC_REPRESENTATION_CONTEXT(2) 
PARAMETRIC_REPRESENTATION_CONTEXT() REPRESENTATION_CONTEXT('2D SPACE',''
  ) );
#2288 = ORIENTED_EDGE('',*,*,#212,.F.);
#2289 = ORIENTED_EDGE('',*,*,#2221,.F.);
#2290 = ADVANCED_FACE('',(#2291),#201,.F.);
#2291 = FACE_BOUND('',#2292,.F.);
#2292 = EDGE_LOOP('',(#2293,#2312,#2313,#2314));
#2293 = ORIENTED_EDGE('',*,*,#2294,.T.);
#2294 = EDGE_CURVE('',#2248,#2085,#2295,.T.);
#2295 = SURFACE_CURVE('',#2296,(#2300,#2306),.PCURVE_S1.);
#2296 = LINE('',#2297,#2298);
#2297 = CARTESIAN_POINT('',(0.,26.45,3.125));
#2298 = VECTOR('',#2299,1.);
#2299 = DIRECTION('',(-0.,0.,-1.));
#2300 = PCURVE('',#201,#2301);
#2301 = DEFINITIONAL_REPRESENTATION('',(#2302),#2305);
#2302 = B_SPLINE_CURVE_WITH_KNOTS('',1,(#2303,#2304),.UNSPECIFIED.,.F.,
  .F.,(2,2),(-14.125,-3.125),.PIECEWISE_BEZIER_KNOTS.);
#2303 = CARTESIAN_POINT('',(11.,-1.E-02));
#2304 = CARTESIAN_POINT('',(0.,-1.E-02));
#2305 = ( GEOMETRIC_REPRESENTATION_CONTEXT(2) 
PARAMETRIC_REPRESENTATION_CONTEXT() REPRESENTATION_CONTEXT('2D SPACE',''
  ) );
#2306 = PCURVE('',#1880,#2307);
#2307 = DEFINITIONAL_REPRESENTATION('',(#2308),#2311);
#2308 = B_SPLINE_CURVE_WITH_KNOTS('',1,(#2309,#2310),.UNSPECIFIED.,.F.,
  .F.,(2,2),(-14.125,-3.125),.PIECEWISE_BEZIER_KNOTS.);
#2309 = CARTESIAN_POINT('',(22.85,-17.25));
#2310 = CARTESIAN_POINT('',(22.85,-6.25));
#2311 = ( GEOMETRIC_REPRESENTATION_CONTEXT(2) 
PARAMETRIC_REPRESENTATION_CONTEXT() REPRESENTATION_CONTEXT('2D SPACE',''
  ) );
#2312 = ORIENTED_EDGE('',*,*,#2129,.T.);
#2313 = ORIENTED_EDGE('',*,*,#186,.F.);
#2314 = ORIENTED_EDGE('',*,*,#2268,.F.);
#2315 = ADVANCED_FACE('',(#2316),#307,.F.);
#2316 = FACE_BOUND('',#2317,.F.);
#2317 = EDGE_LOOP('',(#2318,#2341,#2362,#2363));
#2318 = ORIENTED_EDGE('',*,*,#2319,.T.);
#2319 = EDGE_CURVE('',#2320,#2322,#2324,.T.);
#2320 = VERTEX_POINT('',#2321);
#2321 = CARTESIAN_POINT('',(0.,30.45,6.25));
#2322 = VERTEX_POINT('',#2323);
#2323 = CARTESIAN_POINT('',(0.,28.45,6.25));
#2324 = SURFACE_CURVE('',#2325,(#2329,#2335),.PCURVE_S1.);
#2325 = LINE('',#2326,#2327);
#2326 = CARTESIAN_POINT('',(0.,16.025,6.25));
#2327 = VECTOR('',#2328,1.);
#2328 = DIRECTION('',(-0.,-1.,-0.));
#2329 = PCURVE('',#307,#2330);
#2330 = DEFINITIONAL_REPRESENTATION('',(#2331),#2334);
#2331 = B_SPLINE_CURVE_WITH_KNOTS('',1,(#2332,#2333),.UNSPECIFIED.,.F.,
  .F.,(2,2),(-14.425,-12.425),.PIECEWISE_BEZIER_KNOTS.);
#2332 = CARTESIAN_POINT('',(2.,-1.E-02));
#2333 = CARTESIAN_POINT('',(0.,-1.E-02));
#2334 = ( GEOMETRIC_REPRESENTATION_CONTEXT(2) 
PARAMETRIC_REPRESENTATION_CONTEXT() REPRESENTATION_CONTEXT('2D SPACE',''
  ) );
#2335 = PCURVE('',#1880,#2336);
#2336 = DEFINITIONAL_REPRESENTATION('',(#2337),#2340);
#2337 = B_SPLINE_CURVE_WITH_KNOTS('',1,(#2338,#2339),.UNSPECIFIED.,.F.,
  .F.,(2,2),(-14.425,-12.425),.PIECEWISE_BEZIER_KNOTS.);
#2338 = CARTESIAN_POINT('',(26.85,-6.25));
#2339 = CARTESIAN_POINT('',(24.85,-6.25));
#2340 = ( GEOMETRIC_REPRESENTATION_CONTEXT(2) 
PARAMETRIC_REPRESENTATION_CONTEXT() REPRESENTATION_CONTEXT('2D SPACE',''
  ) );
#2341 = ORIENTED_EDGE('',*,*,#2342,.T.);
#2342 = EDGE_CURVE('',#2322,#293,#2343,.T.);
#2343 = SURFACE_CURVE('',#2344,(#2348,#2355),.PCURVE_S1.);
#2344 = LINE('',#2345,#2346);
#2345 = CARTESIAN_POINT('',(1.E-02,28.45,6.25));
#2346 = VECTOR('',#2347,1.);
#2347 = DIRECTION('',(-1.,0.,0.));
#2348 = PCURVE('',#307,#2349);
#2349 = DEFINITIONAL_REPRESENTATION('',(#2350),#2354);
#2350 = LINE('',#2351,#2352);
#2351 = CARTESIAN_POINT('',(0.,0.));
#2352 = VECTOR('',#2353,1.);
#2353 = DIRECTION('',(0.,-1.));
#2354 = ( GEOMETRIC_REPRESENTATION_CONTEXT(2) 
PARAMETRIC_REPRESENTATION_CONTEXT() REPRESENTATION_CONTEXT('2D SPACE',''
  ) );
#2355 = PCURVE('',#409,#2356);
#2356 = DEFINITIONAL_REPRESENTATION('',(#2357),#2361);
#2357 = LINE('',#2358,#2359);
#2358 = CARTESIAN_POINT('',(11.,0.));
#2359 = VECTOR('',#2360,1.);
#2360 = DIRECTION('',(0.,-1.));
#2361 = ( GEOMETRIC_REPRESENTATION_CONTEXT(2) 
PARAMETRIC_REPRESENTATION_CONTEXT() REPRESENTATION_CONTEXT('2D SPACE',''
  ) );
#2362 = ORIENTED_EDGE('',*,*,#290,.F.);
#2363 = ORIENTED_EDGE('',*,*,#2364,.F.);
#2364 = EDGE_CURVE('',#2320,#291,#2365,.T.);
#2365 = SURFACE_CURVE('',#2366,(#2370,#2377),.PCURVE_S1.);
#2366 = LINE('',#2367,#2368);
#2367 = CARTESIAN_POINT('',(1.E-02,30.45,6.25));
#2368 = VECTOR('',#2369,1.);
#2369 = DIRECTION('',(-1.,0.,0.));
#2370 = PCURVE('',#307,#2371);
#2371 = DEFINITIONAL_REPRESENTATION('',(#2372),#2376);
#2372 = LINE('',#2373,#2374);
#2373 = CARTESIAN_POINT('',(2.,0.));
#2374 = VECTOR('',#2375,1.);
#2375 = DIRECTION('',(0.,-1.));
#2376 = ( GEOMETRIC_REPRESENTATION_CONTEXT(2) 
PARAMETRIC_REPRESENTATION_CONTEXT() REPRESENTATION_CONTEXT('2D SPACE',''
  ) );
#2377 = PCURVE('',#333,#2378);
#2378 = DEFINITIONAL_REPRESENTATION('',(#2379),#2383);
#2379 = LINE('',#2380,#2381);
#2380 = CARTESIAN_POINT('',(0.,0.));
#2381 = VECTOR('',#2382,1.);
#2382 = DIRECTION('',(0.,-1.));
#2383 = ( GEOMETRIC_REPRESENTATION_CONTEXT(2) 
PARAMETRIC_REPRESENTATION_CONTEXT() REPRESENTATION_CONTEXT('2D SPACE',''
  ) );
#2384 = ADVANCED_FACE('',(#2385),#409,.F.);
#2385 = FACE_BOUND('',#2386,.F.);
#2386 = EDGE_LOOP('',(#2387,#2408,#2429,#2430));
#2387 = ORIENTED_EDGE('',*,*,#2388,.T.);
#2388 = EDGE_CURVE('',#2322,#2389,#2391,.T.);
#2389 = VERTEX_POINT('',#2390);
#2390 = CARTESIAN_POINT('',(0.,28.45,17.25));
#2391 = SURFACE_CURVE('',#2392,(#2396,#2402),.PCURVE_S1.);
#2392 = LINE('',#2393,#2394);
#2393 = CARTESIAN_POINT('',(0.,28.45,8.625));
#2394 = VECTOR('',#2395,1.);
#2395 = DIRECTION('',(0.,-0.,1.));
#2396 = PCURVE('',#409,#2397);
#2397 = DEFINITIONAL_REPRESENTATION('',(#2398),#2401);
#2398 = B_SPLINE_CURVE_WITH_KNOTS('',1,(#2399,#2400),.UNSPECIFIED.,.F.,
  .F.,(2,2),(-2.375,8.625),.PIECEWISE_BEZIER_KNOTS.);
#2399 = CARTESIAN_POINT('',(11.,-1.E-02));
#2400 = CARTESIAN_POINT('',(0.,-1.E-02));
#2401 = ( GEOMETRIC_REPRESENTATION_CONTEXT(2) 
PARAMETRIC_REPRESENTATION_CONTEXT() REPRESENTATION_CONTEXT('2D SPACE',''
  ) );
#2402 = PCURVE('',#1880,#2403);
#2403 = DEFINITIONAL_REPRESENTATION('',(#2404),#2407);
#2404 = B_SPLINE_CURVE_WITH_KNOTS('',1,(#2405,#2406),.UNSPECIFIED.,.F.,
  .F.,(2,2),(-2.375,8.625),.PIECEWISE_BEZIER_KNOTS.);
#2405 = CARTESIAN_POINT('',(24.85,-6.25));
#2406 = CARTESIAN_POINT('',(24.85,-17.25));
#2407 = ( GEOMETRIC_REPRESENTATION_CONTEXT(2) 
PARAMETRIC_REPRESENTATION_CONTEXT() REPRESENTATION_CONTEXT('2D SPACE',''
  ) );
#2408 = ORIENTED_EDGE('',*,*,#2409,.T.);
#2409 = EDGE_CURVE('',#2389,#371,#2410,.T.);
#2410 = SURFACE_CURVE('',#2411,(#2415,#2422),.PCURVE_S1.);
#2411 = LINE('',#2412,#2413);
#2412 = CARTESIAN_POINT('',(1.E-02,28.45,17.25));
#2413 = VECTOR('',#2414,1.);
#2414 = DIRECTION('',(-1.,0.,0.));
#2415 = PCURVE('',#409,#2416);
#2416 = DEFINITIONAL_REPRESENTATION('',(#2417),#2421);
#2417 = LINE('',#2418,#2419);
#2418 = CARTESIAN_POINT('',(0.,0.));
#2419 = VECTOR('',#2420,1.);
#2420 = DIRECTION('',(0.,-1.));
#2421 = ( GEOMETRIC_REPRESENTATION_CONTEXT(2) 
PARAMETRIC_REPRESENTATION_CONTEXT() REPRESENTATION_CONTEXT('2D SPACE',''
  ) );
#2422 = PCURVE('',#385,#2423);
#2423 = DEFINITIONAL_REPRESENTATION('',(#2424),#2428);
#2424 = LINE('',#2425,#2426);
#2425 = CARTESIAN_POINT('',(1.414213562373,0.));
#2426 = VECTOR('',#2427,1.);
#2427 = DIRECTION('',(-0.,-1.));
#2428 = ( GEOMETRIC_REPRESENTATION_CONTEXT(2) 
PARAMETRIC_REPRESENTATION_CONTEXT() REPRESENTATION_CONTEXT('2D SPACE',''
  ) );
#2429 = ORIENTED_EDGE('',*,*,#396,.F.);
#2430 = ORIENTED_EDGE('',*,*,#2342,.F.);
#2431 = ADVANCED_FACE('',(#2432),#385,.F.);
#2432 = FACE_BOUND('',#2433,.F.);
#2433 = EDGE_LOOP('',(#2434,#2455,#2476,#2477));
#2434 = ORIENTED_EDGE('',*,*,#2435,.T.);
#2435 = EDGE_CURVE('',#2389,#2436,#2438,.T.);
#2436 = VERTEX_POINT('',#2437);
#2437 = CARTESIAN_POINT('',(0.,29.45,18.25));
#2438 = SURFACE_CURVE('',#2439,(#2443,#2449),.PCURVE_S1.);
#2439 = LINE('',#2440,#2441);
#2440 = CARTESIAN_POINT('',(-1.110223024625E-18,18.425,7.225));
#2441 = VECTOR('',#2442,1.);
#2442 = DIRECTION('',(0.,0.707106781187,0.707106781187));
#2443 = PCURVE('',#385,#2444);
#2444 = DEFINITIONAL_REPRESENTATION('',(#2445),#2448);
#2445 = B_SPLINE_CURVE_WITH_KNOTS('',1,(#2446,#2447),.UNSPECIFIED.,.F.,
  .F.,(2,2),(14.17749096279,15.591704525163),.PIECEWISE_BEZIER_KNOTS.);
#2446 = CARTESIAN_POINT('',(1.414213562373,-1.E-02));
#2447 = CARTESIAN_POINT('',(0.,-1.E-02));
#2448 = ( GEOMETRIC_REPRESENTATION_CONTEXT(2) 
PARAMETRIC_REPRESENTATION_CONTEXT() REPRESENTATION_CONTEXT('2D SPACE',''
  ) );
#2449 = PCURVE('',#1880,#2450);
#2450 = DEFINITIONAL_REPRESENTATION('',(#2451),#2454);
#2451 = B_SPLINE_CURVE_WITH_KNOTS('',1,(#2452,#2453),.UNSPECIFIED.,.F.,
  .F.,(2,2),(14.17749096279,15.591704525163),.PIECEWISE_BEZIER_KNOTS.);
#2452 = CARTESIAN_POINT('',(24.85,-17.25));
#2453 = CARTESIAN_POINT('',(25.85,-18.25));
#2454 = ( GEOMETRIC_REPRESENTATION_CONTEXT(2) 
PARAMETRIC_REPRESENTATION_CONTEXT() REPRESENTATION_CONTEXT('2D SPACE',''
  ) );
#2455 = ORIENTED_EDGE('',*,*,#2456,.T.);
#2456 = EDGE_CURVE('',#2436,#345,#2457,.T.);
#2457 = SURFACE_CURVE('',#2458,(#2462,#2469),.PCURVE_S1.);
#2458 = LINE('',#2459,#2460);
#2459 = CARTESIAN_POINT('',(1.E-02,29.45,18.25));
#2460 = VECTOR('',#2461,1.);
#2461 = DIRECTION('',(-1.,0.,0.));
#2462 = PCURVE('',#385,#2463);
#2463 = DEFINITIONAL_REPRESENTATION('',(#2464),#2468);
#2464 = LINE('',#2465,#2466);
#2465 = CARTESIAN_POINT('',(0.,0.));
#2466 = VECTOR('',#2467,1.);
#2467 = DIRECTION('',(-0.,-1.));
#2468 = ( GEOMETRIC_REPRESENTATION_CONTEXT(2) 
PARAMETRIC_REPRESENTATION_CONTEXT() REPRESENTATION_CONTEXT('2D SPACE',''
  ) );
#2469 = PCURVE('',#359,#2470);
#2470 = DEFINITIONAL_REPRESENTATION('',(#2471),#2475);
#2471 = LINE('',#2472,#2473);
#2472 = CARTESIAN_POINT('',(1.414213562373,0.));
#2473 = VECTOR('',#2474,1.);
#2474 = DIRECTION('',(0.,-1.));
#2475 = ( GEOMETRIC_REPRESENTATION_CONTEXT(2) 
PARAMETRIC_REPRESENTATION_CONTEXT() REPRESENTATION_CONTEXT('2D SPACE',''
  ) );
#2476 = ORIENTED_EDGE('',*,*,#370,.F.);
#2477 = ORIENTED_EDGE('',*,*,#2409,.F.);
#2478 = ADVANCED_FACE('',(#2479),#359,.F.);
#2479 = FACE_BOUND('',#2480,.F.);
#2480 = EDGE_LOOP('',(#2481,#2502,#2523,#2524));
#2481 = ORIENTED_EDGE('',*,*,#2482,.T.);
#2482 = EDGE_CURVE('',#2436,#2483,#2485,.T.);
#2483 = VERTEX_POINT('',#2484);
#2484 = CARTESIAN_POINT('',(0.,30.45,17.25));
#2485 = SURFACE_CURVE('',#2486,(#2490,#2496),.PCURVE_S1.);
#2486 = LINE('',#2487,#2488);
#2487 = CARTESIAN_POINT('',(-1.110223024625E-18,28.05,19.65));
#2488 = VECTOR('',#2489,1.);
#2489 = DIRECTION('',(0.,0.707106781187,-0.707106781187));
#2490 = PCURVE('',#359,#2491);
#2491 = DEFINITIONAL_REPRESENTATION('',(#2492),#2495);
#2492 = B_SPLINE_CURVE_WITH_KNOTS('',1,(#2493,#2494),.UNSPECIFIED.,.F.,
  .F.,(2,2),(1.979898987322,3.394112549695),.PIECEWISE_BEZIER_KNOTS.);
#2493 = CARTESIAN_POINT('',(1.414213562373,-1.E-02));
#2494 = CARTESIAN_POINT('',(0.,-1.E-02));
#2495 = ( GEOMETRIC_REPRESENTATION_CONTEXT(2) 
PARAMETRIC_REPRESENTATION_CONTEXT() REPRESENTATION_CONTEXT('2D SPACE',''
  ) );
#2496 = PCURVE('',#1880,#2497);
#2497 = DEFINITIONAL_REPRESENTATION('',(#2498),#2501);
#2498 = B_SPLINE_CURVE_WITH_KNOTS('',1,(#2499,#2500),.UNSPECIFIED.,.F.,
  .F.,(2,2),(1.979898987322,3.394112549695),.PIECEWISE_BEZIER_KNOTS.);
#2499 = CARTESIAN_POINT('',(25.85,-18.25));
#2500 = CARTESIAN_POINT('',(26.85,-17.25));
#2501 = ( GEOMETRIC_REPRESENTATION_CONTEXT(2) 
PARAMETRIC_REPRESENTATION_CONTEXT() REPRESENTATION_CONTEXT('2D SPACE',''
  ) );
#2502 = ORIENTED_EDGE('',*,*,#2503,.T.);
#2503 = EDGE_CURVE('',#2483,#319,#2504,.T.);
#2504 = SURFACE_CURVE('',#2505,(#2509,#2516),.PCURVE_S1.);
#2505 = LINE('',#2506,#2507);
#2506 = CARTESIAN_POINT('',(1.E-02,30.45,17.25));
#2507 = VECTOR('',#2508,1.);
#2508 = DIRECTION('',(-1.,0.,0.));
#2509 = PCURVE('',#359,#2510);
#2510 = DEFINITIONAL_REPRESENTATION('',(#2511),#2515);
#2511 = LINE('',#2512,#2513);
#2512 = CARTESIAN_POINT('',(0.,0.));
#2513 = VECTOR('',#2514,1.);
#2514 = DIRECTION('',(0.,-1.));
#2515 = ( GEOMETRIC_REPRESENTATION_CONTEXT(2) 
PARAMETRIC_REPRESENTATION_CONTEXT() REPRESENTATION_CONTEXT('2D SPACE',''
  ) );
#2516 = PCURVE('',#333,#2517);
#2517 = DEFINITIONAL_REPRESENTATION('',(#2518),#2522);
#2518 = LINE('',#2519,#2520);
#2519 = CARTESIAN_POINT('',(11.,0.));
#2520 = VECTOR('',#2521,1.);
#2521 = DIRECTION('',(0.,-1.));
#2522 = ( GEOMETRIC_REPRESENTATION_CONTEXT(2) 
PARAMETRIC_REPRESENTATION_CONTEXT() REPRESENTATION_CONTEXT('2D SPACE',''
  ) );
#2523 = ORIENTED_EDGE('',*,*,#344,.F.);
#2524 = ORIENTED_EDGE('',*,*,#2456,.F.);
#2525 = ADVANCED_FACE('',(#2526),#333,.F.);
#2526 = FACE_BOUND('',#2527,.F.);
#2527 = EDGE_LOOP('',(#2528,#2547,#2548,#2549));
#2528 = ORIENTED_EDGE('',*,*,#2529,.T.);
#2529 = EDGE_CURVE('',#2483,#2320,#2530,.T.);
#2530 = SURFACE_CURVE('',#2531,(#2535,#2541),.PCURVE_S1.);
#2531 = LINE('',#2532,#2533);
#2532 = CARTESIAN_POINT('',(0.,30.45,3.125));
#2533 = VECTOR('',#2534,1.);
#2534 = DIRECTION('',(-0.,0.,-1.));
#2535 = PCURVE('',#333,#2536);
#2536 = DEFINITIONAL_REPRESENTATION('',(#2537),#2540);
#2537 = B_SPLINE_CURVE_WITH_KNOTS('',1,(#2538,#2539),.UNSPECIFIED.,.F.,
  .F.,(2,2),(-14.125,-3.125),.PIECEWISE_BEZIER_KNOTS.);
#2538 = CARTESIAN_POINT('',(11.,-1.E-02));
#2539 = CARTESIAN_POINT('',(0.,-1.E-02));
#2540 = ( GEOMETRIC_REPRESENTATION_CONTEXT(2) 
PARAMETRIC_REPRESENTATION_CONTEXT() REPRESENTATION_CONTEXT('2D SPACE',''
  ) );
#2541 = PCURVE('',#1880,#2542);
#2542 = DEFINITIONAL_REPRESENTATION('',(#2543),#2546);
#2543 = B_SPLINE_CURVE_WITH_KNOTS('',1,(#2544,#2545),.UNSPECIFIED.,.F.,
  .F.,(2,2),(-14.125,-3.125),.PIECEWISE_BEZIER_KNOTS.);
#2544 = CARTESIAN_POINT('',(26.85,-17.25));
#2545 = CARTESIAN_POINT('',(26.85,-6.25));
#2546 = ( GEOMETRIC_REPRESENTATION_CONTEXT(2) 
PARAMETRIC_REPRESENTATION_CONTEXT() REPRESENTATION_CONTEXT('2D SPACE',''
  ) );
#2547 = ORIENTED_EDGE('',*,*,#2364,.T.);
#2548 = ORIENTED_EDGE('',*,*,#318,.F.);
#2549 = ORIENTED_EDGE('',*,*,#2503,.F.);
#2550 = ADVANCED_FACE('',(#2551),#439,.F.);
#2551 = FACE_BOUND('',#2552,.F.);
#2552 = EDGE_LOOP('',(#2553,#2576,#2597,#2598));
#2553 = ORIENTED_EDGE('',*,*,#2554,.T.);
#2554 = EDGE_CURVE('',#2555,#2557,#2559,.T.);
#2555 = VERTEX_POINT('',#2556);
#2556 = CARTESIAN_POINT('',(0.,34.45,6.25));
#2557 = VERTEX_POINT('',#2558);
#2558 = CARTESIAN_POINT('',(0.,32.45,6.25));
#2559 = SURFACE_CURVE('',#2560,(#2564,#2570),.PCURVE_S1.);
#2560 = LINE('',#2561,#2562);
#2561 = CARTESIAN_POINT('',(0.,18.025,6.25));
#2562 = VECTOR('',#2563,1.);
#2563 = DIRECTION('',(-0.,-1.,-0.));
#2564 = PCURVE('',#439,#2565);
#2565 = DEFINITIONAL_REPRESENTATION('',(#2566),#2569);
#2566 = B_SPLINE_CURVE_WITH_KNOTS('',1,(#2567,#2568),.UNSPECIFIED.,.F.,
  .F.,(2,2),(-16.425,-14.425),.PIECEWISE_BEZIER_KNOTS.);
#2567 = CARTESIAN_POINT('',(2.,-1.E-02));
#2568 = CARTESIAN_POINT('',(0.,-1.E-02));
#2569 = ( GEOMETRIC_REPRESENTATION_CONTEXT(2) 
PARAMETRIC_REPRESENTATION_CONTEXT() REPRESENTATION_CONTEXT('2D SPACE',''
  ) );
#2570 = PCURVE('',#1880,#2571);
#2571 = DEFINITIONAL_REPRESENTATION('',(#2572),#2575);
#2572 = B_SPLINE_CURVE_WITH_KNOTS('',1,(#2573,#2574),.UNSPECIFIED.,.F.,
  .F.,(2,2),(-16.425,-14.425),.PIECEWISE_BEZIER_KNOTS.);
#2573 = CARTESIAN_POINT('',(30.85,-6.25));
#2574 = CARTESIAN_POINT('',(28.85,-6.25));
#2575 = ( GEOMETRIC_REPRESENTATION_CONTEXT(2) 
PARAMETRIC_REPRESENTATION_CONTEXT() REPRESENTATION_CONTEXT('2D SPACE',''
  ) );
#2576 = ORIENTED_EDGE('',*,*,#2577,.T.);
#2577 = EDGE_CURVE('',#2557,#425,#2578,.T.);
#2578 = SURFACE_CURVE('',#2579,(#2583,#2590),.PCURVE_S1.);
#2579 = LINE('',#2580,#2581);
#2580 = CARTESIAN_POINT('',(1.E-02,32.45,6.25));
#2581 = VECTOR('',#2582,1.);
#2582 = DIRECTION('',(-1.,0.,0.));
#2583 = PCURVE('',#439,#2584);
#2584 = DEFINITIONAL_REPRESENTATION('',(#2585),#2589);
#2585 = LINE('',#2586,#2587);
#2586 = CARTESIAN_POINT('',(0.,0.));
#2587 = VECTOR('',#2588,1.);
#2588 = DIRECTION('',(0.,-1.));
#2589 = ( GEOMETRIC_REPRESENTATION_CONTEXT(2) 
PARAMETRIC_REPRESENTATION_CONTEXT() REPRESENTATION_CONTEXT('2D SPACE',''
  ) );
#2590 = PCURVE('',#541,#2591);
#2591 = DEFINITIONAL_REPRESENTATION('',(#2592),#2596);
#2592 = LINE('',#2593,#2594);
#2593 = CARTESIAN_POINT('',(11.,0.));
#2594 = VECTOR('',#2595,1.);
#2595 = DIRECTION('',(0.,-1.));
#2596 = ( GEOMETRIC_REPRESENTATION_CONTEXT(2) 
PARAMETRIC_REPRESENTATION_CONTEXT() REPRESENTATION_CONTEXT('2D SPACE',''
  ) );
#2597 = ORIENTED_EDGE('',*,*,#422,.F.);
#2598 = ORIENTED_EDGE('',*,*,#2599,.F.);
#2599 = EDGE_CURVE('',#2555,#423,#2600,.T.);
#2600 = SURFACE_CURVE('',#2601,(#2605,#2612),.PCURVE_S1.);
#2601 = LINE('',#2602,#2603);
#2602 = CARTESIAN_POINT('',(1.E-02,34.45,6.25));
#2603 = VECTOR('',#2604,1.);
#2604 = DIRECTION('',(-1.,0.,0.));
#2605 = PCURVE('',#439,#2606);
#2606 = DEFINITIONAL_REPRESENTATION('',(#2607),#2611);
#2607 = LINE('',#2608,#2609);
#2608 = CARTESIAN_POINT('',(2.,0.));
#2609 = VECTOR('',#2610,1.);
#2610 = DIRECTION('',(0.,-1.));
#2611 = ( GEOMETRIC_REPRESENTATION_CONTEXT(2) 
PARAMETRIC_REPRESENTATION_CONTEXT() REPRESENTATION_CONTEXT('2D SPACE',''
  ) );
#2612 = PCURVE('',#465,#2613);
#2613 = DEFINITIONAL_REPRESENTATION('',(#2614),#2618);
#2614 = LINE('',#2615,#2616);
#2615 = CARTESIAN_POINT('',(0.,0.));
#2616 = VECTOR('',#2617,1.);
#2617 = DIRECTION('',(0.,-1.));
#2618 = ( GEOMETRIC_REPRESENTATION_CONTEXT(2) 
PARAMETRIC_REPRESENTATION_CONTEXT() REPRESENTATION_CONTEXT('2D SPACE',''
  ) );
#2619 = ADVANCED_FACE('',(#2620),#541,.F.);
#2620 = FACE_BOUND('',#2621,.F.);
#2621 = EDGE_LOOP('',(#2622,#2643,#2664,#2665));
#2622 = ORIENTED_EDGE('',*,*,#2623,.T.);
#2623 = EDGE_CURVE('',#2557,#2624,#2626,.T.);
#2624 = VERTEX_POINT('',#2625);
#2625 = CARTESIAN_POINT('',(0.,32.45,17.25));
#2626 = SURFACE_CURVE('',#2627,(#2631,#2637),.PCURVE_S1.);
#2627 = LINE('',#2628,#2629);
#2628 = CARTESIAN_POINT('',(0.,32.45,8.625));
#2629 = VECTOR('',#2630,1.);
#2630 = DIRECTION('',(0.,-0.,1.));
#2631 = PCURVE('',#541,#2632);
#2632 = DEFINITIONAL_REPRESENTATION('',(#2633),#2636);
#2633 = B_SPLINE_CURVE_WITH_KNOTS('',1,(#2634,#2635),.UNSPECIFIED.,.F.,
  .F.,(2,2),(-2.375,8.625),.PIECEWISE_BEZIER_KNOTS.);
#2634 = CARTESIAN_POINT('',(11.,-1.E-02));
#2635 = CARTESIAN_POINT('',(0.,-1.E-02));
#2636 = ( GEOMETRIC_REPRESENTATION_CONTEXT(2) 
PARAMETRIC_REPRESENTATION_CONTEXT() REPRESENTATION_CONTEXT('2D SPACE',''
  ) );
#2637 = PCURVE('',#1880,#2638);
#2638 = DEFINITIONAL_REPRESENTATION('',(#2639),#2642);
#2639 = B_SPLINE_CURVE_WITH_KNOTS('',1,(#2640,#2641),.UNSPECIFIED.,.F.,
  .F.,(2,2),(-2.375,8.625),.PIECEWISE_BEZIER_KNOTS.);
#2640 = CARTESIAN_POINT('',(28.85,-6.25));
#2641 = CARTESIAN_POINT('',(28.85,-17.25));
#2642 = ( GEOMETRIC_REPRESENTATION_CONTEXT(2) 
PARAMETRIC_REPRESENTATION_CONTEXT() REPRESENTATION_CONTEXT('2D SPACE',''
  ) );
#2643 = ORIENTED_EDGE('',*,*,#2644,.T.);
#2644 = EDGE_CURVE('',#2624,#503,#2645,.T.);
#2645 = SURFACE_CURVE('',#2646,(#2650,#2657),.PCURVE_S1.);
#2646 = LINE('',#2647,#2648);
#2647 = CARTESIAN_POINT('',(1.E-02,32.45,17.25));
#2648 = VECTOR('',#2649,1.);
#2649 = DIRECTION('',(-1.,0.,0.));
#2650 = PCURVE('',#541,#2651);
#2651 = DEFINITIONAL_REPRESENTATION('',(#2652),#2656);
#2652 = LINE('',#2653,#2654);
#2653 = CARTESIAN_POINT('',(0.,0.));
#2654 = VECTOR('',#2655,1.);
#2655 = DIRECTION('',(0.,-1.));
#2656 = ( GEOMETRIC_REPRESENTATION_CONTEXT(2) 
PARAMETRIC_REPRESENTATION_CONTEXT() REPRESENTATION_CONTEXT('2D SPACE',''
  ) );
#2657 = PCURVE('',#517,#2658);
#2658 = DEFINITIONAL_REPRESENTATION('',(#2659),#2663);
#2659 = LINE('',#2660,#2661);
#2660 = CARTESIAN_POINT('',(1.414213562373,0.));
#2661 = VECTOR('',#2662,1.);
#2662 = DIRECTION('',(-0.,-1.));
#2663 = ( GEOMETRIC_REPRESENTATION_CONTEXT(2) 
PARAMETRIC_REPRESENTATION_CONTEXT() REPRESENTATION_CONTEXT('2D SPACE',''
  ) );
#2664 = ORIENTED_EDGE('',*,*,#528,.F.);
#2665 = ORIENTED_EDGE('',*,*,#2577,.F.);
#2666 = ADVANCED_FACE('',(#2667),#517,.F.);
#2667 = FACE_BOUND('',#2668,.F.);
#2668 = EDGE_LOOP('',(#2669,#2690,#2711,#2712));
#2669 = ORIENTED_EDGE('',*,*,#2670,.T.);
#2670 = EDGE_CURVE('',#2624,#2671,#2673,.T.);
#2671 = VERTEX_POINT('',#2672);
#2672 = CARTESIAN_POINT('',(0.,33.45,18.25));
#2673 = SURFACE_CURVE('',#2674,(#2678,#2684),.PCURVE_S1.);
#2674 = LINE('',#2675,#2676);
#2675 = CARTESIAN_POINT('',(-1.110223024625E-18,21.425,6.225));
#2676 = VECTOR('',#2677,1.);
#2677 = DIRECTION('',(0.,0.707106781187,0.707106781187));
#2678 = PCURVE('',#517,#2679);
#2679 = DEFINITIONAL_REPRESENTATION('',(#2680),#2683);
#2680 = B_SPLINE_CURVE_WITH_KNOTS('',1,(#2681,#2682),.UNSPECIFIED.,.F.,
  .F.,(2,2),(15.591704525163,17.005918087536),.PIECEWISE_BEZIER_KNOTS.);
#2681 = CARTESIAN_POINT('',(1.414213562373,-1.E-02));
#2682 = CARTESIAN_POINT('',(0.,-1.E-02));
#2683 = ( GEOMETRIC_REPRESENTATION_CONTEXT(2) 
PARAMETRIC_REPRESENTATION_CONTEXT() REPRESENTATION_CONTEXT('2D SPACE',''
  ) );
#2684 = PCURVE('',#1880,#2685);
#2685 = DEFINITIONAL_REPRESENTATION('',(#2686),#2689);
#2686 = B_SPLINE_CURVE_WITH_KNOTS('',1,(#2687,#2688),.UNSPECIFIED.,.F.,
  .F.,(2,2),(15.591704525163,17.005918087536),.PIECEWISE_BEZIER_KNOTS.);
#2687 = CARTESIAN_POINT('',(28.85,-17.25));
#2688 = CARTESIAN_POINT('',(29.85,-18.25));
#2689 = ( GEOMETRIC_REPRESENTATION_CONTEXT(2) 
PARAMETRIC_REPRESENTATION_CONTEXT() REPRESENTATION_CONTEXT('2D SPACE',''
  ) );
#2690 = ORIENTED_EDGE('',*,*,#2691,.T.);
#2691 = EDGE_CURVE('',#2671,#477,#2692,.T.);
#2692 = SURFACE_CURVE('',#2693,(#2697,#2704),.PCURVE_S1.);
#2693 = LINE('',#2694,#2695);
#2694 = CARTESIAN_POINT('',(1.E-02,33.45,18.25));
#2695 = VECTOR('',#2696,1.);
#2696 = DIRECTION('',(-1.,0.,0.));
#2697 = PCURVE('',#517,#2698);
#2698 = DEFINITIONAL_REPRESENTATION('',(#2699),#2703);
#2699 = LINE('',#2700,#2701);
#2700 = CARTESIAN_POINT('',(0.,0.));
#2701 = VECTOR('',#2702,1.);
#2702 = DIRECTION('',(-0.,-1.));
#2703 = ( GEOMETRIC_REPRESENTATION_CONTEXT(2) 
PARAMETRIC_REPRESENTATION_CONTEXT() REPRESENTATION_CONTEXT('2D SPACE',''
  ) );
#2704 = PCURVE('',#491,#2705);
#2705 = DEFINITIONAL_REPRESENTATION('',(#2706),#2710);
#2706 = LINE('',#2707,#2708);
#2707 = CARTESIAN_POINT('',(1.414213562373,0.));
#2708 = VECTOR('',#2709,1.);
#2709 = DIRECTION('',(0.,-1.));
#2710 = ( GEOMETRIC_REPRESENTATION_CONTEXT(2) 
PARAMETRIC_REPRESENTATION_CONTEXT() REPRESENTATION_CONTEXT('2D SPACE',''
  ) );
#2711 = ORIENTED_EDGE('',*,*,#502,.F.);
#2712 = ORIENTED_EDGE('',*,*,#2644,.F.);
#2713 = ADVANCED_FACE('',(#2714),#491,.F.);
#2714 = FACE_BOUND('',#2715,.F.);
#2715 = EDGE_LOOP('',(#2716,#2737,#2758,#2759));
#2716 = ORIENTED_EDGE('',*,*,#2717,.T.);
#2717 = EDGE_CURVE('',#2671,#2718,#2720,.T.);
#2718 = VERTEX_POINT('',#2719);
#2719 = CARTESIAN_POINT('',(0.,34.45,17.25));
#2720 = SURFACE_CURVE('',#2721,(#2725,#2731),.PCURVE_S1.);
#2721 = LINE('',#2722,#2723);
#2722 = CARTESIAN_POINT('',(-1.110223024625E-18,31.05,20.65));
#2723 = VECTOR('',#2724,1.);
#2724 = DIRECTION('',(0.,0.707106781187,-0.707106781187));
#2725 = PCURVE('',#491,#2726);
#2726 = DEFINITIONAL_REPRESENTATION('',(#2727),#2730);
#2727 = B_SPLINE_CURVE_WITH_KNOTS('',1,(#2728,#2729),.UNSPECIFIED.,.F.,
  .F.,(2,2),(3.394112549695,4.808326112069),.PIECEWISE_BEZIER_KNOTS.);
#2728 = CARTESIAN_POINT('',(1.414213562373,-1.E-02));
#2729 = CARTESIAN_POINT('',(0.,-1.E-02));
#2730 = ( GEOMETRIC_REPRESENTATION_CONTEXT(2) 
PARAMETRIC_REPRESENTATION_CONTEXT() REPRESENTATION_CONTEXT('2D SPACE',''
  ) );
#2731 = PCURVE('',#1880,#2732);
#2732 = DEFINITIONAL_REPRESENTATION('',(#2733),#2736);
#2733 = B_SPLINE_CURVE_WITH_KNOTS('',1,(#2734,#2735),.UNSPECIFIED.,.F.,
  .F.,(2,2),(3.394112549695,4.808326112069),.PIECEWISE_BEZIER_KNOTS.);
#2734 = CARTESIAN_POINT('',(29.85,-18.25));
#2735 = CARTESIAN_POINT('',(30.85,-17.25));
#2736 = ( GEOMETRIC_REPRESENTATION_CONTEXT(2) 
PARAMETRIC_REPRESENTATION_CONTEXT() REPRESENTATION_CONTEXT('2D SPACE',''
  ) );
#2737 = ORIENTED_EDGE('',*,*,#2738,.T.);
#2738 = EDGE_CURVE('',#2718,#451,#2739,.T.);
#2739 = SURFACE_CURVE('',#2740,(#2744,#2751),.PCURVE_S1.);
#2740 = LINE('',#2741,#2742);
#2741 = CARTESIAN_POINT('',(1.E-02,34.45,17.25));
#2742 = VECTOR('',#2743,1.);
#2743 = DIRECTION('',(-1.,0.,0.));
#2744 = PCURVE('',#491,#2745);
#2745 = DEFINITIONAL_REPRESENTATION('',(#2746),#2750);
#2746 = LINE('',#2747,#2748);
#2747 = CARTESIAN_POINT('',(0.,0.));
#2748 = VECTOR('',#2749,1.);
#2749 = DIRECTION('',(0.,-1.));
#2750 = ( GEOMETRIC_REPRESENTATION_CONTEXT(2) 
PARAMETRIC_REPRESENTATION_CONTEXT() REPRESENTATION_CONTEXT('2D SPACE',''
  ) );
#2751 = PCURVE('',#465,#2752);
#2752 = DEFINITIONAL_REPRESENTATION('',(#2753),#2757);
#2753 = LINE('',#2754,#2755);
#2754 = CARTESIAN_POINT('',(11.,0.));
#2755 = VECTOR('',#2756,1.);
#2756 = DIRECTION('',(0.,-1.));
#2757 = ( GEOMETRIC_REPRESENTATION_CONTEXT(2) 
PARAMETRIC_REPRESENTATION_CONTEXT() REPRESENTATION_CONTEXT('2D SPACE',''
  ) );
#2758 = ORIENTED_EDGE('',*,*,#476,.F.);
#2759 = ORIENTED_EDGE('',*,*,#2691,.F.);
#2760 = ADVANCED_FACE('',(#2761),#465,.F.);
#2761 = FACE_BOUND('',#2762,.F.);
#2762 = EDGE_LOOP('',(#2763,#2782,#2783,#2784));
#2763 = ORIENTED_EDGE('',*,*,#2764,.T.);
#2764 = EDGE_CURVE('',#2718,#2555,#2765,.T.);
#2765 = SURFACE_CURVE('',#2766,(#2770,#2776),.PCURVE_S1.);
#2766 = LINE('',#2767,#2768);
#2767 = CARTESIAN_POINT('',(0.,34.45,3.125));
#2768 = VECTOR('',#2769,1.);
#2769 = DIRECTION('',(-0.,0.,-1.));
#2770 = PCURVE('',#465,#2771);
#2771 = DEFINITIONAL_REPRESENTATION('',(#2772),#2775);
#2772 = B_SPLINE_CURVE_WITH_KNOTS('',1,(#2773,#2774),.UNSPECIFIED.,.F.,
  .F.,(2,2),(-14.125,-3.125),.PIECEWISE_BEZIER_KNOTS.);
#2773 = CARTESIAN_POINT('',(11.,-1.E-02));
#2774 = CARTESIAN_POINT('',(0.,-1.E-02));
#2775 = ( GEOMETRIC_REPRESENTATION_CONTEXT(2) 
PARAMETRIC_REPRESENTATION_CONTEXT() REPRESENTATION_CONTEXT('2D SPACE',''
  ) );
#2776 = PCURVE('',#1880,#2777);
#2777 = DEFINITIONAL_REPRESENTATION('',(#2778),#2781);
#2778 = B_SPLINE_CURVE_WITH_KNOTS('',1,(#2779,#2780),.UNSPECIFIED.,.F.,
  .F.,(2,2),(-14.125,-3.125),.PIECEWISE_BEZIER_KNOTS.);
#2779 = CARTESIAN_POINT('',(30.85,-17.25));
#2780 = CARTESIAN_POINT('',(30.85,-6.25));
#2781 = ( GEOMETRIC_REPRESENTATION_CONTEXT(2) 
PARAMETRIC_REPRESENTATION_CONTEXT() REPRESENTATION_CONTEXT('2D SPACE',''
  ) );
#2782 = ORIENTED_EDGE('',*,*,#2599,.T.);
#2783 = ORIENTED_EDGE('',*,*,#450,.F.);
#2784 = ORIENTED_EDGE('',*,*,#2738,.F.);
#2785 = ADVANCED_FACE('',(#2786),#571,.F.);
#2786 = FACE_BOUND('',#2787,.F.);
#2787 = EDGE_LOOP('',(#2788,#2811,#2832,#2833));
#2788 = ORIENTED_EDGE('',*,*,#2789,.T.);
#2789 = EDGE_CURVE('',#2790,#2792,#2794,.T.);
#2790 = VERTEX_POINT('',#2791);
#2791 = CARTESIAN_POINT('',(0.,38.45,6.25));
#2792 = VERTEX_POINT('',#2793);
#2793 = CARTESIAN_POINT('',(0.,36.45,6.25));
#2794 = SURFACE_CURVE('',#2795,(#2799,#2805),.PCURVE_S1.);
#2795 = LINE('',#2796,#2797);
#2796 = CARTESIAN_POINT('',(0.,20.025,6.25));
#2797 = VECTOR('',#2798,1.);
#2798 = DIRECTION('',(-0.,-1.,-0.));
#2799 = PCURVE('',#571,#2800);
#2800 = DEFINITIONAL_REPRESENTATION('',(#2801),#2804);
#2801 = B_SPLINE_CURVE_WITH_KNOTS('',1,(#2802,#2803),.UNSPECIFIED.,.F.,
  .F.,(2,2),(-18.425,-16.425),.PIECEWISE_BEZIER_KNOTS.);
#2802 = CARTESIAN_POINT('',(2.,-1.E-02));
#2803 = CARTESIAN_POINT('',(0.,-1.E-02));
#2804 = ( GEOMETRIC_REPRESENTATION_CONTEXT(2) 
PARAMETRIC_REPRESENTATION_CONTEXT() REPRESENTATION_CONTEXT('2D SPACE',''
  ) );
#2805 = PCURVE('',#1880,#2806);
#2806 = DEFINITIONAL_REPRESENTATION('',(#2807),#2810);
#2807 = B_SPLINE_CURVE_WITH_KNOTS('',1,(#2808,#2809),.UNSPECIFIED.,.F.,
  .F.,(2,2),(-18.425,-16.425),.PIECEWISE_BEZIER_KNOTS.);
#2808 = CARTESIAN_POINT('',(34.85,-6.25));
#2809 = CARTESIAN_POINT('',(32.85,-6.25));
#2810 = ( GEOMETRIC_REPRESENTATION_CONTEXT(2) 
PARAMETRIC_REPRESENTATION_CONTEXT() REPRESENTATION_CONTEXT('2D SPACE',''
  ) );
#2811 = ORIENTED_EDGE('',*,*,#2812,.T.);
#2812 = EDGE_CURVE('',#2792,#557,#2813,.T.);
#2813 = SURFACE_CURVE('',#2814,(#2818,#2825),.PCURVE_S1.);
#2814 = LINE('',#2815,#2816);
#2815 = CARTESIAN_POINT('',(1.E-02,36.45,6.25));
#2816 = VECTOR('',#2817,1.);
#2817 = DIRECTION('',(-1.,0.,0.));
#2818 = PCURVE('',#571,#2819);
#2819 = DEFINITIONAL_REPRESENTATION('',(#2820),#2824);
#2820 = LINE('',#2821,#2822);
#2821 = CARTESIAN_POINT('',(0.,0.));
#2822 = VECTOR('',#2823,1.);
#2823 = DIRECTION('',(0.,-1.));
#2824 = ( GEOMETRIC_REPRESENTATION_CONTEXT(2) 
PARAMETRIC_REPRESENTATION_CONTEXT() REPRESENTATION_CONTEXT('2D SPACE',''
  ) );
#2825 = PCURVE('',#673,#2826);
#2826 = DEFINITIONAL_REPRESENTATION('',(#2827),#2831);
#2827 = LINE('',#2828,#2829);
#2828 = CARTESIAN_POINT('',(11.,0.));
#2829 = VECTOR('',#2830,1.);
#2830 = DIRECTION('',(0.,-1.));
#2831 = ( GEOMETRIC_REPRESENTATION_CONTEXT(2) 
PARAMETRIC_REPRESENTATION_CONTEXT() REPRESENTATION_CONTEXT('2D SPACE',''
  ) );
#2832 = ORIENTED_EDGE('',*,*,#554,.F.);
#2833 = ORIENTED_EDGE('',*,*,#2834,.F.);
#2834 = EDGE_CURVE('',#2790,#555,#2835,.T.);
#2835 = SURFACE_CURVE('',#2836,(#2840,#2847),.PCURVE_S1.);
#2836 = LINE('',#2837,#2838);
#2837 = CARTESIAN_POINT('',(1.E-02,38.45,6.25));
#2838 = VECTOR('',#2839,1.);
#2839 = DIRECTION('',(-1.,0.,0.));
#2840 = PCURVE('',#571,#2841);
#2841 = DEFINITIONAL_REPRESENTATION('',(#2842),#2846);
#2842 = LINE('',#2843,#2844);
#2843 = CARTESIAN_POINT('',(2.,0.));
#2844 = VECTOR('',#2845,1.);
#2845 = DIRECTION('',(0.,-1.));
#2846 = ( GEOMETRIC_REPRESENTATION_CONTEXT(2) 
PARAMETRIC_REPRESENTATION_CONTEXT() REPRESENTATION_CONTEXT('2D SPACE',''
  ) );
#2847 = PCURVE('',#597,#2848);
#2848 = DEFINITIONAL_REPRESENTATION('',(#2849),#2853);
#2849 = LINE('',#2850,#2851);
#2850 = CARTESIAN_POINT('',(0.,0.));
#2851 = VECTOR('',#2852,1.);
#2852 = DIRECTION('',(0.,-1.));
#2853 = ( GEOMETRIC_REPRESENTATION_CONTEXT(2) 
PARAMETRIC_REPRESENTATION_CONTEXT() REPRESENTATION_CONTEXT('2D SPACE',''
  ) );
#2854 = ADVANCED_FACE('',(#2855),#673,.F.);
#2855 = FACE_BOUND('',#2856,.F.);
#2856 = EDGE_LOOP('',(#2857,#2878,#2899,#2900));
#2857 = ORIENTED_EDGE('',*,*,#2858,.T.);
#2858 = EDGE_CURVE('',#2792,#2859,#2861,.T.);
#2859 = VERTEX_POINT('',#2860);
#2860 = CARTESIAN_POINT('',(0.,36.45,17.25));
#2861 = SURFACE_CURVE('',#2862,(#2866,#2872),.PCURVE_S1.);
#2862 = LINE('',#2863,#2864);
#2863 = CARTESIAN_POINT('',(0.,36.45,8.625));
#2864 = VECTOR('',#2865,1.);
#2865 = DIRECTION('',(0.,-0.,1.));
#2866 = PCURVE('',#673,#2867);
#2867 = DEFINITIONAL_REPRESENTATION('',(#2868),#2871);
#2868 = B_SPLINE_CURVE_WITH_KNOTS('',1,(#2869,#2870),.UNSPECIFIED.,.F.,
  .F.,(2,2),(-2.375,8.625),.PIECEWISE_BEZIER_KNOTS.);
#2869 = CARTESIAN_POINT('',(11.,-1.E-02));
#2870 = CARTESIAN_POINT('',(0.,-1.E-02));
#2871 = ( GEOMETRIC_REPRESENTATION_CONTEXT(2) 
PARAMETRIC_REPRESENTATION_CONTEXT() REPRESENTATION_CONTEXT('2D SPACE',''
  ) );
#2872 = PCURVE('',#1880,#2873);
#2873 = DEFINITIONAL_REPRESENTATION('',(#2874),#2877);
#2874 = B_SPLINE_CURVE_WITH_KNOTS('',1,(#2875,#2876),.UNSPECIFIED.,.F.,
  .F.,(2,2),(-2.375,8.625),.PIECEWISE_BEZIER_KNOTS.);
#2875 = CARTESIAN_POINT('',(32.85,-6.25));
#2876 = CARTESIAN_POINT('',(32.85,-17.25));
#2877 = ( GEOMETRIC_REPRESENTATION_CONTEXT(2) 
PARAMETRIC_REPRESENTATION_CONTEXT() REPRESENTATION_CONTEXT('2D SPACE',''
  ) );
#2878 = ORIENTED_EDGE('',*,*,#2879,.T.);
#2879 = EDGE_CURVE('',#2859,#635,#2880,.T.);
#2880 = SURFACE_CURVE('',#2881,(#2885,#2892),.PCURVE_S1.);
#2881 = LINE('',#2882,#2883);
#2882 = CARTESIAN_POINT('',(1.E-02,36.45,17.25));
#2883 = VECTOR('',#2884,1.);
#2884 = DIRECTION('',(-1.,0.,0.));
#2885 = PCURVE('',#673,#2886);
#2886 = DEFINITIONAL_REPRESENTATION('',(#2887),#2891);
#2887 = LINE('',#2888,#2889);
#2888 = CARTESIAN_POINT('',(0.,0.));
#2889 = VECTOR('',#2890,1.);
#2890 = DIRECTION('',(0.,-1.));
#2891 = ( GEOMETRIC_REPRESENTATION_CONTEXT(2) 
PARAMETRIC_REPRESENTATION_CONTEXT() REPRESENTATION_CONTEXT('2D SPACE',''
  ) );
#2892 = PCURVE('',#649,#2893);
#2893 = DEFINITIONAL_REPRESENTATION('',(#2894),#2898);
#2894 = LINE('',#2895,#2896);
#2895 = CARTESIAN_POINT('',(1.414213562373,0.));
#2896 = VECTOR('',#2897,1.);
#2897 = DIRECTION('',(-0.,-1.));
#2898 = ( GEOMETRIC_REPRESENTATION_CONTEXT(2) 
PARAMETRIC_REPRESENTATION_CONTEXT() REPRESENTATION_CONTEXT('2D SPACE',''
  ) );
#2899 = ORIENTED_EDGE('',*,*,#660,.F.);
#2900 = ORIENTED_EDGE('',*,*,#2812,.F.);
#2901 = ADVANCED_FACE('',(#2902),#649,.F.);
#2902 = FACE_BOUND('',#2903,.F.);
#2903 = EDGE_LOOP('',(#2904,#2925,#2946,#2947));
#2904 = ORIENTED_EDGE('',*,*,#2905,.T.);
#2905 = EDGE_CURVE('',#2859,#2906,#2908,.T.);
#2906 = VERTEX_POINT('',#2907);
#2907 = CARTESIAN_POINT('',(0.,37.45,18.25));
#2908 = SURFACE_CURVE('',#2909,(#2913,#2919),.PCURVE_S1.);
#2909 = LINE('',#2910,#2911);
#2910 = CARTESIAN_POINT('',(-1.110223024625E-18,24.425,5.225));
#2911 = VECTOR('',#2912,1.);
#2912 = DIRECTION('',(0.,0.707106781187,0.707106781187));
#2913 = PCURVE('',#649,#2914);
#2914 = DEFINITIONAL_REPRESENTATION('',(#2915),#2918);
#2915 = B_SPLINE_CURVE_WITH_KNOTS('',1,(#2916,#2917),.UNSPECIFIED.,.F.,
  .F.,(2,2),(17.005918087536,18.42013164991),.PIECEWISE_BEZIER_KNOTS.);
#2916 = CARTESIAN_POINT('',(1.414213562373,-1.E-02));
#2917 = CARTESIAN_POINT('',(0.,-1.E-02));
#2918 = ( GEOMETRIC_REPRESENTATION_CONTEXT(2) 
PARAMETRIC_REPRESENTATION_CONTEXT() REPRESENTATION_CONTEXT('2D SPACE',''
  ) );
#2919 = PCURVE('',#1880,#2920);
#2920 = DEFINITIONAL_REPRESENTATION('',(#2921),#2924);
#2921 = B_SPLINE_CURVE_WITH_KNOTS('',1,(#2922,#2923),.UNSPECIFIED.,.F.,
  .F.,(2,2),(17.005918087536,18.42013164991),.PIECEWISE_BEZIER_KNOTS.);
#2922 = CARTESIAN_POINT('',(32.85,-17.25));
#2923 = CARTESIAN_POINT('',(33.85,-18.25));
#2924 = ( GEOMETRIC_REPRESENTATION_CONTEXT(2) 
PARAMETRIC_REPRESENTATION_CONTEXT() REPRESENTATION_CONTEXT('2D SPACE',''
  ) );
#2925 = ORIENTED_EDGE('',*,*,#2926,.T.);
#2926 = EDGE_CURVE('',#2906,#609,#2927,.T.);
#2927 = SURFACE_CURVE('',#2928,(#2932,#2939),.PCURVE_S1.);
#2928 = LINE('',#2929,#2930);
#2929 = CARTESIAN_POINT('',(1.E-02,37.45,18.25));
#2930 = VECTOR('',#2931,1.);
#2931 = DIRECTION('',(-1.,0.,0.));
#2932 = PCURVE('',#649,#2933);
#2933 = DEFINITIONAL_REPRESENTATION('',(#2934),#2938);
#2934 = LINE('',#2935,#2936);
#2935 = CARTESIAN_POINT('',(0.,0.));
#2936 = VECTOR('',#2937,1.);
#2937 = DIRECTION('',(-0.,-1.));
#2938 = ( GEOMETRIC_REPRESENTATION_CONTEXT(2) 
PARAMETRIC_REPRESENTATION_CONTEXT() REPRESENTATION_CONTEXT('2D SPACE',''
  ) );
#2939 = PCURVE('',#623,#2940);
#2940 = DEFINITIONAL_REPRESENTATION('',(#2941),#2945);
#2941 = LINE('',#2942,#2943);
#2942 = CARTESIAN_POINT('',(1.414213562373,0.));
#2943 = VECTOR('',#2944,1.);
#2944 = DIRECTION('',(0.,-1.));
#2945 = ( GEOMETRIC_REPRESENTATION_CONTEXT(2) 
PARAMETRIC_REPRESENTATION_CONTEXT() REPRESENTATION_CONTEXT('2D SPACE',''
  ) );
#2946 = ORIENTED_EDGE('',*,*,#634,.F.);
#2947 = ORIENTED_EDGE('',*,*,#2879,.F.);
#2948 = ADVANCED_FACE('',(#2949),#623,.F.);
#2949 = FACE_BOUND('',#2950,.F.);
#2950 = EDGE_LOOP('',(#2951,#2972,#2993,#2994));
#2951 = ORIENTED_EDGE('',*,*,#2952,.T.);
#2952 = EDGE_CURVE('',#2906,#2953,#2955,.T.);
#2953 = VERTEX_POINT('',#2954);
#2954 = CARTESIAN_POINT('',(0.,38.45,17.25));
#2955 = SURFACE_CURVE('',#2956,(#2960,#2966),.PCURVE_S1.);
#2956 = LINE('',#2957,#2958);
#2957 = CARTESIAN_POINT('',(-1.110223024625E-18,34.05,21.65));
#2958 = VECTOR('',#2959,1.);
#2959 = DIRECTION('',(0.,0.707106781187,-0.707106781187));
#2960 = PCURVE('',#623,#2961);
#2961 = DEFINITIONAL_REPRESENTATION('',(#2962),#2965);
#2962 = B_SPLINE_CURVE_WITH_KNOTS('',1,(#2963,#2964),.UNSPECIFIED.,.F.,
  .F.,(2,2),(4.808326112069,6.222539674442),.PIECEWISE_BEZIER_KNOTS.);
#2963 = CARTESIAN_POINT('',(1.414213562373,-1.E-02));
#2964 = CARTESIAN_POINT('',(0.,-1.E-02));
#2965 = ( GEOMETRIC_REPRESENTATION_CONTEXT(2) 
PARAMETRIC_REPRESENTATION_CONTEXT() REPRESENTATION_CONTEXT('2D SPACE',''
  ) );
#2966 = PCURVE('',#1880,#2967);
#2967 = DEFINITIONAL_REPRESENTATION('',(#2968),#2971);
#2968 = B_SPLINE_CURVE_WITH_KNOTS('',1,(#2969,#2970),.UNSPECIFIED.,.F.,
  .F.,(2,2),(4.808326112069,6.222539674442),.PIECEWISE_BEZIER_KNOTS.);
#2969 = CARTESIAN_POINT('',(33.85,-18.25));
#2970 = CARTESIAN_POINT('',(34.85,-17.25));
#2971 = ( GEOMETRIC_REPRESENTATION_CONTEXT(2) 
PARAMETRIC_REPRESENTATION_CONTEXT() REPRESENTATION_CONTEXT('2D SPACE',''
  ) );
#2972 = ORIENTED_EDGE('',*,*,#2973,.T.);
#2973 = EDGE_CURVE('',#2953,#583,#2974,.T.);
#2974 = SURFACE_CURVE('',#2975,(#2979,#2986),.PCURVE_S1.);
#2975 = LINE('',#2976,#2977);
#2976 = CARTESIAN_POINT('',(1.E-02,38.45,17.25));
#2977 = VECTOR('',#2978,1.);
#2978 = DIRECTION('',(-1.,0.,0.));
#2979 = PCURVE('',#623,#2980);
#2980 = DEFINITIONAL_REPRESENTATION('',(#2981),#2985);
#2981 = LINE('',#2982,#2983);
#2982 = CARTESIAN_POINT('',(0.,0.));
#2983 = VECTOR('',#2984,1.);
#2984 = DIRECTION('',(0.,-1.));
#2985 = ( GEOMETRIC_REPRESENTATION_CONTEXT(2) 
PARAMETRIC_REPRESENTATION_CONTEXT() REPRESENTATION_CONTEXT('2D SPACE',''
  ) );
#2986 = PCURVE('',#597,#2987);
#2987 = DEFINITIONAL_REPRESENTATION('',(#2988),#2992);
#2988 = LINE('',#2989,#2990);
#2989 = CARTESIAN_POINT('',(11.,0.));
#2990 = VECTOR('',#2991,1.);
#2991 = DIRECTION('',(0.,-1.));
#2992 = ( GEOMETRIC_REPRESENTATION_CONTEXT(2) 
PARAMETRIC_REPRESENTATION_CONTEXT() REPRESENTATION_CONTEXT('2D SPACE',''
  ) );
#2993 = ORIENTED_EDGE('',*,*,#608,.F.);
#2994 = ORIENTED_EDGE('',*,*,#2926,.F.);
#2995 = ADVANCED_FACE('',(#2996),#597,.F.);
#2996 = FACE_BOUND('',#2997,.F.);
#2997 = EDGE_LOOP('',(#2998,#3017,#3018,#3019));
#2998 = ORIENTED_EDGE('',*,*,#2999,.T.);
#2999 = EDGE_CURVE('',#2953,#2790,#3000,.T.);
#3000 = SURFACE_CURVE('',#3001,(#3005,#3011),.PCURVE_S1.);
#3001 = LINE('',#3002,#3003);
#3002 = CARTESIAN_POINT('',(0.,38.45,3.125));
#3003 = VECTOR('',#3004,1.);
#3004 = DIRECTION('',(-0.,0.,-1.));
#3005 = PCURVE('',#597,#3006);
#3006 = DEFINITIONAL_REPRESENTATION('',(#3007),#3010);
#3007 = B_SPLINE_CURVE_WITH_KNOTS('',1,(#3008,#3009),.UNSPECIFIED.,.F.,
  .F.,(2,2),(-14.125,-3.125),.PIECEWISE_BEZIER_KNOTS.);
#3008 = CARTESIAN_POINT('',(11.,-1.E-02));
#3009 = CARTESIAN_POINT('',(0.,-1.E-02));
#3010 = ( GEOMETRIC_REPRESENTATION_CONTEXT(2) 
PARAMETRIC_REPRESENTATION_CONTEXT() REPRESENTATION_CONTEXT('2D SPACE',''
  ) );
#3011 = PCURVE('',#1880,#3012);
#3012 = DEFINITIONAL_REPRESENTATION('',(#3013),#3016);
#3013 = B_SPLINE_CURVE_WITH_KNOTS('',1,(#3014,#3015),.UNSPECIFIED.,.F.,
  .F.,(2,2),(-14.125,-3.125),.PIECEWISE_BEZIER_KNOTS.);
#3014 = CARTESIAN_POINT('',(34.85,-17.25));
#3015 = CARTESIAN_POINT('',(34.85,-6.25));
#3016 = ( GEOMETRIC_REPRESENTATION_CONTEXT(2) 
PARAMETRIC_REPRESENTATION_CONTEXT() REPRESENTATION_CONTEXT('2D SPACE',''
  ) );
#3017 = ORIENTED_EDGE('',*,*,#2834,.T.);
#3018 = ORIENTED_EDGE('',*,*,#582,.F.);
#3019 = ORIENTED_EDGE('',*,*,#2973,.F.);
#3020 = ADVANCED_FACE('',(#3021),#703,.F.);
#3021 = FACE_BOUND('',#3022,.F.);
#3022 = EDGE_LOOP('',(#3023,#3046,#3067,#3068));
#3023 = ORIENTED_EDGE('',*,*,#3024,.T.);
#3024 = EDGE_CURVE('',#3025,#3027,#3029,.T.);
#3025 = VERTEX_POINT('',#3026);
#3026 = CARTESIAN_POINT('',(0.,42.45,6.25));
#3027 = VERTEX_POINT('',#3028);
#3028 = CARTESIAN_POINT('',(0.,40.45,6.25));
#3029 = SURFACE_CURVE('',#3030,(#3034,#3040),.PCURVE_S1.);
#3030 = LINE('',#3031,#3032);
#3031 = CARTESIAN_POINT('',(0.,22.025,6.25));
#3032 = VECTOR('',#3033,1.);
#3033 = DIRECTION('',(-0.,-1.,-0.));
#3034 = PCURVE('',#703,#3035);
#3035 = DEFINITIONAL_REPRESENTATION('',(#3036),#3039);
#3036 = B_SPLINE_CURVE_WITH_KNOTS('',1,(#3037,#3038),.UNSPECIFIED.,.F.,
  .F.,(2,2),(-20.425,-18.425),.PIECEWISE_BEZIER_KNOTS.);
#3037 = CARTESIAN_POINT('',(2.,-1.E-02));
#3038 = CARTESIAN_POINT('',(0.,-1.E-02));
#3039 = ( GEOMETRIC_REPRESENTATION_CONTEXT(2) 
PARAMETRIC_REPRESENTATION_CONTEXT() REPRESENTATION_CONTEXT('2D SPACE',''
  ) );
#3040 = PCURVE('',#1880,#3041);
#3041 = DEFINITIONAL_REPRESENTATION('',(#3042),#3045);
#3042 = B_SPLINE_CURVE_WITH_KNOTS('',1,(#3043,#3044),.UNSPECIFIED.,.F.,
  .F.,(2,2),(-20.425,-18.425),.PIECEWISE_BEZIER_KNOTS.);
#3043 = CARTESIAN_POINT('',(38.85,-6.25));
#3044 = CARTESIAN_POINT('',(36.85,-6.25));
#3045 = ( GEOMETRIC_REPRESENTATION_CONTEXT(2) 
PARAMETRIC_REPRESENTATION_CONTEXT() REPRESENTATION_CONTEXT('2D SPACE',''
  ) );
#3046 = ORIENTED_EDGE('',*,*,#3047,.T.);
#3047 = EDGE_CURVE('',#3027,#689,#3048,.T.);
#3048 = SURFACE_CURVE('',#3049,(#3053,#3060),.PCURVE_S1.);
#3049 = LINE('',#3050,#3051);
#3050 = CARTESIAN_POINT('',(1.E-02,40.45,6.25));
#3051 = VECTOR('',#3052,1.);
#3052 = DIRECTION('',(-1.,0.,0.));
#3053 = PCURVE('',#703,#3054);
#3054 = DEFINITIONAL_REPRESENTATION('',(#3055),#3059);
#3055 = LINE('',#3056,#3057);
#3056 = CARTESIAN_POINT('',(0.,0.));
#3057 = VECTOR('',#3058,1.);
#3058 = DIRECTION('',(0.,-1.));
#3059 = ( GEOMETRIC_REPRESENTATION_CONTEXT(2) 
PARAMETRIC_REPRESENTATION_CONTEXT() REPRESENTATION_CONTEXT('2D SPACE',''
  ) );
#3060 = PCURVE('',#805,#3061);
#3061 = DEFINITIONAL_REPRESENTATION('',(#3062),#3066);
#3062 = LINE('',#3063,#3064);
#3063 = CARTESIAN_POINT('',(11.,0.));
#3064 = VECTOR('',#3065,1.);
#3065 = DIRECTION('',(0.,-1.));
#3066 = ( GEOMETRIC_REPRESENTATION_CONTEXT(2) 
PARAMETRIC_REPRESENTATION_CONTEXT() REPRESENTATION_CONTEXT('2D SPACE',''
  ) );
#3067 = ORIENTED_EDGE('',*,*,#686,.F.);
#3068 = ORIENTED_EDGE('',*,*,#3069,.F.);
#3069 = EDGE_CURVE('',#3025,#687,#3070,.T.);
#3070 = SURFACE_CURVE('',#3071,(#3075,#3082),.PCURVE_S1.);
#3071 = LINE('',#3072,#3073);
#3072 = CARTESIAN_POINT('',(1.E-02,42.45,6.25));
#3073 = VECTOR('',#3074,1.);
#3074 = DIRECTION('',(-1.,0.,0.));
#3075 = PCURVE('',#703,#3076);
#3076 = DEFINITIONAL_REPRESENTATION('',(#3077),#3081);
#3077 = LINE('',#3078,#3079);
#3078 = CARTESIAN_POINT('',(2.,0.));
#3079 = VECTOR('',#3080,1.);
#3080 = DIRECTION('',(0.,-1.));
#3081 = ( GEOMETRIC_REPRESENTATION_CONTEXT(2) 
PARAMETRIC_REPRESENTATION_CONTEXT() REPRESENTATION_CONTEXT('2D SPACE',''
  ) );
#3082 = PCURVE('',#729,#3083);
#3083 = DEFINITIONAL_REPRESENTATION('',(#3084),#3088);
#3084 = LINE('',#3085,#3086);
#3085 = CARTESIAN_POINT('',(0.,0.));
#3086 = VECTOR('',#3087,1.);
#3087 = DIRECTION('',(0.,-1.));
#3088 = ( GEOMETRIC_REPRESENTATION_CONTEXT(2) 
PARAMETRIC_REPRESENTATION_CONTEXT() REPRESENTATION_CONTEXT('2D SPACE',''
  ) );
#3089 = ADVANCED_FACE('',(#3090),#805,.F.);
#3090 = FACE_BOUND('',#3091,.F.);
#3091 = EDGE_LOOP('',(#3092,#3113,#3134,#3135));
#3092 = ORIENTED_EDGE('',*,*,#3093,.T.);
#3093 = EDGE_CURVE('',#3027,#3094,#3096,.T.);
#3094 = VERTEX_POINT('',#3095);
#3095 = CARTESIAN_POINT('',(0.,40.45,17.25));
#3096 = SURFACE_CURVE('',#3097,(#3101,#3107),.PCURVE_S1.);
#3097 = LINE('',#3098,#3099);
#3098 = CARTESIAN_POINT('',(0.,40.45,8.625));
#3099 = VECTOR('',#3100,1.);
#3100 = DIRECTION('',(0.,-0.,1.));
#3101 = PCURVE('',#805,#3102);
#3102 = DEFINITIONAL_REPRESENTATION('',(#3103),#3106);
#3103 = B_SPLINE_CURVE_WITH_KNOTS('',1,(#3104,#3105),.UNSPECIFIED.,.F.,
  .F.,(2,2),(-2.375,8.625),.PIECEWISE_BEZIER_KNOTS.);
#3104 = CARTESIAN_POINT('',(11.,-1.E-02));
#3105 = CARTESIAN_POINT('',(0.,-1.E-02));
#3106 = ( GEOMETRIC_REPRESENTATION_CONTEXT(2) 
PARAMETRIC_REPRESENTATION_CONTEXT() REPRESENTATION_CONTEXT('2D SPACE',''
  ) );
#3107 = PCURVE('',#1880,#3108);
#3108 = DEFINITIONAL_REPRESENTATION('',(#3109),#3112);
#3109 = B_SPLINE_CURVE_WITH_KNOTS('',1,(#3110,#3111),.UNSPECIFIED.,.F.,
  .F.,(2,2),(-2.375,8.625),.PIECEWISE_BEZIER_KNOTS.);
#3110 = CARTESIAN_POINT('',(36.85,-6.25));
#3111 = CARTESIAN_POINT('',(36.85,-17.25));
#3112 = ( GEOMETRIC_REPRESENTATION_CONTEXT(2) 
PARAMETRIC_REPRESENTATION_CONTEXT() REPRESENTATION_CONTEXT('2D SPACE',''
  ) );
#3113 = ORIENTED_EDGE('',*,*,#3114,.T.);
#3114 = EDGE_CURVE('',#3094,#767,#3115,.T.);
#3115 = SURFACE_CURVE('',#3116,(#3120,#3127),.PCURVE_S1.);
#3116 = LINE('',#3117,#3118);
#3117 = CARTESIAN_POINT('',(1.E-02,40.45,17.25));
#3118 = VECTOR('',#3119,1.);
#3119 = DIRECTION('',(-1.,0.,0.));
#3120 = PCURVE('',#805,#3121);
#3121 = DEFINITIONAL_REPRESENTATION('',(#3122),#3126);
#3122 = LINE('',#3123,#3124);
#3123 = CARTESIAN_POINT('',(0.,0.));
#3124 = VECTOR('',#3125,1.);
#3125 = DIRECTION('',(0.,-1.));
#3126 = ( GEOMETRIC_REPRESENTATION_CONTEXT(2) 
PARAMETRIC_REPRESENTATION_CONTEXT() REPRESENTATION_CONTEXT('2D SPACE',''
  ) );
#3127 = PCURVE('',#781,#3128);
#3128 = DEFINITIONAL_REPRESENTATION('',(#3129),#3133);
#3129 = LINE('',#3130,#3131);
#3130 = CARTESIAN_POINT('',(1.414213562373,0.));
#3131 = VECTOR('',#3132,1.);
#3132 = DIRECTION('',(-0.,-1.));
#3133 = ( GEOMETRIC_REPRESENTATION_CONTEXT(2) 
PARAMETRIC_REPRESENTATION_CONTEXT() REPRESENTATION_CONTEXT('2D SPACE',''
  ) );
#3134 = ORIENTED_EDGE('',*,*,#792,.F.);
#3135 = ORIENTED_EDGE('',*,*,#3047,.F.);
#3136 = ADVANCED_FACE('',(#3137),#781,.F.);
#3137 = FACE_BOUND('',#3138,.F.);
#3138 = EDGE_LOOP('',(#3139,#3160,#3181,#3182));
#3139 = ORIENTED_EDGE('',*,*,#3140,.T.);
#3140 = EDGE_CURVE('',#3094,#3141,#3143,.T.);
#3141 = VERTEX_POINT('',#3142);
#3142 = CARTESIAN_POINT('',(0.,41.45,18.25));
#3143 = SURFACE_CURVE('',#3144,(#3148,#3154),.PCURVE_S1.);
#3144 = LINE('',#3145,#3146);
#3145 = CARTESIAN_POINT('',(-1.110223024625E-18,27.425,4.225));
#3146 = VECTOR('',#3147,1.);
#3147 = DIRECTION('',(0.,0.707106781187,0.707106781187));
#3148 = PCURVE('',#781,#3149);
#3149 = DEFINITIONAL_REPRESENTATION('',(#3150),#3153);
#3150 = B_SPLINE_CURVE_WITH_KNOTS('',1,(#3151,#3152),.UNSPECIFIED.,.F.,
  .F.,(2,2),(18.42013164991,19.834345212283),.PIECEWISE_BEZIER_KNOTS.);
#3151 = CARTESIAN_POINT('',(1.414213562373,-1.E-02));
#3152 = CARTESIAN_POINT('',(0.,-1.E-02));
#3153 = ( GEOMETRIC_REPRESENTATION_CONTEXT(2) 
PARAMETRIC_REPRESENTATION_CONTEXT() REPRESENTATION_CONTEXT('2D SPACE',''
  ) );
#3154 = PCURVE('',#1880,#3155);
#3155 = DEFINITIONAL_REPRESENTATION('',(#3156),#3159);
#3156 = B_SPLINE_CURVE_WITH_KNOTS('',1,(#3157,#3158),.UNSPECIFIED.,.F.,
  .F.,(2,2),(18.42013164991,19.834345212283),.PIECEWISE_BEZIER_KNOTS.);
#3157 = CARTESIAN_POINT('',(36.85,-17.25));
#3158 = CARTESIAN_POINT('',(37.85,-18.25));
#3159 = ( GEOMETRIC_REPRESENTATION_CONTEXT(2) 
PARAMETRIC_REPRESENTATION_CONTEXT() REPRESENTATION_CONTEXT('2D SPACE',''
  ) );
#3160 = ORIENTED_EDGE('',*,*,#3161,.T.);
#3161 = EDGE_CURVE('',#3141,#741,#3162,.T.);
#3162 = SURFACE_CURVE('',#3163,(#3167,#3174),.PCURVE_S1.);
#3163 = LINE('',#3164,#3165);
#3164 = CARTESIAN_POINT('',(1.E-02,41.45,18.25));
#3165 = VECTOR('',#3166,1.);
#3166 = DIRECTION('',(-1.,0.,0.));
#3167 = PCURVE('',#781,#3168);
#3168 = DEFINITIONAL_REPRESENTATION('',(#3169),#3173);
#3169 = LINE('',#3170,#3171);
#3170 = CARTESIAN_POINT('',(0.,0.));
#3171 = VECTOR('',#3172,1.);
#3172 = DIRECTION('',(-0.,-1.));
#3173 = ( GEOMETRIC_REPRESENTATION_CONTEXT(2) 
PARAMETRIC_REPRESENTATION_CONTEXT() REPRESENTATION_CONTEXT('2D SPACE',''
  ) );
#3174 = PCURVE('',#755,#3175);
#3175 = DEFINITIONAL_REPRESENTATION('',(#3176),#3180);
#3176 = LINE('',#3177,#3178);
#3177 = CARTESIAN_POINT('',(1.414213562373,0.));
#3178 = VECTOR('',#3179,1.);
#3179 = DIRECTION('',(0.,-1.));
#3180 = ( GEOMETRIC_REPRESENTATION_CONTEXT(2) 
PARAMETRIC_REPRESENTATION_CONTEXT() REPRESENTATION_CONTEXT('2D SPACE',''
  ) );
#3181 = ORIENTED_EDGE('',*,*,#766,.F.);
#3182 = ORIENTED_EDGE('',*,*,#3114,.F.);
#3183 = ADVANCED_FACE('',(#3184),#755,.F.);
#3184 = FACE_BOUND('',#3185,.F.);
#3185 = EDGE_LOOP('',(#3186,#3207,#3228,#3229));
#3186 = ORIENTED_EDGE('',*,*,#3187,.T.);
#3187 = EDGE_CURVE('',#3141,#3188,#3190,.T.);
#3188 = VERTEX_POINT('',#3189);
#3189 = CARTESIAN_POINT('',(0.,42.45,17.25));
#3190 = SURFACE_CURVE('',#3191,(#3195,#3201),.PCURVE_S1.);
#3191 = LINE('',#3192,#3193);
#3192 = CARTESIAN_POINT('',(-1.110223024625E-18,37.05,22.65));
#3193 = VECTOR('',#3194,1.);
#3194 = DIRECTION('',(0.,0.707106781187,-0.707106781187));
#3195 = PCURVE('',#755,#3196);
#3196 = DEFINITIONAL_REPRESENTATION('',(#3197),#3200);
#3197 = B_SPLINE_CURVE_WITH_KNOTS('',1,(#3198,#3199),.UNSPECIFIED.,.F.,
  .F.,(2,2),(6.222539674442,7.636753236815),.PIECEWISE_BEZIER_KNOTS.);
#3198 = CARTESIAN_POINT('',(1.414213562373,-1.E-02));
#3199 = CARTESIAN_POINT('',(0.,-1.E-02));
#3200 = ( GEOMETRIC_REPRESENTATION_CONTEXT(2) 
PARAMETRIC_REPRESENTATION_CONTEXT() REPRESENTATION_CONTEXT('2D SPACE',''
  ) );
#3201 = PCURVE('',#1880,#3202);
#3202 = DEFINITIONAL_REPRESENTATION('',(#3203),#3206);
#3203 = B_SPLINE_CURVE_WITH_KNOTS('',1,(#3204,#3205),.UNSPECIFIED.,.F.,
  .F.,(2,2),(6.222539674442,7.636753236815),.PIECEWISE_BEZIER_KNOTS.);
#3204 = CARTESIAN_POINT('',(37.85,-18.25));
#3205 = CARTESIAN_POINT('',(38.85,-17.25));
#3206 = ( GEOMETRIC_REPRESENTATION_CONTEXT(2) 
PARAMETRIC_REPRESENTATION_CONTEXT() REPRESENTATION_CONTEXT('2D SPACE',''
  ) );
#3207 = ORIENTED_EDGE('',*,*,#3208,.T.);
#3208 = EDGE_CURVE('',#3188,#715,#3209,.T.);
#3209 = SURFACE_CURVE('',#3210,(#3214,#3221),.PCURVE_S1.);
#3210 = LINE('',#3211,#3212);
#3211 = CARTESIAN_POINT('',(1.E-02,42.45,17.25));
#3212 = VECTOR('',#3213,1.);
#3213 = DIRECTION('',(-1.,0.,0.));
#3214 = PCURVE('',#755,#3215);
#3215 = DEFINITIONAL_REPRESENTATION('',(#3216),#3220);
#3216 = LINE('',#3217,#3218);
#3217 = CARTESIAN_POINT('',(0.,0.));
#3218 = VECTOR('',#3219,1.);
#3219 = DIRECTION('',(0.,-1.));
#3220 = ( GEOMETRIC_REPRESENTATION_CONTEXT(2) 
PARAMETRIC_REPRESENTATION_CONTEXT() REPRESENTATION_CONTEXT('2D SPACE',''
  ) );
#3221 = PCURVE('',#729,#3222);
#3222 = DEFINITIONAL_REPRESENTATION('',(#3223),#3227);
#3223 = LINE('',#3224,#3225);
#3224 = CARTESIAN_POINT('',(11.,0.));
#3225 = VECTOR('',#3226,1.);
#3226 = DIRECTION('',(0.,-1.));
#3227 = ( GEOMETRIC_REPRESENTATION_CONTEXT(2) 
PARAMETRIC_REPRESENTATION_CONTEXT() REPRESENTATION_CONTEXT('2D SPACE',''
  ) );
#3228 = ORIENTED_EDGE('',*,*,#740,.F.);
#3229 = ORIENTED_EDGE('',*,*,#3161,.F.);
#3230 = ADVANCED_FACE('',(#3231),#729,.F.);
#3231 = FACE_BOUND('',#3232,.F.);
#3232 = EDGE_LOOP('',(#3233,#3252,#3253,#3254));
#3233 = ORIENTED_EDGE('',*,*,#3234,.T.);
#3234 = EDGE_CURVE('',#3188,#3025,#3235,.T.);
#3235 = SURFACE_CURVE('',#3236,(#3240,#3246),.PCURVE_S1.);
#3236 = LINE('',#3237,#3238);
#3237 = CARTESIAN_POINT('',(0.,42.45,3.125));
#3238 = VECTOR('',#3239,1.);
#3239 = DIRECTION('',(-0.,0.,-1.));
#3240 = PCURVE('',#729,#3241);
#3241 = DEFINITIONAL_REPRESENTATION('',(#3242),#3245);
#3242 = B_SPLINE_CURVE_WITH_KNOTS('',1,(#3243,#3244),.UNSPECIFIED.,.F.,
  .F.,(2,2),(-14.125,-3.125),.PIECEWISE_BEZIER_KNOTS.);
#3243 = CARTESIAN_POINT('',(11.,-1.E-02));
#3244 = CARTESIAN_POINT('',(0.,-1.E-02));
#3245 = ( GEOMETRIC_REPRESENTATION_CONTEXT(2) 
PARAMETRIC_REPRESENTATION_CONTEXT() REPRESENTATION_CONTEXT('2D SPACE',''
  ) );
#3246 = PCURVE('',#1880,#3247);
#3247 = DEFINITIONAL_REPRESENTATION('',(#3248),#3251);
#3248 = B_SPLINE_CURVE_WITH_KNOTS('',1,(#3249,#3250),.UNSPECIFIED.,.F.,
  .F.,(2,2),(-14.125,-3.125),.PIECEWISE_BEZIER_KNOTS.);
#3249 = CARTESIAN_POINT('',(38.85,-17.25));
#3250 = CARTESIAN_POINT('',(38.85,-6.25));
#3251 = ( GEOMETRIC_REPRESENTATION_CONTEXT(2) 
PARAMETRIC_REPRESENTATION_CONTEXT() REPRESENTATION_CONTEXT('2D SPACE',''
  ) );
#3252 = ORIENTED_EDGE('',*,*,#3069,.T.);
#3253 = ORIENTED_EDGE('',*,*,#714,.F.);
#3254 = ORIENTED_EDGE('',*,*,#3208,.F.);
#3255 = ADVANCED_FACE('',(#3256),#835,.F.);
#3256 = FACE_BOUND('',#3257,.F.);
#3257 = EDGE_LOOP('',(#3258,#3281,#3302,#3303));
#3258 = ORIENTED_EDGE('',*,*,#3259,.T.);
#3259 = EDGE_CURVE('',#3260,#3262,#3264,.T.);
#3260 = VERTEX_POINT('',#3261);
#3261 = CARTESIAN_POINT('',(0.,46.45,6.25));
#3262 = VERTEX_POINT('',#3263);
#3263 = CARTESIAN_POINT('',(0.,44.45,6.25));
#3264 = SURFACE_CURVE('',#3265,(#3269,#3275),.PCURVE_S1.);
#3265 = LINE('',#3266,#3267);
#3266 = CARTESIAN_POINT('',(0.,24.025,6.25));
#3267 = VECTOR('',#3268,1.);
#3268 = DIRECTION('',(-0.,-1.,-0.));
#3269 = PCURVE('',#835,#3270);
#3270 = DEFINITIONAL_REPRESENTATION('',(#3271),#3274);
#3271 = B_SPLINE_CURVE_WITH_KNOTS('',1,(#3272,#3273),.UNSPECIFIED.,.F.,
  .F.,(2,2),(-22.425,-20.425),.PIECEWISE_BEZIER_KNOTS.);
#3272 = CARTESIAN_POINT('',(2.,-1.E-02));
#3273 = CARTESIAN_POINT('',(0.,-1.E-02));
#3274 = ( GEOMETRIC_REPRESENTATION_CONTEXT(2) 
PARAMETRIC_REPRESENTATION_CONTEXT() REPRESENTATION_CONTEXT('2D SPACE',''
  ) );
#3275 = PCURVE('',#1880,#3276);
#3276 = DEFINITIONAL_REPRESENTATION('',(#3277),#3280);
#3277 = B_SPLINE_CURVE_WITH_KNOTS('',1,(#3278,#3279),.UNSPECIFIED.,.F.,
  .F.,(2,2),(-22.425,-20.425),.PIECEWISE_BEZIER_KNOTS.);
#3278 = CARTESIAN_POINT('',(42.85,-6.25));
#3279 = CARTESIAN_POINT('',(40.85,-6.25));
#3280 = ( GEOMETRIC_REPRESENTATION_CONTEXT(2) 
PARAMETRIC_REPRESENTATION_CONTEXT() REPRESENTATION_CONTEXT('2D SPACE',''
  ) );
#3281 = ORIENTED_EDGE('',*,*,#3282,.T.);
#3282 = EDGE_CURVE('',#3262,#821,#3283,.T.);
#3283 = SURFACE_CURVE('',#3284,(#3288,#3295),.PCURVE_S1.);
#3284 = LINE('',#3285,#3286);
#3285 = CARTESIAN_POINT('',(1.E-02,44.45,6.25));
#3286 = VECTOR('',#3287,1.);
#3287 = DIRECTION('',(-1.,0.,0.));
#3288 = PCURVE('',#835,#3289);
#3289 = DEFINITIONAL_REPRESENTATION('',(#3290),#3294);
#3290 = LINE('',#3291,#3292);
#3291 = CARTESIAN_POINT('',(0.,0.));
#3292 = VECTOR('',#3293,1.);
#3293 = DIRECTION('',(0.,-1.));
#3294 = ( GEOMETRIC_REPRESENTATION_CONTEXT(2) 
PARAMETRIC_REPRESENTATION_CONTEXT() REPRESENTATION_CONTEXT('2D SPACE',''
  ) );
#3295 = PCURVE('',#937,#3296);
#3296 = DEFINITIONAL_REPRESENTATION('',(#3297),#3301);
#3297 = LINE('',#3298,#3299);
#3298 = CARTESIAN_POINT('',(11.,0.));
#3299 = VECTOR('',#3300,1.);
#3300 = DIRECTION('',(0.,-1.));
#3301 = ( GEOMETRIC_REPRESENTATION_CONTEXT(2) 
PARAMETRIC_REPRESENTATION_CONTEXT() REPRESENTATION_CONTEXT('2D SPACE',''
  ) );
#3302 = ORIENTED_EDGE('',*,*,#818,.F.);
#3303 = ORIENTED_EDGE('',*,*,#3304,.F.);
#3304 = EDGE_CURVE('',#3260,#819,#3305,.T.);
#3305 = SURFACE_CURVE('',#3306,(#3310,#3317),.PCURVE_S1.);
#3306 = LINE('',#3307,#3308);
#3307 = CARTESIAN_POINT('',(1.E-02,46.45,6.25));
#3308 = VECTOR('',#3309,1.);
#3309 = DIRECTION('',(-1.,0.,0.));
#3310 = PCURVE('',#835,#3311);
#3311 = DEFINITIONAL_REPRESENTATION('',(#3312),#3316);
#3312 = LINE('',#3313,#3314);
#3313 = CARTESIAN_POINT('',(2.,0.));
#3314 = VECTOR('',#3315,1.);
#3315 = DIRECTION('',(0.,-1.));
#3316 = ( GEOMETRIC_REPRESENTATION_CONTEXT(2) 
PARAMETRIC_REPRESENTATION_CONTEXT() REPRESENTATION_CONTEXT('2D SPACE',''
  ) );
#3317 = PCURVE('',#861,#3318);
#3318 = DEFINITIONAL_REPRESENTATION('',(#3319),#3323);
#3319 = LINE('',#3320,#3321);
#3320 = CARTESIAN_POINT('',(0.,0.));
#3321 = VECTOR('',#3322,1.);
#3322 = DIRECTION('',(0.,-1.));
#3323 = ( GEOMETRIC_REPRESENTATION_CONTEXT(2) 
PARAMETRIC_REPRESENTATION_CONTEXT() REPRESENTATION_CONTEXT('2D SPACE',''
  ) );
#3324 = ADVANCED_FACE('',(#3325),#937,.F.);
#3325 = FACE_BOUND('',#3326,.F.);
#3326 = EDGE_LOOP('',(#3327,#3348,#3369,#3370));
#3327 = ORIENTED_EDGE('',*,*,#3328,.T.);
#3328 = EDGE_CURVE('',#3262,#3329,#3331,.T.);
#3329 = VERTEX_POINT('',#3330);
#3330 = CARTESIAN_POINT('',(0.,44.45,17.25));
#3331 = SURFACE_CURVE('',#3332,(#3336,#3342),.PCURVE_S1.);
#3332 = LINE('',#3333,#3334);
#3333 = CARTESIAN_POINT('',(0.,44.45,8.625));
#3334 = VECTOR('',#3335,1.);
#3335 = DIRECTION('',(0.,-0.,1.));
#3336 = PCURVE('',#937,#3337);
#3337 = DEFINITIONAL_REPRESENTATION('',(#3338),#3341);
#3338 = B_SPLINE_CURVE_WITH_KNOTS('',1,(#3339,#3340),.UNSPECIFIED.,.F.,
  .F.,(2,2),(-2.375,8.625),.PIECEWISE_BEZIER_KNOTS.);
#3339 = CARTESIAN_POINT('',(11.,-1.E-02));
#3340 = CARTESIAN_POINT('',(0.,-1.E-02));
#3341 = ( GEOMETRIC_REPRESENTATION_CONTEXT(2) 
PARAMETRIC_REPRESENTATION_CONTEXT() REPRESENTATION_CONTEXT('2D SPACE',''
  ) );
#3342 = PCURVE('',#1880,#3343);
#3343 = DEFINITIONAL_REPRESENTATION('',(#3344),#3347);
#3344 = B_SPLINE_CURVE_WITH_KNOTS('',1,(#3345,#3346),.UNSPECIFIED.,.F.,
  .F.,(2,2),(-2.375,8.625),.PIECEWISE_BEZIER_KNOTS.);
#3345 = CARTESIAN_POINT('',(40.85,-6.25));
#3346 = CARTESIAN_POINT('',(40.85,-17.25));
#3347 = ( GEOMETRIC_REPRESENTATION_CONTEXT(2) 
PARAMETRIC_REPRESENTATION_CONTEXT() REPRESENTATION_CONTEXT('2D SPACE',''
  ) );
#3348 = ORIENTED_EDGE('',*,*,#3349,.T.);
#3349 = EDGE_CURVE('',#3329,#899,#3350,.T.);
#3350 = SURFACE_CURVE('',#3351,(#3355,#3362),.PCURVE_S1.);
#3351 = LINE('',#3352,#3353);
#3352 = CARTESIAN_POINT('',(1.E-02,44.45,17.25));
#3353 = VECTOR('',#3354,1.);
#3354 = DIRECTION('',(-1.,0.,0.));
#3355 = PCURVE('',#937,#3356);
#3356 = DEFINITIONAL_REPRESENTATION('',(#3357),#3361);
#3357 = LINE('',#3358,#3359);
#3358 = CARTESIAN_POINT('',(0.,0.));
#3359 = VECTOR('',#3360,1.);
#3360 = DIRECTION('',(0.,-1.));
#3361 = ( GEOMETRIC_REPRESENTATION_CONTEXT(2) 
PARAMETRIC_REPRESENTATION_CONTEXT() REPRESENTATION_CONTEXT('2D SPACE',''
  ) );
#3362 = PCURVE('',#913,#3363);
#3363 = DEFINITIONAL_REPRESENTATION('',(#3364),#3368);
#3364 = LINE('',#3365,#3366);
#3365 = CARTESIAN_POINT('',(1.414213562373,0.));
#3366 = VECTOR('',#3367,1.);
#3367 = DIRECTION('',(-0.,-1.));
#3368 = ( GEOMETRIC_REPRESENTATION_CONTEXT(2) 
PARAMETRIC_REPRESENTATION_CONTEXT() REPRESENTATION_CONTEXT('2D SPACE',''
  ) );
#3369 = ORIENTED_EDGE('',*,*,#924,.F.);
#3370 = ORIENTED_EDGE('',*,*,#3282,.F.);
#3371 = ADVANCED_FACE('',(#3372),#913,.F.);
#3372 = FACE_BOUND('',#3373,.F.);
#3373 = EDGE_LOOP('',(#3374,#3395,#3416,#3417));
#3374 = ORIENTED_EDGE('',*,*,#3375,.T.);
#3375 = EDGE_CURVE('',#3329,#3376,#3378,.T.);
#3376 = VERTEX_POINT('',#3377);
#3377 = CARTESIAN_POINT('',(0.,45.45,18.25));
#3378 = SURFACE_CURVE('',#3379,(#3383,#3389),.PCURVE_S1.);
#3379 = LINE('',#3380,#3381);
#3380 = CARTESIAN_POINT('',(-1.110223024625E-18,30.425,3.225));
#3381 = VECTOR('',#3382,1.);
#3382 = DIRECTION('',(0.,0.707106781187,0.707106781187));
#3383 = PCURVE('',#913,#3384);
#3384 = DEFINITIONAL_REPRESENTATION('',(#3385),#3388);
#3385 = B_SPLINE_CURVE_WITH_KNOTS('',1,(#3386,#3387),.UNSPECIFIED.,.F.,
  .F.,(2,2),(19.834345212283,21.248558774656),.PIECEWISE_BEZIER_KNOTS.);
#3386 = CARTESIAN_POINT('',(1.414213562373,-1.E-02));
#3387 = CARTESIAN_POINT('',(0.,-1.E-02));
#3388 = ( GEOMETRIC_REPRESENTATION_CONTEXT(2) 
PARAMETRIC_REPRESENTATION_CONTEXT() REPRESENTATION_CONTEXT('2D SPACE',''
  ) );
#3389 = PCURVE('',#1880,#3390);
#3390 = DEFINITIONAL_REPRESENTATION('',(#3391),#3394);
#3391 = B_SPLINE_CURVE_WITH_KNOTS('',1,(#3392,#3393),.UNSPECIFIED.,.F.,
  .F.,(2,2),(19.834345212283,21.248558774656),.PIECEWISE_BEZIER_KNOTS.);
#3392 = CARTESIAN_POINT('',(40.85,-17.25));
#3393 = CARTESIAN_POINT('',(41.85,-18.25));
#3394 = ( GEOMETRIC_REPRESENTATION_CONTEXT(2) 
PARAMETRIC_REPRESENTATION_CONTEXT() REPRESENTATION_CONTEXT('2D SPACE',''
  ) );
#3395 = ORIENTED_EDGE('',*,*,#3396,.T.);
#3396 = EDGE_CURVE('',#3376,#873,#3397,.T.);
#3397 = SURFACE_CURVE('',#3398,(#3402,#3409),.PCURVE_S1.);
#3398 = LINE('',#3399,#3400);
#3399 = CARTESIAN_POINT('',(1.E-02,45.45,18.25));
#3400 = VECTOR('',#3401,1.);
#3401 = DIRECTION('',(-1.,0.,0.));
#3402 = PCURVE('',#913,#3403);
#3403 = DEFINITIONAL_REPRESENTATION('',(#3404),#3408);
#3404 = LINE('',#3405,#3406);
#3405 = CARTESIAN_POINT('',(0.,0.));
#3406 = VECTOR('',#3407,1.);
#3407 = DIRECTION('',(-0.,-1.));
#3408 = ( GEOMETRIC_REPRESENTATION_CONTEXT(2) 
PARAMETRIC_REPRESENTATION_CONTEXT() REPRESENTATION_CONTEXT('2D SPACE',''
  ) );
#3409 = PCURVE('',#887,#3410);
#3410 = DEFINITIONAL_REPRESENTATION('',(#3411),#3415);
#3411 = LINE('',#3412,#3413);
#3412 = CARTESIAN_POINT('',(1.414213562373,0.));
#3413 = VECTOR('',#3414,1.);
#3414 = DIRECTION('',(0.,-1.));
#3415 = ( GEOMETRIC_REPRESENTATION_CONTEXT(2) 
PARAMETRIC_REPRESENTATION_CONTEXT() REPRESENTATION_CONTEXT('2D SPACE',''
  ) );
#3416 = ORIENTED_EDGE('',*,*,#898,.F.);
#3417 = ORIENTED_EDGE('',*,*,#3349,.F.);
#3418 = ADVANCED_FACE('',(#3419),#887,.F.);
#3419 = FACE_BOUND('',#3420,.F.);
#3420 = EDGE_LOOP('',(#3421,#3442,#3463,#3464));
#3421 = ORIENTED_EDGE('',*,*,#3422,.T.);
#3422 = EDGE_CURVE('',#3376,#3423,#3425,.T.);
#3423 = VERTEX_POINT('',#3424);
#3424 = CARTESIAN_POINT('',(0.,46.45,17.25));
#3425 = SURFACE_CURVE('',#3426,(#3430,#3436),.PCURVE_S1.);
#3426 = LINE('',#3427,#3428);
#3427 = CARTESIAN_POINT('',(-1.110223024625E-18,40.05,23.65));
#3428 = VECTOR('',#3429,1.);
#3429 = DIRECTION('',(0.,0.707106781187,-0.707106781187));
#3430 = PCURVE('',#887,#3431);
#3431 = DEFINITIONAL_REPRESENTATION('',(#3432),#3435);
#3432 = B_SPLINE_CURVE_WITH_KNOTS('',1,(#3433,#3434),.UNSPECIFIED.,.F.,
  .F.,(2,2),(7.636753236815,9.050966799188),.PIECEWISE_BEZIER_KNOTS.);
#3433 = CARTESIAN_POINT('',(1.414213562373,-1.E-02));
#3434 = CARTESIAN_POINT('',(0.,-1.E-02));
#3435 = ( GEOMETRIC_REPRESENTATION_CONTEXT(2) 
PARAMETRIC_REPRESENTATION_CONTEXT() REPRESENTATION_CONTEXT('2D SPACE',''
  ) );
#3436 = PCURVE('',#1880,#3437);
#3437 = DEFINITIONAL_REPRESENTATION('',(#3438),#3441);
#3438 = B_SPLINE_CURVE_WITH_KNOTS('',1,(#3439,#3440),.UNSPECIFIED.,.F.,
  .F.,(2,2),(7.636753236815,9.050966799188),.PIECEWISE_BEZIER_KNOTS.);
#3439 = CARTESIAN_POINT('',(41.85,-18.25));
#3440 = CARTESIAN_POINT('',(42.85,-17.25));
#3441 = ( GEOMETRIC_REPRESENTATION_CONTEXT(2) 
PARAMETRIC_REPRESENTATION_CONTEXT() REPRESENTATION_CONTEXT('2D SPACE',''
  ) );
#3442 = ORIENTED_EDGE('',*,*,#3443,.T.);
#3443 = EDGE_CURVE('',#3423,#847,#3444,.T.);
#3444 = SURFACE_CURVE('',#3445,(#3449,#3456),.PCURVE_S1.);
#3445 = LINE('',#3446,#3447);
#3446 = CARTESIAN_POINT('',(1.E-02,46.45,17.25));
#3447 = VECTOR('',#3448,1.);
#3448 = DIRECTION('',(-1.,0.,0.));
#3449 = PCURVE('',#887,#3450);
#3450 = DEFINITIONAL_REPRESENTATION('',(#3451),#3455);
#3451 = LINE('',#3452,#3453);
#3452 = CARTESIAN_POINT('',(0.,0.));
#3453 = VECTOR('',#3454,1.);
#3454 = DIRECTION('',(0.,-1.));
#3455 = ( GEOMETRIC_REPRESENTATION_CONTEXT(2) 
PARAMETRIC_REPRESENTATION_CONTEXT() REPRESENTATION_CONTEXT('2D SPACE',''
  ) );
#3456 = PCURVE('',#861,#3457);
#3457 = DEFINITIONAL_REPRESENTATION('',(#3458),#3462);
#3458 = LINE('',#3459,#3460);
#3459 = CARTESIAN_POINT('',(11.,0.));
#3460 = VECTOR('',#3461,1.);
#3461 = DIRECTION('',(0.,-1.));
#3462 = ( GEOMETRIC_REPRESENTATION_CONTEXT(2) 
PARAMETRIC_REPRESENTATION_CONTEXT() REPRESENTATION_CONTEXT('2D SPACE',''
  ) );
#3463 = ORIENTED_EDGE('',*,*,#872,.F.);
#3464 = ORIENTED_EDGE('',*,*,#3396,.F.);
#3465 = ADVANCED_FACE('',(#3466),#861,.F.);
#3466 = FACE_BOUND('',#3467,.F.);
#3467 = EDGE_LOOP('',(#3468,#3487,#3488,#3489));
#3468 = ORIENTED_EDGE('',*,*,#3469,.T.);
#3469 = EDGE_CURVE('',#3423,#3260,#3470,.T.);
#3470 = SURFACE_CURVE('',#3471,(#3475,#3481),.PCURVE_S1.);
#3471 = LINE('',#3472,#3473);
#3472 = CARTESIAN_POINT('',(0.,46.45,3.125));
#3473 = VECTOR('',#3474,1.);
#3474 = DIRECTION('',(-0.,0.,-1.));
#3475 = PCURVE('',#861,#3476);
#3476 = DEFINITIONAL_REPRESENTATION('',(#3477),#3480);
#3477 = B_SPLINE_CURVE_WITH_KNOTS('',1,(#3478,#3479),.UNSPECIFIED.,.F.,
  .F.,(2,2),(-14.125,-3.125),.PIECEWISE_BEZIER_KNOTS.);
#3478 = CARTESIAN_POINT('',(11.,-1.E-02));
#3479 = CARTESIAN_POINT('',(0.,-1.E-02));
#3480 = ( GEOMETRIC_REPRESENTATION_CONTEXT(2) 
PARAMETRIC_REPRESENTATION_CONTEXT() REPRESENTATION_CONTEXT('2D SPACE',''
  ) );
#3481 = PCURVE('',#1880,#3482);
#3482 = DEFINITIONAL_REPRESENTATION('',(#3483),#3486);
#3483 = B_SPLINE_CURVE_WITH_KNOTS('',1,(#3484,#3485),.UNSPECIFIED.,.F.,
  .F.,(2,2),(-14.125,-3.125),.PIECEWISE_BEZIER_KNOTS.);
#3484 = CARTESIAN_POINT('',(42.85,-17.25));
#3485 = CARTESIAN_POINT('',(42.85,-6.25));
#3486 = ( GEOMETRIC_REPRESENTATION_CONTEXT(2) 
PARAMETRIC_REPRESENTATION_CONTEXT() REPRESENTATION_CONTEXT('2D SPACE',''
  ) );
#3487 = ORIENTED_EDGE('',*,*,#3304,.T.);
#3488 = ORIENTED_EDGE('',*,*,#846,.F.);
#3489 = ORIENTED_EDGE('',*,*,#3443,.F.);
#3490 = ADVANCED_FACE('',(#3491),#967,.F.);
#3491 = FACE_BOUND('',#3492,.F.);
#3492 = EDGE_LOOP('',(#3493,#3516,#3537,#3538));
#3493 = ORIENTED_EDGE('',*,*,#3494,.T.);
#3494 = EDGE_CURVE('',#3495,#3497,#3499,.T.);
#3495 = VERTEX_POINT('',#3496);
#3496 = CARTESIAN_POINT('',(0.,50.45,6.25));
#3497 = VERTEX_POINT('',#3498);
#3498 = CARTESIAN_POINT('',(0.,48.45,6.25));
#3499 = SURFACE_CURVE('',#3500,(#3504,#3510),.PCURVE_S1.);
#3500 = LINE('',#3501,#3502);
#3501 = CARTESIAN_POINT('',(0.,26.025,6.25));
#3502 = VECTOR('',#3503,1.);
#3503 = DIRECTION('',(-0.,-1.,-0.));
#3504 = PCURVE('',#967,#3505);
#3505 = DEFINITIONAL_REPRESENTATION('',(#3506),#3509);
#3506 = B_SPLINE_CURVE_WITH_KNOTS('',1,(#3507,#3508),.UNSPECIFIED.,.F.,
  .F.,(2,2),(-24.425,-22.425),.PIECEWISE_BEZIER_KNOTS.);
#3507 = CARTESIAN_POINT('',(2.,-1.E-02));
#3508 = CARTESIAN_POINT('',(0.,-1.E-02));
#3509 = ( GEOMETRIC_REPRESENTATION_CONTEXT(2) 
PARAMETRIC_REPRESENTATION_CONTEXT() REPRESENTATION_CONTEXT('2D SPACE',''
  ) );
#3510 = PCURVE('',#1880,#3511);
#3511 = DEFINITIONAL_REPRESENTATION('',(#3512),#3515);
#3512 = B_SPLINE_CURVE_WITH_KNOTS('',1,(#3513,#3514),.UNSPECIFIED.,.F.,
  .F.,(2,2),(-24.425,-22.425),.PIECEWISE_BEZIER_KNOTS.);
#3513 = CARTESIAN_POINT('',(46.85,-6.25));
#3514 = CARTESIAN_POINT('',(44.85,-6.25));
#3515 = ( GEOMETRIC_REPRESENTATION_CONTEXT(2) 
PARAMETRIC_REPRESENTATION_CONTEXT() REPRESENTATION_CONTEXT('2D SPACE',''
  ) );
#3516 = ORIENTED_EDGE('',*,*,#3517,.T.);
#3517 = EDGE_CURVE('',#3497,#953,#3518,.T.);
#3518 = SURFACE_CURVE('',#3519,(#3523,#3530),.PCURVE_S1.);
#3519 = LINE('',#3520,#3521);
#3520 = CARTESIAN_POINT('',(1.E-02,48.45,6.25));
#3521 = VECTOR('',#3522,1.);
#3522 = DIRECTION('',(-1.,0.,0.));
#3523 = PCURVE('',#967,#3524);
#3524 = DEFINITIONAL_REPRESENTATION('',(#3525),#3529);
#3525 = LINE('',#3526,#3527);
#3526 = CARTESIAN_POINT('',(0.,0.));
#3527 = VECTOR('',#3528,1.);
#3528 = DIRECTION('',(0.,-1.));
#3529 = ( GEOMETRIC_REPRESENTATION_CONTEXT(2) 
PARAMETRIC_REPRESENTATION_CONTEXT() REPRESENTATION_CONTEXT('2D SPACE',''
  ) );
#3530 = PCURVE('',#1069,#3531);
#3531 = DEFINITIONAL_REPRESENTATION('',(#3532),#3536);
#3532 = LINE('',#3533,#3534);
#3533 = CARTESIAN_POINT('',(11.,0.));
#3534 = VECTOR('',#3535,1.);
#3535 = DIRECTION('',(0.,-1.));
#3536 = ( GEOMETRIC_REPRESENTATION_CONTEXT(2) 
PARAMETRIC_REPRESENTATION_CONTEXT() REPRESENTATION_CONTEXT('2D SPACE',''
  ) );
#3537 = ORIENTED_EDGE('',*,*,#950,.F.);
#3538 = ORIENTED_EDGE('',*,*,#3539,.F.);
#3539 = EDGE_CURVE('',#3495,#951,#3540,.T.);
#3540 = SURFACE_CURVE('',#3541,(#3545,#3552),.PCURVE_S1.);
#3541 = LINE('',#3542,#3543);
#3542 = CARTESIAN_POINT('',(1.E-02,50.45,6.25));
#3543 = VECTOR('',#3544,1.);
#3544 = DIRECTION('',(-1.,0.,0.));
#3545 = PCURVE('',#967,#3546);
#3546 = DEFINITIONAL_REPRESENTATION('',(#3547),#3551);
#3547 = LINE('',#3548,#3549);
#3548 = CARTESIAN_POINT('',(2.,0.));
#3549 = VECTOR('',#3550,1.);
#3550 = DIRECTION('',(0.,-1.));
#3551 = ( GEOMETRIC_REPRESENTATION_CONTEXT(2) 
PARAMETRIC_REPRESENTATION_CONTEXT() REPRESENTATION_CONTEXT('2D SPACE',''
  ) );
#3552 = PCURVE('',#993,#3553);
#3553 = DEFINITIONAL_REPRESENTATION('',(#3554),#3558);
#3554 = LINE('',#3555,#3556);
#3555 = CARTESIAN_POINT('',(0.,0.));
#3556 = VECTOR('',#3557,1.);
#3557 = DIRECTION('',(0.,-1.));
#3558 = ( GEOMETRIC_REPRESENTATION_CONTEXT(2) 
PARAMETRIC_REPRESENTATION_CONTEXT() REPRESENTATION_CONTEXT('2D SPACE',''
  ) );
#3559 = ADVANCED_FACE('',(#3560),#1069,.F.);
#3560 = FACE_BOUND('',#3561,.F.);
#3561 = EDGE_LOOP('',(#3562,#3583,#3604,#3605));
#3562 = ORIENTED_EDGE('',*,*,#3563,.T.);
#3563 = EDGE_CURVE('',#3497,#3564,#3566,.T.);
#3564 = VERTEX_POINT('',#3565);
#3565 = CARTESIAN_POINT('',(0.,48.45,17.25));
#3566 = SURFACE_CURVE('',#3567,(#3571,#3577),.PCURVE_S1.);
#3567 = LINE('',#3568,#3569);
#3568 = CARTESIAN_POINT('',(0.,48.45,8.625));
#3569 = VECTOR('',#3570,1.);
#3570 = DIRECTION('',(0.,-0.,1.));
#3571 = PCURVE('',#1069,#3572);
#3572 = DEFINITIONAL_REPRESENTATION('',(#3573),#3576);
#3573 = B_SPLINE_CURVE_WITH_KNOTS('',1,(#3574,#3575),.UNSPECIFIED.,.F.,
  .F.,(2,2),(-2.375,8.625),.PIECEWISE_BEZIER_KNOTS.);
#3574 = CARTESIAN_POINT('',(11.,-1.E-02));
#3575 = CARTESIAN_POINT('',(0.,-1.E-02));
#3576 = ( GEOMETRIC_REPRESENTATION_CONTEXT(2) 
PARAMETRIC_REPRESENTATION_CONTEXT() REPRESENTATION_CONTEXT('2D SPACE',''
  ) );
#3577 = PCURVE('',#1880,#3578);
#3578 = DEFINITIONAL_REPRESENTATION('',(#3579),#3582);
#3579 = B_SPLINE_CURVE_WITH_KNOTS('',1,(#3580,#3581),.UNSPECIFIED.,.F.,
  .F.,(2,2),(-2.375,8.625),.PIECEWISE_BEZIER_KNOTS.);
#3580 = CARTESIAN_POINT('',(44.85,-6.25));
#3581 = CARTESIAN_POINT('',(44.85,-17.25));
#3582 = ( GEOMETRIC_REPRESENTATION_CONTEXT(2) 
PARAMETRIC_REPRESENTATION_CONTEXT() REPRESENTATION_CONTEXT('2D SPACE',''
  ) );
#3583 = ORIENTED_EDGE('',*,*,#3584,.T.);
#3584 = EDGE_CURVE('',#3564,#1031,#3585,.T.);
#3585 = SURFACE_CURVE('',#3586,(#3590,#3597),.PCURVE_S1.);
#3586 = LINE('',#3587,#3588);
#3587 = CARTESIAN_POINT('',(1.E-02,48.45,17.25));
#3588 = VECTOR('',#3589,1.);
#3589 = DIRECTION('',(-1.,0.,0.));
#3590 = PCURVE('',#1069,#3591);
#3591 = DEFINITIONAL_REPRESENTATION('',(#3592),#3596);
#3592 = LINE('',#3593,#3594);
#3593 = CARTESIAN_POINT('',(0.,0.));
#3594 = VECTOR('',#3595,1.);
#3595 = DIRECTION('',(0.,-1.));
#3596 = ( GEOMETRIC_REPRESENTATION_CONTEXT(2) 
PARAMETRIC_REPRESENTATION_CONTEXT() REPRESENTATION_CONTEXT('2D SPACE',''
  ) );
#3597 = PCURVE('',#1045,#3598);
#3598 = DEFINITIONAL_REPRESENTATION('',(#3599),#3603);
#3599 = LINE('',#3600,#3601);
#3600 = CARTESIAN_POINT('',(1.414213562373,0.));
#3601 = VECTOR('',#3602,1.);
#3602 = DIRECTION('',(-0.,-1.));
#3603 = ( GEOMETRIC_REPRESENTATION_CONTEXT(2) 
PARAMETRIC_REPRESENTATION_CONTEXT() REPRESENTATION_CONTEXT('2D SPACE',''
  ) );
#3604 = ORIENTED_EDGE('',*,*,#1056,.F.);
#3605 = ORIENTED_EDGE('',*,*,#3517,.F.);
#3606 = ADVANCED_FACE('',(#3607),#1045,.F.);
#3607 = FACE_BOUND('',#3608,.F.);
#3608 = EDGE_LOOP('',(#3609,#3630,#3651,#3652));
#3609 = ORIENTED_EDGE('',*,*,#3610,.T.);
#3610 = EDGE_CURVE('',#3564,#3611,#3613,.T.);
#3611 = VERTEX_POINT('',#3612);
#3612 = CARTESIAN_POINT('',(0.,49.45,18.25));
#3613 = SURFACE_CURVE('',#3614,(#3618,#3624),.PCURVE_S1.);
#3614 = LINE('',#3615,#3616);
#3615 = CARTESIAN_POINT('',(-1.110223024625E-18,33.425,2.225));
#3616 = VECTOR('',#3617,1.);
#3617 = DIRECTION('',(0.,0.707106781187,0.707106781187));
#3618 = PCURVE('',#1045,#3619);
#3619 = DEFINITIONAL_REPRESENTATION('',(#3620),#3623);
#3620 = B_SPLINE_CURVE_WITH_KNOTS('',1,(#3621,#3622),.UNSPECIFIED.,.F.,
  .F.,(2,2),(21.248558774656,22.662772337029),.PIECEWISE_BEZIER_KNOTS.);
#3621 = CARTESIAN_POINT('',(1.414213562373,-1.E-02));
#3622 = CARTESIAN_POINT('',(0.,-1.E-02));
#3623 = ( GEOMETRIC_REPRESENTATION_CONTEXT(2) 
PARAMETRIC_REPRESENTATION_CONTEXT() REPRESENTATION_CONTEXT('2D SPACE',''
  ) );
#3624 = PCURVE('',#1880,#3625);
#3625 = DEFINITIONAL_REPRESENTATION('',(#3626),#3629);
#3626 = B_SPLINE_CURVE_WITH_KNOTS('',1,(#3627,#3628),.UNSPECIFIED.,.F.,
  .F.,(2,2),(21.248558774656,22.662772337029),.PIECEWISE_BEZIER_KNOTS.);
#3627 = CARTESIAN_POINT('',(44.85,-17.25));
#3628 = CARTESIAN_POINT('',(45.85,-18.25));
#3629 = ( GEOMETRIC_REPRESENTATION_CONTEXT(2) 
PARAMETRIC_REPRESENTATION_CONTEXT() REPRESENTATION_CONTEXT('2D SPACE',''
  ) );
#3630 = ORIENTED_EDGE('',*,*,#3631,.T.);
#3631 = EDGE_CURVE('',#3611,#1005,#3632,.T.);
#3632 = SURFACE_CURVE('',#3633,(#3637,#3644),.PCURVE_S1.);
#3633 = LINE('',#3634,#3635);
#3634 = CARTESIAN_POINT('',(1.E-02,49.45,18.25));
#3635 = VECTOR('',#3636,1.);
#3636 = DIRECTION('',(-1.,0.,0.));
#3637 = PCURVE('',#1045,#3638);
#3638 = DEFINITIONAL_REPRESENTATION('',(#3639),#3643);
#3639 = LINE('',#3640,#3641);
#3640 = CARTESIAN_POINT('',(0.,0.));
#3641 = VECTOR('',#3642,1.);
#3642 = DIRECTION('',(-0.,-1.));
#3643 = ( GEOMETRIC_REPRESENTATION_CONTEXT(2) 
PARAMETRIC_REPRESENTATION_CONTEXT() REPRESENTATION_CONTEXT('2D SPACE',''
  ) );
#3644 = PCURVE('',#1019,#3645);
#3645 = DEFINITIONAL_REPRESENTATION('',(#3646),#3650);
#3646 = LINE('',#3647,#3648);
#3647 = CARTESIAN_POINT('',(1.414213562373,0.));
#3648 = VECTOR('',#3649,1.);
#3649 = DIRECTION('',(0.,-1.));
#3650 = ( GEOMETRIC_REPRESENTATION_CONTEXT(2) 
PARAMETRIC_REPRESENTATION_CONTEXT() REPRESENTATION_CONTEXT('2D SPACE',''
  ) );
#3651 = ORIENTED_EDGE('',*,*,#1030,.F.);
#3652 = ORIENTED_EDGE('',*,*,#3584,.F.);
#3653 = ADVANCED_FACE('',(#3654),#1019,.F.);
#3654 = FACE_BOUND('',#3655,.F.);
#3655 = EDGE_LOOP('',(#3656,#3677,#3698,#3699));
#3656 = ORIENTED_EDGE('',*,*,#3657,.T.);
#3657 = EDGE_CURVE('',#3611,#3658,#3660,.T.);
#3658 = VERTEX_POINT('',#3659);
#3659 = CARTESIAN_POINT('',(0.,50.45,17.25));
#3660 = SURFACE_CURVE('',#3661,(#3665,#3671),.PCURVE_S1.);
#3661 = LINE('',#3662,#3663);
#3662 = CARTESIAN_POINT('',(-1.110223024625E-18,43.05,24.65));
#3663 = VECTOR('',#3664,1.);
#3664 = DIRECTION('',(0.,0.707106781187,-0.707106781187));
#3665 = PCURVE('',#1019,#3666);
#3666 = DEFINITIONAL_REPRESENTATION('',(#3667),#3670);
#3667 = B_SPLINE_CURVE_WITH_KNOTS('',1,(#3668,#3669),.UNSPECIFIED.,.F.,
  .F.,(2,2),(9.050966799188,10.465180361561),.PIECEWISE_BEZIER_KNOTS.);
#3668 = CARTESIAN_POINT('',(1.414213562373,-1.E-02));
#3669 = CARTESIAN_POINT('',(0.,-1.E-02));
#3670 = ( GEOMETRIC_REPRESENTATION_CONTEXT(2) 
PARAMETRIC_REPRESENTATION_CONTEXT() REPRESENTATION_CONTEXT('2D SPACE',''
  ) );
#3671 = PCURVE('',#1880,#3672);
#3672 = DEFINITIONAL_REPRESENTATION('',(#3673),#3676);
#3673 = B_SPLINE_CURVE_WITH_KNOTS('',1,(#3674,#3675),.UNSPECIFIED.,.F.,
  .F.,(2,2),(9.050966799188,10.465180361561),.PIECEWISE_BEZIER_KNOTS.);
#3674 = CARTESIAN_POINT('',(45.85,-18.25));
#3675 = CARTESIAN_POINT('',(46.85,-17.25));
#3676 = ( GEOMETRIC_REPRESENTATION_CONTEXT(2) 
PARAMETRIC_REPRESENTATION_CONTEXT() REPRESENTATION_CONTEXT('2D SPACE',''
  ) );
#3677 = ORIENTED_EDGE('',*,*,#3678,.T.);
#3678 = EDGE_CURVE('',#3658,#979,#3679,.T.);
#3679 = SURFACE_CURVE('',#3680,(#3684,#3691),.PCURVE_S1.);
#3680 = LINE('',#3681,#3682);
#3681 = CARTESIAN_POINT('',(1.E-02,50.45,17.25));
#3682 = VECTOR('',#3683,1.);
#3683 = DIRECTION('',(-1.,0.,0.));
#3684 = PCURVE('',#1019,#3685);
#3685 = DEFINITIONAL_REPRESENTATION('',(#3686),#3690);
#3686 = LINE('',#3687,#3688);
#3687 = CARTESIAN_POINT('',(0.,0.));
#3688 = VECTOR('',#3689,1.);
#3689 = DIRECTION('',(0.,-1.));
#3690 = ( GEOMETRIC_REPRESENTATION_CONTEXT(2) 
PARAMETRIC_REPRESENTATION_CONTEXT() REPRESENTATION_CONTEXT('2D SPACE',''
  ) );
#3691 = PCURVE('',#993,#3692);
#3692 = DEFINITIONAL_REPRESENTATION('',(#3693),#3697);
#3693 = LINE('',#3694,#3695);
#3694 = CARTESIAN_POINT('',(11.,0.));
#3695 = VECTOR('',#3696,1.);
#3696 = DIRECTION('',(0.,-1.));
#3697 = ( GEOMETRIC_REPRESENTATION_CONTEXT(2) 
PARAMETRIC_REPRESENTATION_CONTEXT() REPRESENTATION_CONTEXT('2D SPACE',''
  ) );
#3698 = ORIENTED_EDGE('',*,*,#1004,.F.);
#3699 = ORIENTED_EDGE('',*,*,#3631,.F.);
#3700 = ADVANCED_FACE('',(#3701),#993,.F.);
#3701 = FACE_BOUND('',#3702,.F.);
#3702 = EDGE_LOOP('',(#3703,#3722,#3723,#3724));
#3703 = ORIENTED_EDGE('',*,*,#3704,.T.);
#3704 = EDGE_CURVE('',#3658,#3495,#3705,.T.);
#3705 = SURFACE_CURVE('',#3706,(#3710,#3716),.PCURVE_S1.);
#3706 = LINE('',#3707,#3708);
#3707 = CARTESIAN_POINT('',(0.,50.45,3.125));
#3708 = VECTOR('',#3709,1.);
#3709 = DIRECTION('',(-0.,0.,-1.));
#3710 = PCURVE('',#993,#3711);
#3711 = DEFINITIONAL_REPRESENTATION('',(#3712),#3715);
#3712 = B_SPLINE_CURVE_WITH_KNOTS('',1,(#3713,#3714),.UNSPECIFIED.,.F.,
  .F.,(2,2),(-14.125,-3.125),.PIECEWISE_BEZIER_KNOTS.);
#3713 = CARTESIAN_POINT('',(11.,-1.E-02));
#3714 = CARTESIAN_POINT('',(0.,-1.E-02));
#3715 = ( GEOMETRIC_REPRESENTATION_CONTEXT(2) 
PARAMETRIC_REPRESENTATION_CONTEXT() REPRESENTATION_CONTEXT('2D SPACE',''
  ) );
#3716 = PCURVE('',#1880,#3717);
#3717 = DEFINITIONAL_REPRESENTATION('',(#3718),#3721);
#3718 = B_SPLINE_CURVE_WITH_KNOTS('',1,(#3719,#3720),.UNSPECIFIED.,.F.,
  .F.,(2,2),(-14.125,-3.125),.PIECEWISE_BEZIER_KNOTS.);
#3719 = CARTESIAN_POINT('',(46.85,-17.25));
#3720 = CARTESIAN_POINT('',(46.85,-6.25));
#3721 = ( GEOMETRIC_REPRESENTATION_CONTEXT(2) 
PARAMETRIC_REPRESENTATION_CONTEXT() REPRESENTATION_CONTEXT('2D SPACE',''
  ) );
#3722 = ORIENTED_EDGE('',*,*,#3539,.T.);
#3723 = ORIENTED_EDGE('',*,*,#978,.F.);
#3724 = ORIENTED_EDGE('',*,*,#3678,.F.);
#3725 = ADVANCED_FACE('',(#3726),#1099,.F.);
#3726 = FACE_BOUND('',#3727,.F.);
#3727 = EDGE_LOOP('',(#3728,#3751,#3772,#3773));
#3728 = ORIENTED_EDGE('',*,*,#3729,.T.);
#3729 = EDGE_CURVE('',#3730,#3732,#3734,.T.);
#3730 = VERTEX_POINT('',#3731);
#3731 = CARTESIAN_POINT('',(0.,54.45,6.25));
#3732 = VERTEX_POINT('',#3733);
#3733 = CARTESIAN_POINT('',(0.,52.45,6.25));
#3734 = SURFACE_CURVE('',#3735,(#3739,#3745),.PCURVE_S1.);
#3735 = LINE('',#3736,#3737);
#3736 = CARTESIAN_POINT('',(0.,28.025,6.25));
#3737 = VECTOR('',#3738,1.);
#3738 = DIRECTION('',(-0.,-1.,-0.));
#3739 = PCURVE('',#1099,#3740);
#3740 = DEFINITIONAL_REPRESENTATION('',(#3741),#3744);
#3741 = B_SPLINE_CURVE_WITH_KNOTS('',1,(#3742,#3743),.UNSPECIFIED.,.F.,
  .F.,(2,2),(-26.425,-24.425),.PIECEWISE_BEZIER_KNOTS.);
#3742 = CARTESIAN_POINT('',(2.,-1.E-02));
#3743 = CARTESIAN_POINT('',(0.,-1.E-02));
#3744 = ( GEOMETRIC_REPRESENTATION_CONTEXT(2) 
PARAMETRIC_REPRESENTATION_CONTEXT() REPRESENTATION_CONTEXT('2D SPACE',''
  ) );
#3745 = PCURVE('',#1880,#3746);
#3746 = DEFINITIONAL_REPRESENTATION('',(#3747),#3750);
#3747 = B_SPLINE_CURVE_WITH_KNOTS('',1,(#3748,#3749),.UNSPECIFIED.,.F.,
  .F.,(2,2),(-26.425,-24.425),.PIECEWISE_BEZIER_KNOTS.);
#3748 = CARTESIAN_POINT('',(50.85,-6.25));
#3749 = CARTESIAN_POINT('',(48.85,-6.25));
#3750 = ( GEOMETRIC_REPRESENTATION_CONTEXT(2) 
PARAMETRIC_REPRESENTATION_CONTEXT() REPRESENTATION_CONTEXT('2D SPACE',''
  ) );
#3751 = ORIENTED_EDGE('',*,*,#3752,.T.);
#3752 = EDGE_CURVE('',#3732,#1085,#3753,.T.);
#3753 = SURFACE_CURVE('',#3754,(#3758,#3765),.PCURVE_S1.);
#3754 = LINE('',#3755,#3756);
#3755 = CARTESIAN_POINT('',(1.E-02,52.45,6.25));
#3756 = VECTOR('',#3757,1.);
#3757 = DIRECTION('',(-1.,0.,0.));
#3758 = PCURVE('',#1099,#3759);
#3759 = DEFINITIONAL_REPRESENTATION('',(#3760),#3764);
#3760 = LINE('',#3761,#3762);
#3761 = CARTESIAN_POINT('',(0.,0.));
#3762 = VECTOR('',#3763,1.);
#3763 = DIRECTION('',(0.,-1.));
#3764 = ( GEOMETRIC_REPRESENTATION_CONTEXT(2) 
PARAMETRIC_REPRESENTATION_CONTEXT() REPRESENTATION_CONTEXT('2D SPACE',''
  ) );
#3765 = PCURVE('',#1201,#3766);
#3766 = DEFINITIONAL_REPRESENTATION('',(#3767),#3771);
#3767 = LINE('',#3768,#3769);
#3768 = CARTESIAN_POINT('',(11.,0.));
#3769 = VECTOR('',#3770,1.);
#3770 = DIRECTION('',(0.,-1.));
#3771 = ( GEOMETRIC_REPRESENTATION_CONTEXT(2) 
PARAMETRIC_REPRESENTATION_CONTEXT() REPRESENTATION_CONTEXT('2D SPACE',''
  ) );
#3772 = ORIENTED_EDGE('',*,*,#1082,.F.);
#3773 = ORIENTED_EDGE('',*,*,#3774,.F.);
#3774 = EDGE_CURVE('',#3730,#1083,#3775,.T.);
#3775 = SURFACE_CURVE('',#3776,(#3780,#3787),.PCURVE_S1.);
#3776 = LINE('',#3777,#3778);
#3777 = CARTESIAN_POINT('',(1.E-02,54.45,6.25));
#3778 = VECTOR('',#3779,1.);
#3779 = DIRECTION('',(-1.,0.,0.));
#3780 = PCURVE('',#1099,#3781);
#3781 = DEFINITIONAL_REPRESENTATION('',(#3782),#3786);
#3782 = LINE('',#3783,#3784);
#3783 = CARTESIAN_POINT('',(2.,0.));
#3784 = VECTOR('',#3785,1.);
#3785 = DIRECTION('',(0.,-1.));
#3786 = ( GEOMETRIC_REPRESENTATION_CONTEXT(2) 
PARAMETRIC_REPRESENTATION_CONTEXT() REPRESENTATION_CONTEXT('2D SPACE',''
  ) );
#3787 = PCURVE('',#1125,#3788);
#3788 = DEFINITIONAL_REPRESENTATION('',(#3789),#3793);
#3789 = LINE('',#3790,#3791);
#3790 = CARTESIAN_POINT('',(0.,0.));
#3791 = VECTOR('',#3792,1.);
#3792 = DIRECTION('',(0.,-1.));
#3793 = ( GEOMETRIC_REPRESENTATION_CONTEXT(2) 
PARAMETRIC_REPRESENTATION_CONTEXT() REPRESENTATION_CONTEXT('2D SPACE',''
  ) );
#3794 = ADVANCED_FACE('',(#3795),#1201,.F.);
#3795 = FACE_BOUND('',#3796,.F.);
#3796 = EDGE_LOOP('',(#3797,#3818,#3839,#3840));
#3797 = ORIENTED_EDGE('',*,*,#3798,.T.);
#3798 = EDGE_CURVE('',#3732,#3799,#3801,.T.);
#3799 = VERTEX_POINT('',#3800);
#3800 = CARTESIAN_POINT('',(0.,52.45,17.25));
#3801 = SURFACE_CURVE('',#3802,(#3806,#3812),.PCURVE_S1.);
#3802 = LINE('',#3803,#3804);
#3803 = CARTESIAN_POINT('',(0.,52.45,8.625));
#3804 = VECTOR('',#3805,1.);
#3805 = DIRECTION('',(0.,-0.,1.));
#3806 = PCURVE('',#1201,#3807);
#3807 = DEFINITIONAL_REPRESENTATION('',(#3808),#3811);
#3808 = B_SPLINE_CURVE_WITH_KNOTS('',1,(#3809,#3810),.UNSPECIFIED.,.F.,
  .F.,(2,2),(-2.375,8.625),.PIECEWISE_BEZIER_KNOTS.);
#3809 = CARTESIAN_POINT('',(11.,-1.E-02));
#3810 = CARTESIAN_POINT('',(0.,-1.E-02));
#3811 = ( GEOMETRIC_REPRESENTATION_CONTEXT(2) 
PARAMETRIC_REPRESENTATION_CONTEXT() REPRESENTATION_CONTEXT('2D SPACE',''
  ) );
#3812 = PCURVE('',#1880,#3813);
#3813 = DEFINITIONAL_REPRESENTATION('',(#3814),#3817);
#3814 = B_SPLINE_CURVE_WITH_KNOTS('',1,(#3815,#3816),.UNSPECIFIED.,.F.,
  .F.,(2,2),(-2.375,8.625),.PIECEWISE_BEZIER_KNOTS.);
#3815 = CARTESIAN_POINT('',(48.85,-6.25));
#3816 = CARTESIAN_POINT('',(48.85,-17.25));
#3817 = ( GEOMETRIC_REPRESENTATION_CONTEXT(2) 
PARAMETRIC_REPRESENTATION_CONTEXT() REPRESENTATION_CONTEXT('2D SPACE',''
  ) );
#3818 = ORIENTED_EDGE('',*,*,#3819,.T.);
#3819 = EDGE_CURVE('',#3799,#1163,#3820,.T.);
#3820 = SURFACE_CURVE('',#3821,(#3825,#3832),.PCURVE_S1.);
#3821 = LINE('',#3822,#3823);
#3822 = CARTESIAN_POINT('',(1.E-02,52.45,17.25));
#3823 = VECTOR('',#3824,1.);
#3824 = DIRECTION('',(-1.,0.,0.));
#3825 = PCURVE('',#1201,#3826);
#3826 = DEFINITIONAL_REPRESENTATION('',(#3827),#3831);
#3827 = LINE('',#3828,#3829);
#3828 = CARTESIAN_POINT('',(0.,0.));
#3829 = VECTOR('',#3830,1.);
#3830 = DIRECTION('',(0.,-1.));
#3831 = ( GEOMETRIC_REPRESENTATION_CONTEXT(2) 
PARAMETRIC_REPRESENTATION_CONTEXT() REPRESENTATION_CONTEXT('2D SPACE',''
  ) );
#3832 = PCURVE('',#1177,#3833);
#3833 = DEFINITIONAL_REPRESENTATION('',(#3834),#3838);
#3834 = LINE('',#3835,#3836);
#3835 = CARTESIAN_POINT('',(1.414213562373,0.));
#3836 = VECTOR('',#3837,1.);
#3837 = DIRECTION('',(-0.,-1.));
#3838 = ( GEOMETRIC_REPRESENTATION_CONTEXT(2) 
PARAMETRIC_REPRESENTATION_CONTEXT() REPRESENTATION_CONTEXT('2D SPACE',''
  ) );
#3839 = ORIENTED_EDGE('',*,*,#1188,.F.);
#3840 = ORIENTED_EDGE('',*,*,#3752,.F.);
#3841 = ADVANCED_FACE('',(#3842),#1177,.F.);
#3842 = FACE_BOUND('',#3843,.F.);
#3843 = EDGE_LOOP('',(#3844,#3865,#3886,#3887));
#3844 = ORIENTED_EDGE('',*,*,#3845,.T.);
#3845 = EDGE_CURVE('',#3799,#3846,#3848,.T.);
#3846 = VERTEX_POINT('',#3847);
#3847 = CARTESIAN_POINT('',(0.,53.45,18.25));
#3848 = SURFACE_CURVE('',#3849,(#3853,#3859),.PCURVE_S1.);
#3849 = LINE('',#3850,#3851);
#3850 = CARTESIAN_POINT('',(-1.110223024625E-18,36.425,1.225));
#3851 = VECTOR('',#3852,1.);
#3852 = DIRECTION('',(0.,0.707106781187,0.707106781187));
#3853 = PCURVE('',#1177,#3854);
#3854 = DEFINITIONAL_REPRESENTATION('',(#3855),#3858);
#3855 = B_SPLINE_CURVE_WITH_KNOTS('',1,(#3856,#3857),.UNSPECIFIED.,.F.,
  .F.,(2,2),(22.662772337029,24.076985899402),.PIECEWISE_BEZIER_KNOTS.);
#3856 = CARTESIAN_POINT('',(1.414213562373,-1.E-02));
#3857 = CARTESIAN_POINT('',(0.,-1.E-02));
#3858 = ( GEOMETRIC_REPRESENTATION_CONTEXT(2) 
PARAMETRIC_REPRESENTATION_CONTEXT() REPRESENTATION_CONTEXT('2D SPACE',''
  ) );
#3859 = PCURVE('',#1880,#3860);
#3860 = DEFINITIONAL_REPRESENTATION('',(#3861),#3864);
#3861 = B_SPLINE_CURVE_WITH_KNOTS('',1,(#3862,#3863),.UNSPECIFIED.,.F.,
  .F.,(2,2),(22.662772337029,24.076985899402),.PIECEWISE_BEZIER_KNOTS.);
#3862 = CARTESIAN_POINT('',(48.85,-17.25));
#3863 = CARTESIAN_POINT('',(49.85,-18.25));
#3864 = ( GEOMETRIC_REPRESENTATION_CONTEXT(2) 
PARAMETRIC_REPRESENTATION_CONTEXT() REPRESENTATION_CONTEXT('2D SPACE',''
  ) );
#3865 = ORIENTED_EDGE('',*,*,#3866,.T.);
#3866 = EDGE_CURVE('',#3846,#1137,#3867,.T.);
#3867 = SURFACE_CURVE('',#3868,(#3872,#3879),.PCURVE_S1.);
#3868 = LINE('',#3869,#3870);
#3869 = CARTESIAN_POINT('',(1.E-02,53.45,18.25));
#3870 = VECTOR('',#3871,1.);
#3871 = DIRECTION('',(-1.,0.,0.));
#3872 = PCURVE('',#1177,#3873);
#3873 = DEFINITIONAL_REPRESENTATION('',(#3874),#3878);
#3874 = LINE('',#3875,#3876);
#3875 = CARTESIAN_POINT('',(0.,0.));
#3876 = VECTOR('',#3877,1.);
#3877 = DIRECTION('',(-0.,-1.));
#3878 = ( GEOMETRIC_REPRESENTATION_CONTEXT(2) 
PARAMETRIC_REPRESENTATION_CONTEXT() REPRESENTATION_CONTEXT('2D SPACE',''
  ) );
#3879 = PCURVE('',#1151,#3880);
#3880 = DEFINITIONAL_REPRESENTATION('',(#3881),#3885);
#3881 = LINE('',#3882,#3883);
#3882 = CARTESIAN_POINT('',(1.414213562373,0.));
#3883 = VECTOR('',#3884,1.);
#3884 = DIRECTION('',(0.,-1.));
#3885 = ( GEOMETRIC_REPRESENTATION_CONTEXT(2) 
PARAMETRIC_REPRESENTATION_CONTEXT() REPRESENTATION_CONTEXT('2D SPACE',''
  ) );
#3886 = ORIENTED_EDGE('',*,*,#1162,.F.);
#3887 = ORIENTED_EDGE('',*,*,#3819,.F.);
#3888 = ADVANCED_FACE('',(#3889),#1151,.F.);
#3889 = FACE_BOUND('',#3890,.F.);
#3890 = EDGE_LOOP('',(#3891,#3912,#3933,#3934));
#3891 = ORIENTED_EDGE('',*,*,#3892,.T.);
#3892 = EDGE_CURVE('',#3846,#3893,#3895,.T.);
#3893 = VERTEX_POINT('',#3894);
#3894 = CARTESIAN_POINT('',(0.,54.45,17.25));
#3895 = SURFACE_CURVE('',#3896,(#3900,#3906),.PCURVE_S1.);
#3896 = LINE('',#3897,#3898);
#3897 = CARTESIAN_POINT('',(-1.110223024625E-18,46.05,25.65));
#3898 = VECTOR('',#3899,1.);
#3899 = DIRECTION('',(0.,0.707106781187,-0.707106781187));
#3900 = PCURVE('',#1151,#3901);
#3901 = DEFINITIONAL_REPRESENTATION('',(#3902),#3905);
#3902 = B_SPLINE_CURVE_WITH_KNOTS('',1,(#3903,#3904),.UNSPECIFIED.,.F.,
  .F.,(2,2),(10.465180361561,11.879393923934),.PIECEWISE_BEZIER_KNOTS.);
#3903 = CARTESIAN_POINT('',(1.414213562373,-1.E-02));
#3904 = CARTESIAN_POINT('',(0.,-1.E-02));
#3905 = ( GEOMETRIC_REPRESENTATION_CONTEXT(2) 
PARAMETRIC_REPRESENTATION_CONTEXT() REPRESENTATION_CONTEXT('2D SPACE',''
  ) );
#3906 = PCURVE('',#1880,#3907);
#3907 = DEFINITIONAL_REPRESENTATION('',(#3908),#3911);
#3908 = B_SPLINE_CURVE_WITH_KNOTS('',1,(#3909,#3910),.UNSPECIFIED.,.F.,
  .F.,(2,2),(10.465180361561,11.879393923934),.PIECEWISE_BEZIER_KNOTS.);
#3909 = CARTESIAN_POINT('',(49.85,-18.25));
#3910 = CARTESIAN_POINT('',(50.85,-17.25));
#3911 = ( GEOMETRIC_REPRESENTATION_CONTEXT(2) 
PARAMETRIC_REPRESENTATION_CONTEXT() REPRESENTATION_CONTEXT('2D SPACE',''
  ) );
#3912 = ORIENTED_EDGE('',*,*,#3913,.T.);
#3913 = EDGE_CURVE('',#3893,#1111,#3914,.T.);
#3914 = SURFACE_CURVE('',#3915,(#3919,#3926),.PCURVE_S1.);
#3915 = LINE('',#3916,#3917);
#3916 = CARTESIAN_POINT('',(1.E-02,54.45,17.25));
#3917 = VECTOR('',#3918,1.);
#3918 = DIRECTION('',(-1.,0.,0.));
#3919 = PCURVE('',#1151,#3920);
#3920 = DEFINITIONAL_REPRESENTATION('',(#3921),#3925);
#3921 = LINE('',#3922,#3923);
#3922 = CARTESIAN_POINT('',(0.,0.));
#3923 = VECTOR('',#3924,1.);
#3924 = DIRECTION('',(0.,-1.));
#3925 = ( GEOMETRIC_REPRESENTATION_CONTEXT(2) 
PARAMETRIC_REPRESENTATION_CONTEXT() REPRESENTATION_CONTEXT('2D SPACE',''
  ) );
#3926 = PCURVE('',#1125,#3927);
#3927 = DEFINITIONAL_REPRESENTATION('',(#3928),#3932);
#3928 = LINE('',#3929,#3930);
#3929 = CARTESIAN_POINT('',(11.,0.));
#3930 = VECTOR('',#3931,1.);
#3931 = DIRECTION('',(0.,-1.));
#3932 = ( GEOMETRIC_REPRESENTATION_CONTEXT(2) 
PARAMETRIC_REPRESENTATION_CONTEXT() REPRESENTATION_CONTEXT('2D SPACE',''
  ) );
#3933 = ORIENTED_EDGE('',*,*,#1136,.F.);
#3934 = ORIENTED_EDGE('',*,*,#3866,.F.);
#3935 = ADVANCED_FACE('',(#3936),#1125,.F.);
#3936 = FACE_BOUND('',#3937,.F.);
#3937 = EDGE_LOOP('',(#3938,#3957,#3958,#3959));
#3938 = ORIENTED_EDGE('',*,*,#3939,.T.);
#3939 = EDGE_CURVE('',#3893,#3730,#3940,.T.);
#3940 = SURFACE_CURVE('',#3941,(#3945,#3951),.PCURVE_S1.);
#3941 = LINE('',#3942,#3943);
#3942 = CARTESIAN_POINT('',(0.,54.45,3.125));
#3943 = VECTOR('',#3944,1.);
#3944 = DIRECTION('',(-0.,0.,-1.));
#3945 = PCURVE('',#1125,#3946);
#3946 = DEFINITIONAL_REPRESENTATION('',(#3947),#3950);
#3947 = B_SPLINE_CURVE_WITH_KNOTS('',1,(#3948,#3949),.UNSPECIFIED.,.F.,
  .F.,(2,2),(-14.125,-3.125),.PIECEWISE_BEZIER_KNOTS.);
#3948 = CARTESIAN_POINT('',(11.,-1.E-02));
#3949 = CARTESIAN_POINT('',(0.,-1.E-02));
#3950 = ( GEOMETRIC_REPRESENTATION_CONTEXT(2) 
PARAMETRIC_REPRESENTATION_CONTEXT() REPRESENTATION_CONTEXT('2D SPACE',''
  ) );
#3951 = PCURVE('',#1880,#3952);
#3952 = DEFINITIONAL_REPRESENTATION('',(#3953),#3956);
#3953 = B_SPLINE_CURVE_WITH_KNOTS('',1,(#3954,#3955),.UNSPECIFIED.,.F.,
  .F.,(2,2),(-14.125,-3.125),.PIECEWISE_BEZIER_KNOTS.);
#3954 = CARTESIAN_POINT('',(50.85,-17.25));
#3955 = CARTESIAN_POINT('',(50.85,-6.25));
#3956 = ( GEOMETRIC_REPRESENTATION_CONTEXT(2) 
PARAMETRIC_REPRESENTATION_CONTEXT() REPRESENTATION_CONTEXT('2D SPACE',''
  ) );
#3957 = ORIENTED_EDGE('',*,*,#3774,.T.);
#3958 = ORIENTED_EDGE('',*,*,#1110,.F.);
#3959 = ORIENTED_EDGE('',*,*,#3913,.F.);
#3960 = ADVANCED_FACE('',(#3961),#1231,.F.);
#3961 = FACE_BOUND('',#3962,.F.);
#3962 = EDGE_LOOP('',(#3963,#3986,#4007,#4008));
#3963 = ORIENTED_EDGE('',*,*,#3964,.T.);
#3964 = EDGE_CURVE('',#3965,#3967,#3969,.T.);
#3965 = VERTEX_POINT('',#3966);
#3966 = CARTESIAN_POINT('',(0.,58.45,6.25));
#3967 = VERTEX_POINT('',#3968);
#3968 = CARTESIAN_POINT('',(0.,56.45,6.25));
#3969 = SURFACE_CURVE('',#3970,(#3974,#3980),.PCURVE_S1.);
#3970 = LINE('',#3971,#3972);
#3971 = CARTESIAN_POINT('',(0.,30.025,6.25));
#3972 = VECTOR('',#3973,1.);
#3973 = DIRECTION('',(-0.,-1.,-0.));
#3974 = PCURVE('',#1231,#3975);
#3975 = DEFINITIONAL_REPRESENTATION('',(#3976),#3979);
#3976 = B_SPLINE_CURVE_WITH_KNOTS('',1,(#3977,#3978),.UNSPECIFIED.,.F.,
  .F.,(2,2),(-28.425,-26.425),.PIECEWISE_BEZIER_KNOTS.);
#3977 = CARTESIAN_POINT('',(2.,-1.E-02));
#3978 = CARTESIAN_POINT('',(0.,-1.E-02));
#3979 = ( GEOMETRIC_REPRESENTATION_CONTEXT(2) 
PARAMETRIC_REPRESENTATION_CONTEXT() REPRESENTATION_CONTEXT('2D SPACE',''
  ) );
#3980 = PCURVE('',#1880,#3981);
#3981 = DEFINITIONAL_REPRESENTATION('',(#3982),#3985);
#3982 = B_SPLINE_CURVE_WITH_KNOTS('',1,(#3983,#3984),.UNSPECIFIED.,.F.,
  .F.,(2,2),(-28.425,-26.425),.PIECEWISE_BEZIER_KNOTS.);
#3983 = CARTESIAN_POINT('',(54.85,-6.25));
#3984 = CARTESIAN_POINT('',(52.85,-6.25));
#3985 = ( GEOMETRIC_REPRESENTATION_CONTEXT(2) 
PARAMETRIC_REPRESENTATION_CONTEXT() REPRESENTATION_CONTEXT('2D SPACE',''
  ) );
#3986 = ORIENTED_EDGE('',*,*,#3987,.T.);
#3987 = EDGE_CURVE('',#3967,#1217,#3988,.T.);
#3988 = SURFACE_CURVE('',#3989,(#3993,#4000),.PCURVE_S1.);
#3989 = LINE('',#3990,#3991);
#3990 = CARTESIAN_POINT('',(1.E-02,56.45,6.25));
#3991 = VECTOR('',#3992,1.);
#3992 = DIRECTION('',(-1.,0.,0.));
#3993 = PCURVE('',#1231,#3994);
#3994 = DEFINITIONAL_REPRESENTATION('',(#3995),#3999);
#3995 = LINE('',#3996,#3997);
#3996 = CARTESIAN_POINT('',(0.,0.));
#3997 = VECTOR('',#3998,1.);
#3998 = DIRECTION('',(0.,-1.));
#3999 = ( GEOMETRIC_REPRESENTATION_CONTEXT(2) 
PARAMETRIC_REPRESENTATION_CONTEXT() REPRESENTATION_CONTEXT('2D SPACE',''
  ) );
#4000 = PCURVE('',#1333,#4001);
#4001 = DEFINITIONAL_REPRESENTATION('',(#4002),#4006);
#4002 = LINE('',#4003,#4004);
#4003 = CARTESIAN_POINT('',(11.,0.));
#4004 = VECTOR('',#4005,1.);
#4005 = DIRECTION('',(0.,-1.));
#4006 = ( GEOMETRIC_REPRESENTATION_CONTEXT(2) 
PARAMETRIC_REPRESENTATION_CONTEXT() REPRESENTATION_CONTEXT('2D SPACE',''
  ) );
#4007 = ORIENTED_EDGE('',*,*,#1214,.F.);
#4008 = ORIENTED_EDGE('',*,*,#4009,.F.);
#4009 = EDGE_CURVE('',#3965,#1215,#4010,.T.);
#4010 = SURFACE_CURVE('',#4011,(#4015,#4022),.PCURVE_S1.);
#4011 = LINE('',#4012,#4013);
#4012 = CARTESIAN_POINT('',(1.E-02,58.45,6.25));
#4013 = VECTOR('',#4014,1.);
#4014 = DIRECTION('',(-1.,0.,0.));
#4015 = PCURVE('',#1231,#4016);
#4016 = DEFINITIONAL_REPRESENTATION('',(#4017),#4021);
#4017 = LINE('',#4018,#4019);
#4018 = CARTESIAN_POINT('',(2.,0.));
#4019 = VECTOR('',#4020,1.);
#4020 = DIRECTION('',(0.,-1.));
#4021 = ( GEOMETRIC_REPRESENTATION_CONTEXT(2) 
PARAMETRIC_REPRESENTATION_CONTEXT() REPRESENTATION_CONTEXT('2D SPACE',''
  ) );
#4022 = PCURVE('',#1257,#4023);
#4023 = DEFINITIONAL_REPRESENTATION('',(#4024),#4028);
#4024 = LINE('',#4025,#4026);
#4025 = CARTESIAN_POINT('',(0.,0.));
#4026 = VECTOR('',#4027,1.);
#4027 = DIRECTION('',(0.,-1.));
#4028 = ( GEOMETRIC_REPRESENTATION_CONTEXT(2) 
PARAMETRIC_REPRESENTATION_CONTEXT() REPRESENTATION_CONTEXT('2D SPACE',''
  ) );
#4029 = ADVANCED_FACE('',(#4030),#1333,.F.);
#4030 = FACE_BOUND('',#4031,.F.);
#4031 = EDGE_LOOP('',(#4032,#4053,#4074,#4075));
#4032 = ORIENTED_EDGE('',*,*,#4033,.T.);
#4033 = EDGE_CURVE('',#3967,#4034,#4036,.T.);
#4034 = VERTEX_POINT('',#4035);
#4035 = CARTESIAN_POINT('',(0.,56.45,17.25));
#4036 = SURFACE_CURVE('',#4037,(#4041,#4047),.PCURVE_S1.);
#4037 = LINE('',#4038,#4039);
#4038 = CARTESIAN_POINT('',(0.,56.45,8.625));
#4039 = VECTOR('',#4040,1.);
#4040 = DIRECTION('',(0.,-0.,1.));
#4041 = PCURVE('',#1333,#4042);
#4042 = DEFINITIONAL_REPRESENTATION('',(#4043),#4046);
#4043 = B_SPLINE_CURVE_WITH_KNOTS('',1,(#4044,#4045),.UNSPECIFIED.,.F.,
  .F.,(2,2),(-2.375,8.625),.PIECEWISE_BEZIER_KNOTS.);
#4044 = CARTESIAN_POINT('',(11.,-1.E-02));
#4045 = CARTESIAN_POINT('',(0.,-1.E-02));
#4046 = ( GEOMETRIC_REPRESENTATION_CONTEXT(2) 
PARAMETRIC_REPRESENTATION_CONTEXT() REPRESENTATION_CONTEXT('2D SPACE',''
  ) );
#4047 = PCURVE('',#1880,#4048);
#4048 = DEFINITIONAL_REPRESENTATION('',(#4049),#4052);
#4049 = B_SPLINE_CURVE_WITH_KNOTS('',1,(#4050,#4051),.UNSPECIFIED.,.F.,
  .F.,(2,2),(-2.375,8.625),.PIECEWISE_BEZIER_KNOTS.);
#4050 = CARTESIAN_POINT('',(52.85,-6.25));
#4051 = CARTESIAN_POINT('',(52.85,-17.25));
#4052 = ( GEOMETRIC_REPRESENTATION_CONTEXT(2) 
PARAMETRIC_REPRESENTATION_CONTEXT() REPRESENTATION_CONTEXT('2D SPACE',''
  ) );
#4053 = ORIENTED_EDGE('',*,*,#4054,.T.);
#4054 = EDGE_CURVE('',#4034,#1295,#4055,.T.);
#4055 = SURFACE_CURVE('',#4056,(#4060,#4067),.PCURVE_S1.);
#4056 = LINE('',#4057,#4058);
#4057 = CARTESIAN_POINT('',(1.E-02,56.45,17.25));
#4058 = VECTOR('',#4059,1.);
#4059 = DIRECTION('',(-1.,0.,0.));
#4060 = PCURVE('',#1333,#4061);
#4061 = DEFINITIONAL_REPRESENTATION('',(#4062),#4066);
#4062 = LINE('',#4063,#4064);
#4063 = CARTESIAN_POINT('',(0.,0.));
#4064 = VECTOR('',#4065,1.);
#4065 = DIRECTION('',(0.,-1.));
#4066 = ( GEOMETRIC_REPRESENTATION_CONTEXT(2) 
PARAMETRIC_REPRESENTATION_CONTEXT() REPRESENTATION_CONTEXT('2D SPACE',''
  ) );
#4067 = PCURVE('',#1309,#4068);
#4068 = DEFINITIONAL_REPRESENTATION('',(#4069),#4073);
#4069 = LINE('',#4070,#4071);
#4070 = CARTESIAN_POINT('',(1.414213562373,0.));
#4071 = VECTOR('',#4072,1.);
#4072 = DIRECTION('',(-0.,-1.));
#4073 = ( GEOMETRIC_REPRESENTATION_CONTEXT(2) 
PARAMETRIC_REPRESENTATION_CONTEXT() REPRESENTATION_CONTEXT('2D SPACE',''
  ) );
#4074 = ORIENTED_EDGE('',*,*,#1320,.F.);
#4075 = ORIENTED_EDGE('',*,*,#3987,.F.);
#4076 = ADVANCED_FACE('',(#4077),#1309,.F.);
#4077 = FACE_BOUND('',#4078,.F.);
#4078 = EDGE_LOOP('',(#4079,#4100,#4121,#4122));
#4079 = ORIENTED_EDGE('',*,*,#4080,.T.);
#4080 = EDGE_CURVE('',#4034,#4081,#4083,.T.);
#4081 = VERTEX_POINT('',#4082);
#4082 = CARTESIAN_POINT('',(0.,57.45,18.25));
#4083 = SURFACE_CURVE('',#4084,(#4088,#4094),.PCURVE_S1.);
#4084 = LINE('',#4085,#4086);
#4085 = CARTESIAN_POINT('',(-1.110223024625E-18,39.425,0.225));
#4086 = VECTOR('',#4087,1.);
#4087 = DIRECTION('',(0.,0.707106781187,0.707106781187));
#4088 = PCURVE('',#1309,#4089);
#4089 = DEFINITIONAL_REPRESENTATION('',(#4090),#4093);
#4090 = B_SPLINE_CURVE_WITH_KNOTS('',1,(#4091,#4092),.UNSPECIFIED.,.F.,
  .F.,(2,2),(24.076985899402,25.491199461775),.PIECEWISE_BEZIER_KNOTS.);
#4091 = CARTESIAN_POINT('',(1.414213562373,-1.E-02));
#4092 = CARTESIAN_POINT('',(0.,-1.E-02));
#4093 = ( GEOMETRIC_REPRESENTATION_CONTEXT(2) 
PARAMETRIC_REPRESENTATION_CONTEXT() REPRESENTATION_CONTEXT('2D SPACE',''
  ) );
#4094 = PCURVE('',#1880,#4095);
#4095 = DEFINITIONAL_REPRESENTATION('',(#4096),#4099);
#4096 = B_SPLINE_CURVE_WITH_KNOTS('',1,(#4097,#4098),.UNSPECIFIED.,.F.,
  .F.,(2,2),(24.076985899402,25.491199461775),.PIECEWISE_BEZIER_KNOTS.);
#4097 = CARTESIAN_POINT('',(52.85,-17.25));
#4098 = CARTESIAN_POINT('',(53.85,-18.25));
#4099 = ( GEOMETRIC_REPRESENTATION_CONTEXT(2) 
PARAMETRIC_REPRESENTATION_CONTEXT() REPRESENTATION_CONTEXT('2D SPACE',''
  ) );
#4100 = ORIENTED_EDGE('',*,*,#4101,.T.);
#4101 = EDGE_CURVE('',#4081,#1269,#4102,.T.);
#4102 = SURFACE_CURVE('',#4103,(#4107,#4114),.PCURVE_S1.);
#4103 = LINE('',#4104,#4105);
#4104 = CARTESIAN_POINT('',(1.E-02,57.45,18.25));
#4105 = VECTOR('',#4106,1.);
#4106 = DIRECTION('',(-1.,0.,0.));
#4107 = PCURVE('',#1309,#4108);
#4108 = DEFINITIONAL_REPRESENTATION('',(#4109),#4113);
#4109 = LINE('',#4110,#4111);
#4110 = CARTESIAN_POINT('',(0.,0.));
#4111 = VECTOR('',#4112,1.);
#4112 = DIRECTION('',(-0.,-1.));
#4113 = ( GEOMETRIC_REPRESENTATION_CONTEXT(2) 
PARAMETRIC_REPRESENTATION_CONTEXT() REPRESENTATION_CONTEXT('2D SPACE',''
  ) );
#4114 = PCURVE('',#1283,#4115);
#4115 = DEFINITIONAL_REPRESENTATION('',(#4116),#4120);
#4116 = LINE('',#4117,#4118);
#4117 = CARTESIAN_POINT('',(1.414213562373,0.));
#4118 = VECTOR('',#4119,1.);
#4119 = DIRECTION('',(0.,-1.));
#4120 = ( GEOMETRIC_REPRESENTATION_CONTEXT(2) 
PARAMETRIC_REPRESENTATION_CONTEXT() REPRESENTATION_CONTEXT('2D SPACE',''
  ) );
#4121 = ORIENTED_EDGE('',*,*,#1294,.F.);
#4122 = ORIENTED_EDGE('',*,*,#4054,.F.);
#4123 = ADVANCED_FACE('',(#4124),#1283,.F.);
#4124 = FACE_BOUND('',#4125,.F.);
#4125 = EDGE_LOOP('',(#4126,#4147,#4168,#4169));
#4126 = ORIENTED_EDGE('',*,*,#4127,.T.);
#4127 = EDGE_CURVE('',#4081,#4128,#4130,.T.);
#4128 = VERTEX_POINT('',#4129);
#4129 = CARTESIAN_POINT('',(0.,58.45,17.25));
#4130 = SURFACE_CURVE('',#4131,(#4135,#4141),.PCURVE_S1.);
#4131 = LINE('',#4132,#4133);
#4132 = CARTESIAN_POINT('',(-1.110223024625E-18,49.05,26.65));
#4133 = VECTOR('',#4134,1.);
#4134 = DIRECTION('',(0.,0.707106781187,-0.707106781187));
#4135 = PCURVE('',#1283,#4136);
#4136 = DEFINITIONAL_REPRESENTATION('',(#4137),#4140);
#4137 = B_SPLINE_CURVE_WITH_KNOTS('',1,(#4138,#4139),.UNSPECIFIED.,.F.,
  .F.,(2,2),(11.879393923934,13.293607486307),.PIECEWISE_BEZIER_KNOTS.);
#4138 = CARTESIAN_POINT('',(1.414213562373,-1.E-02));
#4139 = CARTESIAN_POINT('',(0.,-1.E-02));
#4140 = ( GEOMETRIC_REPRESENTATION_CONTEXT(2) 
PARAMETRIC_REPRESENTATION_CONTEXT() REPRESENTATION_CONTEXT('2D SPACE',''
  ) );
#4141 = PCURVE('',#1880,#4142);
#4142 = DEFINITIONAL_REPRESENTATION('',(#4143),#4146);
#4143 = B_SPLINE_CURVE_WITH_KNOTS('',1,(#4144,#4145),.UNSPECIFIED.,.F.,
  .F.,(2,2),(11.879393923934,13.293607486307),.PIECEWISE_BEZIER_KNOTS.);
#4144 = CARTESIAN_POINT('',(53.85,-18.25));
#4145 = CARTESIAN_POINT('',(54.85,-17.25));
#4146 = ( GEOMETRIC_REPRESENTATION_CONTEXT(2) 
PARAMETRIC_REPRESENTATION_CONTEXT() REPRESENTATION_CONTEXT('2D SPACE',''
  ) );
#4147 = ORIENTED_EDGE('',*,*,#4148,.T.);
#4148 = EDGE_CURVE('',#4128,#1243,#4149,.T.);
#4149 = SURFACE_CURVE('',#4150,(#4154,#4161),.PCURVE_S1.);
#4150 = LINE('',#4151,#4152);
#4151 = CARTESIAN_POINT('',(1.E-02,58.45,17.25));
#4152 = VECTOR('',#4153,1.);
#4153 = DIRECTION('',(-1.,0.,0.));
#4154 = PCURVE('',#1283,#4155);
#4155 = DEFINITIONAL_REPRESENTATION('',(#4156),#4160);
#4156 = LINE('',#4157,#4158);
#4157 = CARTESIAN_POINT('',(0.,0.));
#4158 = VECTOR('',#4159,1.);
#4159 = DIRECTION('',(0.,-1.));
#4160 = ( GEOMETRIC_REPRESENTATION_CONTEXT(2) 
PARAMETRIC_REPRESENTATION_CONTEXT() REPRESENTATION_CONTEXT('2D SPACE',''
  ) );
#4161 = PCURVE('',#1257,#4162);
#4162 = DEFINITIONAL_REPRESENTATION('',(#4163),#4167);
#4163 = LINE('',#4164,#4165);
#4164 = CARTESIAN_POINT('',(11.,0.));
#4165 = VECTOR('',#4166,1.);
#4166 = DIRECTION('',(0.,-1.));
#4167 = ( GEOMETRIC_REPRESENTATION_CONTEXT(2) 
PARAMETRIC_REPRESENTATION_CONTEXT() REPRESENTATION_CONTEXT('2D SPACE',''
  ) );
#4168 = ORIENTED_EDGE('',*,*,#1268,.F.);
#4169 = ORIENTED_EDGE('',*,*,#4101,.F.);
#4170 = ADVANCED_FACE('',(#4171),#1257,.F.);
#4171 = FACE_BOUND('',#4172,.F.);
#4172 = EDGE_LOOP('',(#4173,#4192,#4193,#4194));
#4173 = ORIENTED_EDGE('',*,*,#4174,.T.);
#4174 = EDGE_CURVE('',#4128,#3965,#4175,.T.);
#4175 = SURFACE_CURVE('',#4176,(#4180,#4186),.PCURVE_S1.);
#4176 = LINE('',#4177,#4178);
#4177 = CARTESIAN_POINT('',(0.,58.45,3.125));
#4178 = VECTOR('',#4179,1.);
#4179 = DIRECTION('',(-0.,0.,-1.));
#4180 = PCURVE('',#1257,#4181);
#4181 = DEFINITIONAL_REPRESENTATION('',(#4182),#4185);
#4182 = B_SPLINE_CURVE_WITH_KNOTS('',1,(#4183,#4184),.UNSPECIFIED.,.F.,
  .F.,(2,2),(-14.125,-3.125),.PIECEWISE_BEZIER_KNOTS.);
#4183 = CARTESIAN_POINT('',(11.,-1.E-02));
#4184 = CARTESIAN_POINT('',(0.,-1.E-02));
#4185 = ( GEOMETRIC_REPRESENTATION_CONTEXT(2) 
PARAMETRIC_REPRESENTATION_CONTEXT() REPRESENTATION_CONTEXT('2D SPACE',''
  ) );
#4186 = PCURVE('',#1880,#4187);
#4187 = DEFINITIONAL_REPRESENTATION('',(#4188),#4191);
#4188 = B_SPLINE_CURVE_WITH_KNOTS('',1,(#4189,#4190),.UNSPECIFIED.,.F.,
  .F.,(2,2),(-14.125,-3.125),.PIECEWISE_BEZIER_KNOTS.);
#4189 = CARTESIAN_POINT('',(54.85,-17.25));
#4190 = CARTESIAN_POINT('',(54.85,-6.25));
#4191 = ( GEOMETRIC_REPRESENTATION_CONTEXT(2) 
PARAMETRIC_REPRESENTATION_CONTEXT() REPRESENTATION_CONTEXT('2D SPACE',''
  ) );
#4192 = ORIENTED_EDGE('',*,*,#4009,.T.);
#4193 = ORIENTED_EDGE('',*,*,#1242,.F.);
#4194 = ORIENTED_EDGE('',*,*,#4148,.F.);
#4195 = ADVANCED_FACE('',(#4196),#1363,.F.);
#4196 = FACE_BOUND('',#4197,.F.);
#4197 = EDGE_LOOP('',(#4198,#4221,#4242,#4243));
#4198 = ORIENTED_EDGE('',*,*,#4199,.T.);
#4199 = EDGE_CURVE('',#4200,#4202,#4204,.T.);
#4200 = VERTEX_POINT('',#4201);
#4201 = CARTESIAN_POINT('',(0.,62.45,6.25));
#4202 = VERTEX_POINT('',#4203);
#4203 = CARTESIAN_POINT('',(0.,60.45,6.25));
#4204 = SURFACE_CURVE('',#4205,(#4209,#4215),.PCURVE_S1.);
#4205 = LINE('',#4206,#4207);
#4206 = CARTESIAN_POINT('',(0.,32.025,6.25));
#4207 = VECTOR('',#4208,1.);
#4208 = DIRECTION('',(-0.,-1.,-0.));
#4209 = PCURVE('',#1363,#4210);
#4210 = DEFINITIONAL_REPRESENTATION('',(#4211),#4214);
#4211 = B_SPLINE_CURVE_WITH_KNOTS('',1,(#4212,#4213),.UNSPECIFIED.,.F.,
  .F.,(2,2),(-30.425,-28.425),.PIECEWISE_BEZIER_KNOTS.);
#4212 = CARTESIAN_POINT('',(2.,-1.E-02));
#4213 = CARTESIAN_POINT('',(0.,-1.E-02));
#4214 = ( GEOMETRIC_REPRESENTATION_CONTEXT(2) 
PARAMETRIC_REPRESENTATION_CONTEXT() REPRESENTATION_CONTEXT('2D SPACE',''
  ) );
#4215 = PCURVE('',#1880,#4216);
#4216 = DEFINITIONAL_REPRESENTATION('',(#4217),#4220);
#4217 = B_SPLINE_CURVE_WITH_KNOTS('',1,(#4218,#4219),.UNSPECIFIED.,.F.,
  .F.,(2,2),(-30.425,-28.425),.PIECEWISE_BEZIER_KNOTS.);
#4218 = CARTESIAN_POINT('',(58.85,-6.25));
#4219 = CARTESIAN_POINT('',(56.85,-6.25));
#4220 = ( GEOMETRIC_REPRESENTATION_CONTEXT(2) 
PARAMETRIC_REPRESENTATION_CONTEXT() REPRESENTATION_CONTEXT('2D SPACE',''
  ) );
#4221 = ORIENTED_EDGE('',*,*,#4222,.T.);
#4222 = EDGE_CURVE('',#4202,#1349,#4223,.T.);
#4223 = SURFACE_CURVE('',#4224,(#4228,#4235),.PCURVE_S1.);
#4224 = LINE('',#4225,#4226);
#4225 = CARTESIAN_POINT('',(1.E-02,60.45,6.25));
#4226 = VECTOR('',#4227,1.);
#4227 = DIRECTION('',(-1.,0.,0.));
#4228 = PCURVE('',#1363,#4229);
#4229 = DEFINITIONAL_REPRESENTATION('',(#4230),#4234);
#4230 = LINE('',#4231,#4232);
#4231 = CARTESIAN_POINT('',(0.,0.));
#4232 = VECTOR('',#4233,1.);
#4233 = DIRECTION('',(0.,-1.));
#4234 = ( GEOMETRIC_REPRESENTATION_CONTEXT(2) 
PARAMETRIC_REPRESENTATION_CONTEXT() REPRESENTATION_CONTEXT('2D SPACE',''
  ) );
#4235 = PCURVE('',#1465,#4236);
#4236 = DEFINITIONAL_REPRESENTATION('',(#4237),#4241);
#4237 = LINE('',#4238,#4239);
#4238 = CARTESIAN_POINT('',(11.,0.));
#4239 = VECTOR('',#4240,1.);
#4240 = DIRECTION('',(0.,-1.));
#4241 = ( GEOMETRIC_REPRESENTATION_CONTEXT(2) 
PARAMETRIC_REPRESENTATION_CONTEXT() REPRESENTATION_CONTEXT('2D SPACE',''
  ) );
#4242 = ORIENTED_EDGE('',*,*,#1346,.F.);
#4243 = ORIENTED_EDGE('',*,*,#4244,.F.);
#4244 = EDGE_CURVE('',#4200,#1347,#4245,.T.);
#4245 = SURFACE_CURVE('',#4246,(#4250,#4257),.PCURVE_S1.);
#4246 = LINE('',#4247,#4248);
#4247 = CARTESIAN_POINT('',(1.E-02,62.45,6.25));
#4248 = VECTOR('',#4249,1.);
#4249 = DIRECTION('',(-1.,0.,0.));
#4250 = PCURVE('',#1363,#4251);
#4251 = DEFINITIONAL_REPRESENTATION('',(#4252),#4256);
#4252 = LINE('',#4253,#4254);
#4253 = CARTESIAN_POINT('',(2.,0.));
#4254 = VECTOR('',#4255,1.);
#4255 = DIRECTION('',(0.,-1.));
#4256 = ( GEOMETRIC_REPRESENTATION_CONTEXT(2) 
PARAMETRIC_REPRESENTATION_CONTEXT() REPRESENTATION_CONTEXT('2D SPACE',''
  ) );
#4257 = PCURVE('',#1389,#4258);
#4258 = DEFINITIONAL_REPRESENTATION('',(#4259),#4263);
#4259 = LINE('',#4260,#4261);
#4260 = CARTESIAN_POINT('',(0.,0.));
#4261 = VECTOR('',#4262,1.);
#4262 = DIRECTION('',(0.,-1.));
#4263 = ( GEOMETRIC_REPRESENTATION_CONTEXT(2) 
PARAMETRIC_REPRESENTATION_CONTEXT() REPRESENTATION_CONTEXT('2D SPACE',''
  ) );
#4264 = ADVANCED_FACE('',(#4265),#1465,.F.);
#4265 = FACE_BOUND('',#4266,.F.);
#4266 = EDGE_LOOP('',(#4267,#4288,#4309,#4310));
#4267 = ORIENTED_EDGE('',*,*,#4268,.T.);
#4268 = EDGE_CURVE('',#4202,#4269,#4271,.T.);
#4269 = VERTEX_POINT('',#4270);
#4270 = CARTESIAN_POINT('',(0.,60.45,17.25));
#4271 = SURFACE_CURVE('',#4272,(#4276,#4282),.PCURVE_S1.);
#4272 = LINE('',#4273,#4274);
#4273 = CARTESIAN_POINT('',(0.,60.45,8.625));
#4274 = VECTOR('',#4275,1.);
#4275 = DIRECTION('',(0.,-0.,1.));
#4276 = PCURVE('',#1465,#4277);
#4277 = DEFINITIONAL_REPRESENTATION('',(#4278),#4281);
#4278 = B_SPLINE_CURVE_WITH_KNOTS('',1,(#4279,#4280),.UNSPECIFIED.,.F.,
  .F.,(2,2),(-2.375,8.625),.PIECEWISE_BEZIER_KNOTS.);
#4279 = CARTESIAN_POINT('',(11.,-1.E-02));
#4280 = CARTESIAN_POINT('',(0.,-1.E-02));
#4281 = ( GEOMETRIC_REPRESENTATION_CONTEXT(2) 
PARAMETRIC_REPRESENTATION_CONTEXT() REPRESENTATION_CONTEXT('2D SPACE',''
  ) );
#4282 = PCURVE('',#1880,#4283);
#4283 = DEFINITIONAL_REPRESENTATION('',(#4284),#4287);
#4284 = B_SPLINE_CURVE_WITH_KNOTS('',1,(#4285,#4286),.UNSPECIFIED.,.F.,
  .F.,(2,2),(-2.375,8.625),.PIECEWISE_BEZIER_KNOTS.);
#4285 = CARTESIAN_POINT('',(56.85,-6.25));
#4286 = CARTESIAN_POINT('',(56.85,-17.25));
#4287 = ( GEOMETRIC_REPRESENTATION_CONTEXT(2) 
PARAMETRIC_REPRESENTATION_CONTEXT() REPRESENTATION_CONTEXT('2D SPACE',''
  ) );
#4288 = ORIENTED_EDGE('',*,*,#4289,.T.);
#4289 = EDGE_CURVE('',#4269,#1427,#4290,.T.);
#4290 = SURFACE_CURVE('',#4291,(#4295,#4302),.PCURVE_S1.);
#4291 = LINE('',#4292,#4293);
#4292 = CARTESIAN_POINT('',(1.E-02,60.45,17.25));
#4293 = VECTOR('',#4294,1.);
#4294 = DIRECTION('',(-1.,0.,0.));
#4295 = PCURVE('',#1465,#4296);
#4296 = DEFINITIONAL_REPRESENTATION('',(#4297),#4301);
#4297 = LINE('',#4298,#4299);
#4298 = CARTESIAN_POINT('',(0.,0.));
#4299 = VECTOR('',#4300,1.);
#4300 = DIRECTION('',(0.,-1.));
#4301 = ( GEOMETRIC_REPRESENTATION_CONTEXT(2) 
PARAMETRIC_REPRESENTATION_CONTEXT() REPRESENTATION_CONTEXT('2D SPACE',''
  ) );
#4302 = PCURVE('',#1441,#4303);
#4303 = DEFINITIONAL_REPRESENTATION('',(#4304),#4308);
#4304 = LINE('',#4305,#4306);
#4305 = CARTESIAN_POINT('',(1.414213562373,0.));
#4306 = VECTOR('',#4307,1.);
#4307 = DIRECTION('',(-0.,-1.));
#4308 = ( GEOMETRIC_REPRESENTATION_CONTEXT(2) 
PARAMETRIC_REPRESENTATION_CONTEXT() REPRESENTATION_CONTEXT('2D SPACE',''
  ) );
#4309 = ORIENTED_EDGE('',*,*,#1452,.F.);
#4310 = ORIENTED_EDGE('',*,*,#4222,.F.);
#4311 = ADVANCED_FACE('',(#4312),#1441,.F.);
#4312 = FACE_BOUND('',#4313,.F.);
#4313 = EDGE_LOOP('',(#4314,#4335,#4356,#4357));
#4314 = ORIENTED_EDGE('',*,*,#4315,.T.);
#4315 = EDGE_CURVE('',#4269,#4316,#4318,.T.);
#4316 = VERTEX_POINT('',#4317);
#4317 = CARTESIAN_POINT('',(0.,61.45,18.25));
#4318 = SURFACE_CURVE('',#4319,(#4323,#4329),.PCURVE_S1.);
#4319 = LINE('',#4320,#4321);
#4320 = CARTESIAN_POINT('',(-1.110223024625E-18,42.425,-0.775));
#4321 = VECTOR('',#4322,1.);
#4322 = DIRECTION('',(0.,0.707106781187,0.707106781187));
#4323 = PCURVE('',#1441,#4324);
#4324 = DEFINITIONAL_REPRESENTATION('',(#4325),#4328);
#4325 = B_SPLINE_CURVE_WITH_KNOTS('',1,(#4326,#4327),.UNSPECIFIED.,.F.,
  .F.,(2,2),(25.491199461775,26.905413024148),.PIECEWISE_BEZIER_KNOTS.);
#4326 = CARTESIAN_POINT('',(1.414213562373,-1.E-02));
#4327 = CARTESIAN_POINT('',(0.,-1.E-02));
#4328 = ( GEOMETRIC_REPRESENTATION_CONTEXT(2) 
PARAMETRIC_REPRESENTATION_CONTEXT() REPRESENTATION_CONTEXT('2D SPACE',''
  ) );
#4329 = PCURVE('',#1880,#4330);
#4330 = DEFINITIONAL_REPRESENTATION('',(#4331),#4334);
#4331 = B_SPLINE_CURVE_WITH_KNOTS('',1,(#4332,#4333),.UNSPECIFIED.,.F.,
  .F.,(2,2),(25.491199461775,26.905413024148),.PIECEWISE_BEZIER_KNOTS.);
#4332 = CARTESIAN_POINT('',(56.85,-17.25));
#4333 = CARTESIAN_POINT('',(57.85,-18.25));
#4334 = ( GEOMETRIC_REPRESENTATION_CONTEXT(2) 
PARAMETRIC_REPRESENTATION_CONTEXT() REPRESENTATION_CONTEXT('2D SPACE',''
  ) );
#4335 = ORIENTED_EDGE('',*,*,#4336,.T.);
#4336 = EDGE_CURVE('',#4316,#1401,#4337,.T.);
#4337 = SURFACE_CURVE('',#4338,(#4342,#4349),.PCURVE_S1.);
#4338 = LINE('',#4339,#4340);
#4339 = CARTESIAN_POINT('',(1.E-02,61.45,18.25));
#4340 = VECTOR('',#4341,1.);
#4341 = DIRECTION('',(-1.,0.,0.));
#4342 = PCURVE('',#1441,#4343);
#4343 = DEFINITIONAL_REPRESENTATION('',(#4344),#4348);
#4344 = LINE('',#4345,#4346);
#4345 = CARTESIAN_POINT('',(0.,0.));
#4346 = VECTOR('',#4347,1.);
#4347 = DIRECTION('',(-0.,-1.));
#4348 = ( GEOMETRIC_REPRESENTATION_CONTEXT(2) 
PARAMETRIC_REPRESENTATION_CONTEXT() REPRESENTATION_CONTEXT('2D SPACE',''
  ) );
#4349 = PCURVE('',#1415,#4350);
#4350 = DEFINITIONAL_REPRESENTATION('',(#4351),#4355);
#4351 = LINE('',#4352,#4353);
#4352 = CARTESIAN_POINT('',(1.414213562373,0.));
#4353 = VECTOR('',#4354,1.);
#4354 = DIRECTION('',(0.,-1.));
#4355 = ( GEOMETRIC_REPRESENTATION_CONTEXT(2) 
PARAMETRIC_REPRESENTATION_CONTEXT() REPRESENTATION_CONTEXT('2D SPACE',''
  ) );
#4356 = ORIENTED_EDGE('',*,*,#1426,.F.);
#4357 = ORIENTED_EDGE('',*,*,#4289,.F.);
#4358 = ADVANCED_FACE('',(#4359),#1415,.F.);
#4359 = FACE_BOUND('',#4360,.F.);
#4360 = EDGE_LOOP('',(#4361,#4382,#4403,#4404));
#4361 = ORIENTED_EDGE('',*,*,#4362,.T.);
#4362 = EDGE_CURVE('',#4316,#4363,#4365,.T.);
#4363 = VERTEX_POINT('',#4364);
#4364 = CARTESIAN_POINT('',(0.,62.45,17.25));
#4365 = SURFACE_CURVE('',#4366,(#4370,#4376),.PCURVE_S1.);
#4366 = LINE('',#4367,#4368);
#4367 = CARTESIAN_POINT('',(-1.110223024625E-18,52.05,27.65));
#4368 = VECTOR('',#4369,1.);
#4369 = DIRECTION('',(0.,0.707106781187,-0.707106781187));
#4370 = PCURVE('',#1415,#4371);
#4371 = DEFINITIONAL_REPRESENTATION('',(#4372),#4375);
#4372 = B_SPLINE_CURVE_WITH_KNOTS('',1,(#4373,#4374),.UNSPECIFIED.,.F.,
  .F.,(2,2),(13.293607486307,14.70782104868),.PIECEWISE_BEZIER_KNOTS.);
#4373 = CARTESIAN_POINT('',(1.414213562373,-1.E-02));
#4374 = CARTESIAN_POINT('',(0.,-1.E-02));
#4375 = ( GEOMETRIC_REPRESENTATION_CONTEXT(2) 
PARAMETRIC_REPRESENTATION_CONTEXT() REPRESENTATION_CONTEXT('2D SPACE',''
  ) );
#4376 = PCURVE('',#1880,#4377);
#4377 = DEFINITIONAL_REPRESENTATION('',(#4378),#4381);
#4378 = B_SPLINE_CURVE_WITH_KNOTS('',1,(#4379,#4380),.UNSPECIFIED.,.F.,
  .F.,(2,2),(13.293607486307,14.70782104868),.PIECEWISE_BEZIER_KNOTS.);
#4379 = CARTESIAN_POINT('',(57.85,-18.25));
#4380 = CARTESIAN_POINT('',(58.85,-17.25));
#4381 = ( GEOMETRIC_REPRESENTATION_CONTEXT(2) 
PARAMETRIC_REPRESENTATION_CONTEXT() REPRESENTATION_CONTEXT('2D SPACE',''
  ) );
#4382 = ORIENTED_EDGE('',*,*,#4383,.T.);
#4383 = EDGE_CURVE('',#4363,#1375,#4384,.T.);
#4384 = SURFACE_CURVE('',#4385,(#4389,#4396),.PCURVE_S1.);
#4385 = LINE('',#4386,#4387);
#4386 = CARTESIAN_POINT('',(1.E-02,62.45,17.25));
#4387 = VECTOR('',#4388,1.);
#4388 = DIRECTION('',(-1.,0.,0.));
#4389 = PCURVE('',#1415,#4390);
#4390 = DEFINITIONAL_REPRESENTATION('',(#4391),#4395);
#4391 = LINE('',#4392,#4393);
#4392 = CARTESIAN_POINT('',(0.,0.));
#4393 = VECTOR('',#4394,1.);
#4394 = DIRECTION('',(0.,-1.));
#4395 = ( GEOMETRIC_REPRESENTATION_CONTEXT(2) 
PARAMETRIC_REPRESENTATION_CONTEXT() REPRESENTATION_CONTEXT('2D SPACE',''
  ) );
#4396 = PCURVE('',#1389,#4397);
#4397 = DEFINITIONAL_REPRESENTATION('',(#4398),#4402);
#4398 = LINE('',#4399,#4400);
#4399 = CARTESIAN_POINT('',(11.,0.));
#4400 = VECTOR('',#4401,1.);
#4401 = DIRECTION('',(0.,-1.));
#4402 = ( GEOMETRIC_REPRESENTATION_CONTEXT(2) 
PARAMETRIC_REPRESENTATION_CONTEXT() REPRESENTATION_CONTEXT('2D SPACE',''
  ) );
#4403 = ORIENTED_EDGE('',*,*,#1400,.F.);
#4404 = ORIENTED_EDGE('',*,*,#4336,.F.);
#4405 = ADVANCED_FACE('',(#4406),#1389,.F.);
#4406 = FACE_BOUND('',#4407,.F.);
#4407 = EDGE_LOOP('',(#4408,#4427,#4428,#4429));
#4408 = ORIENTED_EDGE('',*,*,#4409,.T.);
#4409 = EDGE_CURVE('',#4363,#4200,#4410,.T.);
#4410 = SURFACE_CURVE('',#4411,(#4415,#4421),.PCURVE_S1.);
#4411 = LINE('',#4412,#4413);
#4412 = CARTESIAN_POINT('',(0.,62.45,3.125));
#4413 = VECTOR('',#4414,1.);
#4414 = DIRECTION('',(-0.,0.,-1.));
#4415 = PCURVE('',#1389,#4416);
#4416 = DEFINITIONAL_REPRESENTATION('',(#4417),#4420);
#4417 = B_SPLINE_CURVE_WITH_KNOTS('',1,(#4418,#4419),.UNSPECIFIED.,.F.,
  .F.,(2,2),(-14.125,-3.125),.PIECEWISE_BEZIER_KNOTS.);
#4418 = CARTESIAN_POINT('',(11.,-1.E-02));
#4419 = CARTESIAN_POINT('',(0.,-1.E-02));
#4420 = ( GEOMETRIC_REPRESENTATION_CONTEXT(2) 
PARAMETRIC_REPRESENTATION_CONTEXT() REPRESENTATION_CONTEXT('2D SPACE',''
  ) );
#4421 = PCURVE('',#1880,#4422);
#4422 = DEFINITIONAL_REPRESENTATION('',(#4423),#4426);
#4423 = B_SPLINE_CURVE_WITH_KNOTS('',1,(#4424,#4425),.UNSPECIFIED.,.F.,
  .F.,(2,2),(-14.125,-3.125),.PIECEWISE_BEZIER_KNOTS.);
#4424 = CARTESIAN_POINT('',(58.85,-17.25));
#4425 = CARTESIAN_POINT('',(58.85,-6.25));
#4426 = ( GEOMETRIC_REPRESENTATION_CONTEXT(2) 
PARAMETRIC_REPRESENTATION_CONTEXT() REPRESENTATION_CONTEXT('2D SPACE',''
  ) );
#4427 = ORIENTED_EDGE('',*,*,#4244,.T.);
#4428 = ORIENTED_EDGE('',*,*,#1374,.F.);
#4429 = ORIENTED_EDGE('',*,*,#4383,.F.);
#4430 = ADVANCED_FACE('',(#4431),#1547,.T.);
#4431 = FACE_BOUND('',#4432,.T.);
#4432 = EDGE_LOOP('',(#4433,#4459,#4460,#4461));
#4433 = ORIENTED_EDGE('',*,*,#4434,.F.);
#4434 = EDGE_CURVE('',#1505,#4435,#4437,.T.);
#4435 = VERTEX_POINT('',#4436);
#4436 = CARTESIAN_POINT('',(3.6,-1.6,-2.4));
#4437 = SURFACE_CURVE('',#4438,(#4442,#4448),.PCURVE_S1.);
#4438 = LINE('',#4439,#4440);
#4439 = CARTESIAN_POINT('',(3.6,-2.,-2.));
#4440 = VECTOR('',#4441,1.);
#4441 = DIRECTION('',(-1.709598437189E-35,0.707106781187,-0.707106781187
    ));
#4442 = PCURVE('',#1547,#4443);
#4443 = DEFINITIONAL_REPRESENTATION('',(#4444),#4447);
#4444 = B_SPLINE_CURVE_WITH_KNOTS('',1,(#4445,#4446),.UNSPECIFIED.,.F.,
  .F.,(2,2),(-0.565685424949,0.565685424949),.PIECEWISE_BEZIER_KNOTS.);
#4445 = CARTESIAN_POINT('',(0.,0.));
#4446 = CARTESIAN_POINT('',(0.,-0.8));
#4447 = ( GEOMETRIC_REPRESENTATION_CONTEXT(2) 
PARAMETRIC_REPRESENTATION_CONTEXT() REPRESENTATION_CONTEXT('2D SPACE',''
  ) );
#4448 = PCURVE('',#4449,#4454);
#4449 = PLANE('',#4450);
#4450 = AXIS2_PLACEMENT_3D('',#4451,#4452,#4453);
#4451 = CARTESIAN_POINT('',(58.4,-2.,-2.));
#4452 = DIRECTION('',(9.771056503467E-19,-0.707106781187,-0.707106781187
    ));
#4453 = DIRECTION('',(-1.,-6.909180312959E-19,-6.909180312959E-19));
#4454 = DEFINITIONAL_REPRESENTATION('',(#4455),#4458);
#4455 = B_SPLINE_CURVE_WITH_KNOTS('',1,(#4456,#4457),.UNSPECIFIED.,.F.,
  .F.,(2,2),(-0.565685424949,0.565685424949),.PIECEWISE_BEZIER_KNOTS.);
#4456 = CARTESIAN_POINT('',(54.8,-0.565685424949));
#4457 = CARTESIAN_POINT('',(54.8,0.565685424949));
#4458 = ( GEOMETRIC_REPRESENTATION_CONTEXT(2) 
PARAMETRIC_REPRESENTATION_CONTEXT() REPRESENTATION_CONTEXT('2D SPACE',''
  ) );
#4459 = ORIENTED_EDGE('',*,*,#1532,.T.);
#4460 = ORIENTED_EDGE('',*,*,#1562,.T.);
#4461 = ORIENTED_EDGE('',*,*,#4462,.F.);
#4462 = EDGE_CURVE('',#4435,#1563,#4463,.T.);
#4463 = SURFACE_CURVE('',#4464,(#4469,#4476),.PCURVE_S1.);
#4464 = CIRCLE('',#4465,5.2);
#4465 = AXIS2_PLACEMENT_3D('',#4466,#4467,#4468);
#4466 = CARTESIAN_POINT('',(3.6,3.6,-2.4));
#4467 = DIRECTION('',(-0.,-0.,-1.));
#4468 = DIRECTION('',(0.,-1.,0.));
#4469 = PCURVE('',#1547,#4470);
#4470 = DEFINITIONAL_REPRESENTATION('',(#4471),#4475);
#4471 = LINE('',#4472,#4473);
#4472 = CARTESIAN_POINT('',(-0.,-0.8));
#4473 = VECTOR('',#4474,1.);
#4474 = DIRECTION('',(-1.,-0.));
#4475 = ( GEOMETRIC_REPRESENTATION_CONTEXT(2) 
PARAMETRIC_REPRESENTATION_CONTEXT() REPRESENTATION_CONTEXT('2D SPACE',''
  ) );
#4476 = PCURVE('',#1624,#4477);
#4477 = DEFINITIONAL_REPRESENTATION('',(#4478),#4486);
#4478 = ( BOUNDED_CURVE() B_SPLINE_CURVE(2,(#4479,#4480,#4481,#4482,
#4483,#4484,#4485),.UNSPECIFIED.,.T.,.F.) B_SPLINE_CURVE_WITH_KNOTS((1,2
    ,2,2,2,1),(-2.094395102393,0.,2.094395102393,4.188790204786,
6.28318530718,8.377580409573),.UNSPECIFIED.) CURVE() 
GEOMETRIC_REPRESENTATION_ITEM() RATIONAL_B_SPLINE_CURVE((1.,0.5,1.,0.5,
1.,0.5,1.)) REPRESENTATION_ITEM('') );
#4479 = CARTESIAN_POINT('',(-27.4,-46.05));
#4480 = CARTESIAN_POINT('',(-36.40666419935,-46.05));
#4481 = CARTESIAN_POINT('',(-31.90333209967,-38.25));
#4482 = CARTESIAN_POINT('',(-27.4,-30.45));
#4483 = CARTESIAN_POINT('',(-22.89666790032,-38.25));
#4484 = CARTESIAN_POINT('',(-18.39333580064,-46.05));
#4485 = CARTESIAN_POINT('',(-27.4,-46.05));
#4486 = ( GEOMETRIC_REPRESENTATION_CONTEXT(2) 
PARAMETRIC_REPRESENTATION_CONTEXT() REPRESENTATION_CONTEXT('2D SPACE',''
  ) );
#4487 = ADVANCED_FACE('',(#4488,#4536),#1520,.F.);
#4488 = FACE_BOUND('',#4489,.F.);
#4489 = EDGE_LOOP('',(#4490,#4491,#4492,#4515));
#4490 = ORIENTED_EDGE('',*,*,#1504,.T.);
#4491 = ORIENTED_EDGE('',*,*,#1641,.T.);
#4492 = ORIENTED_EDGE('',*,*,#4493,.F.);
#4493 = EDGE_CURVE('',#4494,#1642,#4496,.T.);
#4494 = VERTEX_POINT('',#4495);
#4495 = CARTESIAN_POINT('',(58.4,-2.4,-1.6));
#4496 = SURFACE_CURVE('',#4497,(#4501,#4508),.PCURVE_S1.);
#4497 = LINE('',#4498,#4499);
#4498 = CARTESIAN_POINT('',(58.4,-2.4,-2.4));
#4499 = VECTOR('',#4500,1.);
#4500 = DIRECTION('',(0.,0.,1.));
#4501 = PCURVE('',#1520,#4502);
#4502 = DEFINITIONAL_REPRESENTATION('',(#4503),#4507);
#4503 = LINE('',#4504,#4505);
#4504 = CARTESIAN_POINT('',(54.8,0.));
#4505 = VECTOR('',#4506,1.);
#4506 = DIRECTION('',(0.,-1.));
#4507 = ( GEOMETRIC_REPRESENTATION_CONTEXT(2) 
PARAMETRIC_REPRESENTATION_CONTEXT() REPRESENTATION_CONTEXT('2D SPACE',''
  ) );
#4508 = PCURVE('',#1681,#4509);
#4509 = DEFINITIONAL_REPRESENTATION('',(#4510),#4514);
#4510 = LINE('',#4511,#4512);
#4511 = CARTESIAN_POINT('',(-4.712388980385,0.));
#4512 = VECTOR('',#4513,1.);
#4513 = DIRECTION('',(-0.,-1.));
#4514 = ( GEOMETRIC_REPRESENTATION_CONTEXT(2) 
PARAMETRIC_REPRESENTATION_CONTEXT() REPRESENTATION_CONTEXT('2D SPACE',''
  ) );
#4515 = ORIENTED_EDGE('',*,*,#4516,.T.);
#4516 = EDGE_CURVE('',#4494,#1505,#4517,.T.);
#4517 = SURFACE_CURVE('',#4518,(#4522,#4529),.PCURVE_S1.);
#4518 = LINE('',#4519,#4520);
#4519 = CARTESIAN_POINT('',(58.4,-2.4,-1.6));
#4520 = VECTOR('',#4521,1.);
#4521 = DIRECTION('',(-1.,-0.,-0.));
#4522 = PCURVE('',#1520,#4523);
#4523 = DEFINITIONAL_REPRESENTATION('',(#4524),#4528);
#4524 = LINE('',#4525,#4526);
#4525 = CARTESIAN_POINT('',(54.8,-0.8));
#4526 = VECTOR('',#4527,1.);
#4527 = DIRECTION('',(-1.,0.));
#4528 = ( GEOMETRIC_REPRESENTATION_CONTEXT(2) 
PARAMETRIC_REPRESENTATION_CONTEXT() REPRESENTATION_CONTEXT('2D SPACE',''
  ) );
#4529 = PCURVE('',#4449,#4530);
#4530 = DEFINITIONAL_REPRESENTATION('',(#4531),#4535);
#4531 = LINE('',#4532,#4533);
#4532 = CARTESIAN_POINT('',(0.,-0.565685424949));
#4533 = VECTOR('',#4534,1.);
#4534 = DIRECTION('',(1.,0.));
#4535 = ( GEOMETRIC_REPRESENTATION_CONTEXT(2) 
PARAMETRIC_REPRESENTATION_CONTEXT() REPRESENTATION_CONTEXT('2D SPACE',''
  ) );
#4536 = FACE_BOUND('',#4537,.F.);
#4537 = EDGE_LOOP('',(#4538,#4566,#4592,#4618,#4644));
#4538 = ORIENTED_EDGE('',*,*,#4539,.T.);
#4539 = EDGE_CURVE('',#4540,#4542,#4544,.T.);
#4540 = VERTEX_POINT('',#4541);
#4541 = CARTESIAN_POINT('',(23.49,-2.4,4.8));
#4542 = VERTEX_POINT('',#4543);
#4543 = CARTESIAN_POINT('',(23.49,-2.4,1.));
#4544 = SURFACE_CURVE('',#4545,(#4549,#4555),.PCURVE_S1.);
#4545 = LINE('',#4546,#4547);
#4546 = CARTESIAN_POINT('',(23.49,-2.4,1.2));
#4547 = VECTOR('',#4548,1.);
#4548 = DIRECTION('',(0.,0.,-1.));
#4549 = PCURVE('',#1520,#4550);
#4550 = DEFINITIONAL_REPRESENTATION('',(#4551),#4554);
#4551 = B_SPLINE_CURVE_WITH_KNOTS('',1,(#4552,#4553),.UNSPECIFIED.,.F.,
  .F.,(2,2),(-3.6,0.2),.PIECEWISE_BEZIER_KNOTS.);
#4552 = CARTESIAN_POINT('',(19.89,-7.2));
#4553 = CARTESIAN_POINT('',(19.89,-3.4));
#4554 = ( GEOMETRIC_REPRESENTATION_CONTEXT(2) 
PARAMETRIC_REPRESENTATION_CONTEXT() REPRESENTATION_CONTEXT('2D SPACE',''
  ) );
#4555 = PCURVE('',#4556,#4561);
#4556 = PLANE('',#4557);
#4557 = AXIS2_PLACEMENT_3D('',#4558,#4559,#4560);
#4558 = CARTESIAN_POINT('',(23.49,1.E-02,4.8));
#4559 = DIRECTION('',(1.,0.,0.));
#4560 = DIRECTION('',(0.,0.,-1.));
#4561 = DEFINITIONAL_REPRESENTATION('',(#4562),#4565);
#4562 = B_SPLINE_CURVE_WITH_KNOTS('',1,(#4563,#4564),.UNSPECIFIED.,.F.,
  .F.,(2,2),(-3.6,0.2),.PIECEWISE_BEZIER_KNOTS.);
#4563 = CARTESIAN_POINT('',(0.,-2.41));
#4564 = CARTESIAN_POINT('',(3.8,-2.41));
#4565 = ( GEOMETRIC_REPRESENTATION_CONTEXT(2) 
PARAMETRIC_REPRESENTATION_CONTEXT() REPRESENTATION_CONTEXT('2D SPACE',''
  ) );
#4566 = ORIENTED_EDGE('',*,*,#4567,.T.);
#4567 = EDGE_CURVE('',#4542,#4568,#4570,.T.);
#4568 = VERTEX_POINT('',#4569);
#4569 = CARTESIAN_POINT('',(38.49,-2.4,1.));
#4570 = SURFACE_CURVE('',#4571,(#4575,#4581),.PCURVE_S1.);
#4571 = LINE('',#4572,#4573);
#4572 = CARTESIAN_POINT('',(13.545,-2.4,1.));
#4573 = VECTOR('',#4574,1.);
#4574 = DIRECTION('',(1.,-0.,0.));
#4575 = PCURVE('',#1520,#4576);
#4576 = DEFINITIONAL_REPRESENTATION('',(#4577),#4580);
#4577 = B_SPLINE_CURVE_WITH_KNOTS('',1,(#4578,#4579),.UNSPECIFIED.,.F.,
  .F.,(2,2),(9.945,24.945),.PIECEWISE_BEZIER_KNOTS.);
#4578 = CARTESIAN_POINT('',(19.89,-3.4));
#4579 = CARTESIAN_POINT('',(34.89,-3.4));
#4580 = ( GEOMETRIC_REPRESENTATION_CONTEXT(2) 
PARAMETRIC_REPRESENTATION_CONTEXT() REPRESENTATION_CONTEXT('2D SPACE',''
  ) );
#4581 = PCURVE('',#4582,#4587);
#4582 = PLANE('',#4583);
#4583 = AXIS2_PLACEMENT_3D('',#4584,#4585,#4586);
#4584 = CARTESIAN_POINT('',(23.49,1.E-02,1.));
#4585 = DIRECTION('',(-0.,0.,1.));
#4586 = DIRECTION('',(1.,0.,0.));
#4587 = DEFINITIONAL_REPRESENTATION('',(#4588),#4591);
#4588 = B_SPLINE_CURVE_WITH_KNOTS('',1,(#4589,#4590),.UNSPECIFIED.,.F.,
  .F.,(2,2),(9.945,24.945),.PIECEWISE_BEZIER_KNOTS.);
#4589 = CARTESIAN_POINT('',(0.,-2.41));
#4590 = CARTESIAN_POINT('',(15.,-2.41));
#4591 = ( GEOMETRIC_REPRESENTATION_CONTEXT(2) 
PARAMETRIC_REPRESENTATION_CONTEXT() REPRESENTATION_CONTEXT('2D SPACE',''
  ) );
#4592 = ORIENTED_EDGE('',*,*,#4593,.T.);
#4593 = EDGE_CURVE('',#4568,#4594,#4596,.T.);
#4594 = VERTEX_POINT('',#4595);
#4595 = CARTESIAN_POINT('',(38.49,-2.4,4.8));
#4596 = SURFACE_CURVE('',#4597,(#4601,#4607),.PCURVE_S1.);
#4597 = LINE('',#4598,#4599);
#4598 = CARTESIAN_POINT('',(38.49,-2.4,-0.7));
#4599 = VECTOR('',#4600,1.);
#4600 = DIRECTION('',(0.,-0.,1.));
#4601 = PCURVE('',#1520,#4602);
#4602 = DEFINITIONAL_REPRESENTATION('',(#4603),#4606);
#4603 = B_SPLINE_CURVE_WITH_KNOTS('',1,(#4604,#4605),.UNSPECIFIED.,.F.,
  .F.,(2,2),(1.7,5.5),.PIECEWISE_BEZIER_KNOTS.);
#4604 = CARTESIAN_POINT('',(34.89,-3.4));
#4605 = CARTESIAN_POINT('',(34.89,-7.2));
#4606 = ( GEOMETRIC_REPRESENTATION_CONTEXT(2) 
PARAMETRIC_REPRESENTATION_CONTEXT() REPRESENTATION_CONTEXT('2D SPACE',''
  ) );
#4607 = PCURVE('',#4608,#4613);
#4608 = PLANE('',#4609);
#4609 = AXIS2_PLACEMENT_3D('',#4610,#4611,#4612);
#4610 = CARTESIAN_POINT('',(38.49,1.E-02,1.));
#4611 = DIRECTION('',(-1.,0.,0.));
#4612 = DIRECTION('',(0.,0.,1.));
#4613 = DEFINITIONAL_REPRESENTATION('',(#4614),#4617);
#4614 = B_SPLINE_CURVE_WITH_KNOTS('',1,(#4615,#4616),.UNSPECIFIED.,.F.,
  .F.,(2,2),(1.7,5.5),.PIECEWISE_BEZIER_KNOTS.);
#4615 = CARTESIAN_POINT('',(0.,-2.41));
#4616 = CARTESIAN_POINT('',(3.8,-2.41));
#4617 = ( GEOMETRIC_REPRESENTATION_CONTEXT(2) 
PARAMETRIC_REPRESENTATION_CONTEXT() REPRESENTATION_CONTEXT('2D SPACE',''
  ) );
#4618 = ORIENTED_EDGE('',*,*,#4619,.T.);
#4619 = EDGE_CURVE('',#4594,#4620,#4622,.T.);
#4620 = VERTEX_POINT('',#4621);
#4621 = CARTESIAN_POINT('',(30.99,-2.4,12.3));
#4622 = SURFACE_CURVE('',#4623,(#4627,#4633),.PCURVE_S1.);
#4623 = LINE('',#4624,#4625);
#4624 = CARTESIAN_POINT('',(31.5675,-2.4,11.7225));
#4625 = VECTOR('',#4626,1.);
#4626 = DIRECTION('',(-0.707106781187,0.,0.707106781187));
#4627 = PCURVE('',#1520,#4628);
#4628 = DEFINITIONAL_REPRESENTATION('',(#4629),#4632);
#4629 = B_SPLINE_CURVE_WITH_KNOTS('',1,(#4630,#4631),.UNSPECIFIED.,.F.,
  .F.,(2,2),(-9.789893385528,0.81670833227),.PIECEWISE_BEZIER_KNOTS.);
#4630 = CARTESIAN_POINT('',(34.89,-7.2));
#4631 = CARTESIAN_POINT('',(27.39,-14.7));
#4632 = ( GEOMETRIC_REPRESENTATION_CONTEXT(2) 
PARAMETRIC_REPRESENTATION_CONTEXT() REPRESENTATION_CONTEXT('2D SPACE',''
  ) );
#4633 = PCURVE('',#4634,#4639);
#4634 = PLANE('',#4635);
#4635 = AXIS2_PLACEMENT_3D('',#4636,#4637,#4638);
#4636 = CARTESIAN_POINT('',(38.49,1.E-02,4.8));
#4637 = DIRECTION('',(-0.707106781187,-0.,-0.707106781187));
#4638 = DIRECTION('',(-0.707106781187,0.,0.707106781187));
#4639 = DEFINITIONAL_REPRESENTATION('',(#4640),#4643);
#4640 = B_SPLINE_CURVE_WITH_KNOTS('',1,(#4641,#4642),.UNSPECIFIED.,.F.,
  .F.,(2,2),(-9.789893385528,0.81670833227),.PIECEWISE_BEZIER_KNOTS.);
#4641 = CARTESIAN_POINT('',(0.,-2.41));
#4642 = CARTESIAN_POINT('',(10.606601717798,-2.41));
#4643 = ( GEOMETRIC_REPRESENTATION_CONTEXT(2) 
PARAMETRIC_REPRESENTATION_CONTEXT() REPRESENTATION_CONTEXT('2D SPACE',''
  ) );
#4644 = ORIENTED_EDGE('',*,*,#4645,.T.);
#4645 = EDGE_CURVE('',#4620,#4540,#4646,.T.);
#4646 = SURFACE_CURVE('',#4647,(#4651,#4657),.PCURVE_S1.);
#4647 = LINE('',#4648,#4649);
#4648 = CARTESIAN_POINT('',(20.4675,-2.4,1.7775));
#4649 = VECTOR('',#4650,1.);
#4650 = DIRECTION('',(-0.707106781187,0.,-0.707106781187));
#4651 = PCURVE('',#1520,#4652);
#4652 = DEFINITIONAL_REPRESENTATION('',(#4653),#4656);
#4653 = B_SPLINE_CURVE_WITH_KNOTS('',1,(#4654,#4655),.UNSPECIFIED.,.F.,
  .F.,(2,2),(-14.88106221007,-4.274460492273),.PIECEWISE_BEZIER_KNOTS.);
#4654 = CARTESIAN_POINT('',(27.39,-14.7));
#4655 = CARTESIAN_POINT('',(19.89,-7.2));
#4656 = ( GEOMETRIC_REPRESENTATION_CONTEXT(2) 
PARAMETRIC_REPRESENTATION_CONTEXT() REPRESENTATION_CONTEXT('2D SPACE',''
  ) );
#4657 = PCURVE('',#4658,#4663);
#4658 = PLANE('',#4659);
#4659 = AXIS2_PLACEMENT_3D('',#4660,#4661,#4662);
#4660 = CARTESIAN_POINT('',(30.99,1.E-02,12.3));
#4661 = DIRECTION('',(0.707106781187,0.,-0.707106781187));
#4662 = DIRECTION('',(-0.707106781187,0.,-0.707106781187));
#4663 = DEFINITIONAL_REPRESENTATION('',(#4664),#4667);
#4664 = B_SPLINE_CURVE_WITH_KNOTS('',1,(#4665,#4666),.UNSPECIFIED.,.F.,
  .F.,(2,2),(-14.88106221007,-4.274460492273),.PIECEWISE_BEZIER_KNOTS.);
#4665 = CARTESIAN_POINT('',(0.,-2.41));
#4666 = CARTESIAN_POINT('',(10.606601717798,-2.41));
#4667 = ( GEOMETRIC_REPRESENTATION_CONTEXT(2) 
PARAMETRIC_REPRESENTATION_CONTEXT() REPRESENTATION_CONTEXT('2D SPACE',''
  ) );
#4668 = ADVANCED_FACE('',(#4669,#4844,#4950,#5056,#5162,#5268,#5374,
    #5480,#5586,#5692,#5798,#5904,#6010,#6116,#6222,#6328,#6434,#6540,
    #6646),#1624,.F.);
#4669 = FACE_BOUND('',#4670,.F.);
#4670 = EDGE_LOOP('',(#4671,#4672,#4673,#4696,#4729,#4757,#4790,#4818));
#4671 = ORIENTED_EDGE('',*,*,#1610,.F.);
#4672 = ORIENTED_EDGE('',*,*,#4462,.F.);
#4673 = ORIENTED_EDGE('',*,*,#4674,.F.);
#4674 = EDGE_CURVE('',#4675,#4435,#4677,.T.);
#4675 = VERTEX_POINT('',#4676);
#4676 = CARTESIAN_POINT('',(58.4,-1.6,-2.4));
#4677 = SURFACE_CURVE('',#4678,(#4682,#4689),.PCURVE_S1.);
#4678 = LINE('',#4679,#4680);
#4679 = CARTESIAN_POINT('',(58.4,-1.6,-2.4));
#4680 = VECTOR('',#4681,1.);
#4681 = DIRECTION('',(-1.,-0.,-0.));
#4682 = PCURVE('',#1624,#4683);
#4683 = DEFINITIONAL_REPRESENTATION('',(#4684),#4688);
#4684 = LINE('',#4685,#4686);
#4685 = CARTESIAN_POINT('',(27.4,-46.05));
#4686 = VECTOR('',#4687,1.);
#4687 = DIRECTION('',(-1.,0.));
#4688 = ( GEOMETRIC_REPRESENTATION_CONTEXT(2) 
PARAMETRIC_REPRESENTATION_CONTEXT() REPRESENTATION_CONTEXT('2D SPACE',''
  ) );
#4689 = PCURVE('',#4449,#4690);
#4690 = DEFINITIONAL_REPRESENTATION('',(#4691),#4695);
#4691 = LINE('',#4692,#4693);
#4692 = CARTESIAN_POINT('',(0.,0.565685424949));
#4693 = VECTOR('',#4694,1.);
#4694 = DIRECTION('',(1.,0.));
#4695 = ( GEOMETRIC_REPRESENTATION_CONTEXT(2) 
PARAMETRIC_REPRESENTATION_CONTEXT() REPRESENTATION_CONTEXT('2D SPACE',''
  ) );
#4696 = ORIENTED_EDGE('',*,*,#4697,.F.);
#4697 = EDGE_CURVE('',#4698,#4675,#4700,.T.);
#4698 = VERTEX_POINT('',#4699);
#4699 = CARTESIAN_POINT('',(63.6,3.6,-2.4));
#4700 = SURFACE_CURVE('',#4701,(#4706,#4717),.PCURVE_S1.);
#4701 = CIRCLE('',#4702,5.2);
#4702 = AXIS2_PLACEMENT_3D('',#4703,#4704,#4705);
#4703 = CARTESIAN_POINT('',(58.4,3.6,-2.4));
#4704 = DIRECTION('',(0.,-0.,-1.));
#4705 = DIRECTION('',(1.,0.,-0.));
#4706 = PCURVE('',#1624,#4707);
#4707 = DEFINITIONAL_REPRESENTATION('',(#4708),#4716);
#4708 = ( BOUNDED_CURVE() B_SPLINE_CURVE(2,(#4709,#4710,#4711,#4712,
#4713,#4714,#4715),.UNSPECIFIED.,.T.,.F.) B_SPLINE_CURVE_WITH_KNOTS((1,2
    ,2,2,2,1),(-2.094395102393,0.,2.094395102393,4.188790204786,
6.28318530718,8.377580409573),.UNSPECIFIED.) CURVE() 
GEOMETRIC_REPRESENTATION_ITEM() RATIONAL_B_SPLINE_CURVE((1.,0.5,1.,0.5,
1.,0.5,1.)) REPRESENTATION_ITEM('') );
#4709 = CARTESIAN_POINT('',(32.6,-40.85));
#4710 = CARTESIAN_POINT('',(32.6,-49.85666419935));
#4711 = CARTESIAN_POINT('',(24.8,-45.35333209967));
#4712 = CARTESIAN_POINT('',(17.,-40.85));
#4713 = CARTESIAN_POINT('',(24.8,-36.34666790032));
#4714 = CARTESIAN_POINT('',(32.6,-31.84333580064));
#4715 = CARTESIAN_POINT('',(32.6,-40.85));
#4716 = ( GEOMETRIC_REPRESENTATION_CONTEXT(2) 
PARAMETRIC_REPRESENTATION_CONTEXT() REPRESENTATION_CONTEXT('2D SPACE',''
  ) );
#4717 = PCURVE('',#4718,#4723);
#4718 = CONICAL_SURFACE('',#4719,6.,0.785398163397);
#4719 = AXIS2_PLACEMENT_3D('',#4720,#4721,#4722);
#4720 = CARTESIAN_POINT('',(58.4,3.6,-1.6));
#4721 = DIRECTION('',(0.,0.,1.));
#4722 = DIRECTION('',(1.,0.,-0.));
#4723 = DEFINITIONAL_REPRESENTATION('',(#4724),#4728);
#4724 = LINE('',#4725,#4726);
#4725 = CARTESIAN_POINT('',(-0.,-0.8));
#4726 = VECTOR('',#4727,1.);
#4727 = DIRECTION('',(-1.,-0.));
#4728 = ( GEOMETRIC_REPRESENTATION_CONTEXT(2) 
PARAMETRIC_REPRESENTATION_CONTEXT() REPRESENTATION_CONTEXT('2D SPACE',''
  ) );
#4729 = ORIENTED_EDGE('',*,*,#4730,.F.);
#4730 = EDGE_CURVE('',#4731,#4698,#4733,.T.);
#4731 = VERTEX_POINT('',#4732);
#4732 = CARTESIAN_POINT('',(63.6,85.3,-2.4));
#4733 = SURFACE_CURVE('',#4734,(#4738,#4745),.PCURVE_S1.);
#4734 = LINE('',#4735,#4736);
#4735 = CARTESIAN_POINT('',(63.6,85.3,-2.4));
#4736 = VECTOR('',#4737,1.);
#4737 = DIRECTION('',(-0.,-1.,-0.));
#4738 = PCURVE('',#1624,#4739);
#4739 = DEFINITIONAL_REPRESENTATION('',(#4740),#4744);
#4740 = LINE('',#4741,#4742);
#4741 = CARTESIAN_POINT('',(32.6,40.85));
#4742 = VECTOR('',#4743,1.);
#4743 = DIRECTION('',(0.,-1.));
#4744 = ( GEOMETRIC_REPRESENTATION_CONTEXT(2) 
PARAMETRIC_REPRESENTATION_CONTEXT() REPRESENTATION_CONTEXT('2D SPACE',''
  ) );
#4745 = PCURVE('',#4746,#4751);
#4746 = PLANE('',#4747);
#4747 = AXIS2_PLACEMENT_3D('',#4748,#4749,#4750);
#4748 = CARTESIAN_POINT('',(64.,85.3,-2.));
#4749 = DIRECTION('',(0.707106781187,-4.020751880993E-18,-0.707106781187
    ));
#4750 = DIRECTION('',(-2.843100920519E-18,-1.,2.843100920519E-18));
#4751 = DEFINITIONAL_REPRESENTATION('',(#4752),#4756);
#4752 = LINE('',#4753,#4754);
#4753 = CARTESIAN_POINT('',(0.,0.565685424949));
#4754 = VECTOR('',#4755,1.);
#4755 = DIRECTION('',(1.,0.));
#4756 = ( GEOMETRIC_REPRESENTATION_CONTEXT(2) 
PARAMETRIC_REPRESENTATION_CONTEXT() REPRESENTATION_CONTEXT('2D SPACE',''
  ) );
#4757 = ORIENTED_EDGE('',*,*,#4758,.F.);
#4758 = EDGE_CURVE('',#4759,#4731,#4761,.T.);
#4759 = VERTEX_POINT('',#4760);
#4760 = CARTESIAN_POINT('',(58.4,90.5,-2.4));
#4761 = SURFACE_CURVE('',#4762,(#4767,#4778),.PCURVE_S1.);
#4762 = CIRCLE('',#4763,5.2);
#4763 = AXIS2_PLACEMENT_3D('',#4764,#4765,#4766);
#4764 = CARTESIAN_POINT('',(58.4,85.3,-2.4));
#4765 = DIRECTION('',(0.,-0.,-1.));
#4766 = DIRECTION('',(0.,1.,-0.));
#4767 = PCURVE('',#1624,#4768);
#4768 = DEFINITIONAL_REPRESENTATION('',(#4769),#4777);
#4769 = ( BOUNDED_CURVE() B_SPLINE_CURVE(2,(#4770,#4771,#4772,#4773,
#4774,#4775,#4776),.UNSPECIFIED.,.T.,.F.) B_SPLINE_CURVE_WITH_KNOTS((1,2
    ,2,2,2,1),(-2.094395102393,0.,2.094395102393,4.188790204786,
6.28318530718,8.377580409573),.UNSPECIFIED.) CURVE() 
GEOMETRIC_REPRESENTATION_ITEM() RATIONAL_B_SPLINE_CURVE((1.,0.5,1.,0.5,
1.,0.5,1.)) REPRESENTATION_ITEM('') );
#4770 = CARTESIAN_POINT('',(27.4,46.05));
#4771 = CARTESIAN_POINT('',(36.406664199358,46.05));
#4772 = CARTESIAN_POINT('',(31.903332099679,38.25));
#4773 = CARTESIAN_POINT('',(27.4,30.45));
#4774 = CARTESIAN_POINT('',(22.896667900321,38.25));
#4775 = CARTESIAN_POINT('',(18.393335800642,46.05));
#4776 = CARTESIAN_POINT('',(27.4,46.05));
#4777 = ( GEOMETRIC_REPRESENTATION_CONTEXT(2) 
PARAMETRIC_REPRESENTATION_CONTEXT() REPRESENTATION_CONTEXT('2D SPACE',''
  ) );
#4778 = PCURVE('',#4779,#4784);
#4779 = CONICAL_SURFACE('',#4780,6.,0.785398163397);
#4780 = AXIS2_PLACEMENT_3D('',#4781,#4782,#4783);
#4781 = CARTESIAN_POINT('',(58.4,85.3,-1.6));
#4782 = DIRECTION('',(0.,0.,1.));
#4783 = DIRECTION('',(0.,1.,0.));
#4784 = DEFINITIONAL_REPRESENTATION('',(#4785),#4789);
#4785 = LINE('',#4786,#4787);
#4786 = CARTESIAN_POINT('',(-0.,-0.8));
#4787 = VECTOR('',#4788,1.);
#4788 = DIRECTION('',(-1.,-0.));
#4789 = ( GEOMETRIC_REPRESENTATION_CONTEXT(2) 
PARAMETRIC_REPRESENTATION_CONTEXT() REPRESENTATION_CONTEXT('2D SPACE',''
  ) );
#4790 = ORIENTED_EDGE('',*,*,#4791,.F.);
#4791 = EDGE_CURVE('',#4792,#4759,#4794,.T.);
#4792 = VERTEX_POINT('',#4793);
#4793 = CARTESIAN_POINT('',(3.6,90.5,-2.4));
#4794 = SURFACE_CURVE('',#4795,(#4799,#4806),.PCURVE_S1.);
#4795 = LINE('',#4796,#4797);
#4796 = CARTESIAN_POINT('',(3.6,90.5,-2.4));
#4797 = VECTOR('',#4798,1.);
#4798 = DIRECTION('',(1.,0.,0.));
#4799 = PCURVE('',#1624,#4800);
#4800 = DEFINITIONAL_REPRESENTATION('',(#4801),#4805);
#4801 = LINE('',#4802,#4803);
#4802 = CARTESIAN_POINT('',(-27.4,46.05));
#4803 = VECTOR('',#4804,1.);
#4804 = DIRECTION('',(1.,0.));
#4805 = ( GEOMETRIC_REPRESENTATION_CONTEXT(2) 
PARAMETRIC_REPRESENTATION_CONTEXT() REPRESENTATION_CONTEXT('2D SPACE',''
  ) );
#4806 = PCURVE('',#4807,#4812);
#4807 = PLANE('',#4808);
#4808 = AXIS2_PLACEMENT_3D('',#4809,#4810,#4811);
#4809 = CARTESIAN_POINT('',(3.6,90.9,-2.));
#4810 = DIRECTION('',(6.070692462065E-18,-0.707106781187,0.707106781187)
  );
#4811 = DIRECTION('',(-1.,-4.292627806425E-18,4.292627806425E-18));
#4812 = DEFINITIONAL_REPRESENTATION('',(#4813),#4817);
#4813 = LINE('',#4814,#4815);
#4814 = CARTESIAN_POINT('',(-0.,0.565685424949));
#4815 = VECTOR('',#4816,1.);
#4816 = DIRECTION('',(-1.,0.));
#4817 = ( GEOMETRIC_REPRESENTATION_CONTEXT(2) 
PARAMETRIC_REPRESENTATION_CONTEXT() REPRESENTATION_CONTEXT('2D SPACE',''
  ) );
#4818 = ORIENTED_EDGE('',*,*,#4819,.F.);
#4819 = EDGE_CURVE('',#1585,#4792,#4820,.T.);
#4820 = SURFACE_CURVE('',#4821,(#4826,#4837),.PCURVE_S1.);
#4821 = CIRCLE('',#4822,5.2);
#4822 = AXIS2_PLACEMENT_3D('',#4823,#4824,#4825);
#4823 = CARTESIAN_POINT('',(3.6,85.3,-2.4));
#4824 = DIRECTION('',(-0.,0.,-1.));
#4825 = DIRECTION('',(-1.,0.,0.));
#4826 = PCURVE('',#1624,#4827);
#4827 = DEFINITIONAL_REPRESENTATION('',(#4828),#4836);
#4828 = ( BOUNDED_CURVE() B_SPLINE_CURVE(2,(#4829,#4830,#4831,#4832,
#4833,#4834,#4835),.UNSPECIFIED.,.T.,.F.) B_SPLINE_CURVE_WITH_KNOTS((1,2
    ,2,2,2,1),(-2.094395102393,0.,2.094395102393,4.188790204786,
6.28318530718,8.377580409573),.UNSPECIFIED.) CURVE() 
GEOMETRIC_REPRESENTATION_ITEM() RATIONAL_B_SPLINE_CURVE((1.,0.5,1.,0.5,
1.,0.5,1.)) REPRESENTATION_ITEM('') );
#4829 = CARTESIAN_POINT('',(-32.6,40.85));
#4830 = CARTESIAN_POINT('',(-32.6,49.856664199358));
#4831 = CARTESIAN_POINT('',(-24.8,45.353332099679));
#4832 = CARTESIAN_POINT('',(-17.,40.85));
#4833 = CARTESIAN_POINT('',(-24.8,36.346667900321));
#4834 = CARTESIAN_POINT('',(-32.6,31.843335800642));
#4835 = CARTESIAN_POINT('',(-32.6,40.85));
#4836 = ( GEOMETRIC_REPRESENTATION_CONTEXT(2) 
PARAMETRIC_REPRESENTATION_CONTEXT() REPRESENTATION_CONTEXT('2D SPACE',''
  ) );
#4837 = PCURVE('',#1599,#4838);
#4838 = DEFINITIONAL_REPRESENTATION('',(#4839),#4843);
#4839 = LINE('',#4840,#4841);
#4840 = CARTESIAN_POINT('',(-0.,-0.8));
#4841 = VECTOR('',#4842,1.);
#4842 = DIRECTION('',(-1.,-0.));
#4843 = ( GEOMETRIC_REPRESENTATION_CONTEXT(2) 
PARAMETRIC_REPRESENTATION_CONTEXT() REPRESENTATION_CONTEXT('2D SPACE',''
  ) );
#4844 = FACE_BOUND('',#4845,.F.);
#4845 = EDGE_LOOP('',(#4846,#4874,#4900,#4926));
#4846 = ORIENTED_EDGE('',*,*,#4847,.T.);
#4847 = EDGE_CURVE('',#4848,#4850,#4852,.T.);
#4848 = VERTEX_POINT('',#4849);
#4849 = CARTESIAN_POINT('',(28.3,0.3,-2.4));
#4850 = VERTEX_POINT('',#4851);
#4851 = CARTESIAN_POINT('',(0.3,0.3,-2.4));
#4852 = SURFACE_CURVE('',#4853,(#4857,#4863),.PCURVE_S1.);
#4853 = LINE('',#4854,#4855);
#4854 = CARTESIAN_POINT('',(15.65,0.3,-2.4));
#4855 = VECTOR('',#4856,1.);
#4856 = DIRECTION('',(-1.,-0.,0.));
#4857 = PCURVE('',#1624,#4858);
#4858 = DEFINITIONAL_REPRESENTATION('',(#4859),#4862);
#4859 = B_SPLINE_CURVE_WITH_KNOTS('',1,(#4860,#4861),.UNSPECIFIED.,.F.,
  .F.,(2,2),(-12.65,15.35),.PIECEWISE_BEZIER_KNOTS.);
#4860 = CARTESIAN_POINT('',(-2.7,-44.15));
#4861 = CARTESIAN_POINT('',(-30.7,-44.15));
#4862 = ( GEOMETRIC_REPRESENTATION_CONTEXT(2) 
PARAMETRIC_REPRESENTATION_CONTEXT() REPRESENTATION_CONTEXT('2D SPACE',''
  ) );
#4863 = PCURVE('',#4864,#4869);
#4864 = PLANE('',#4865);
#4865 = AXIS2_PLACEMENT_3D('',#4866,#4867,#4868);
#4866 = CARTESIAN_POINT('',(0.3,0.3,-2.41));
#4867 = DIRECTION('',(-0.,1.,0.));
#4868 = DIRECTION('',(0.,0.,1.));
#4869 = DEFINITIONAL_REPRESENTATION('',(#4870),#4873);
#4870 = B_SPLINE_CURVE_WITH_KNOTS('',1,(#4871,#4872),.UNSPECIFIED.,.F.,
  .F.,(2,2),(-12.65,15.35),.PIECEWISE_BEZIER_KNOTS.);
#4871 = CARTESIAN_POINT('',(1.E-02,28.));
#4872 = CARTESIAN_POINT('',(1.E-02,0.));
#4873 = ( GEOMETRIC_REPRESENTATION_CONTEXT(2) 
PARAMETRIC_REPRESENTATION_CONTEXT() REPRESENTATION_CONTEXT('2D SPACE',''
  ) );
#4874 = ORIENTED_EDGE('',*,*,#4875,.T.);
#4875 = EDGE_CURVE('',#4850,#4876,#4878,.T.);
#4876 = VERTEX_POINT('',#4877);
#4877 = CARTESIAN_POINT('',(0.3,28.3,-2.4));
#4878 = SURFACE_CURVE('',#4879,(#4883,#4889),.PCURVE_S1.);
#4879 = LINE('',#4880,#4881);
#4880 = CARTESIAN_POINT('',(0.3,22.375,-2.4));
#4881 = VECTOR('',#4882,1.);
#4882 = DIRECTION('',(-0.,1.,0.));
#4883 = PCURVE('',#1624,#4884);
#4884 = DEFINITIONAL_REPRESENTATION('',(#4885),#4888);
#4885 = B_SPLINE_CURVE_WITH_KNOTS('',1,(#4886,#4887),.UNSPECIFIED.,.F.,
  .F.,(2,2),(-22.075,5.925),.PIECEWISE_BEZIER_KNOTS.);
#4886 = CARTESIAN_POINT('',(-30.7,-44.15));
#4887 = CARTESIAN_POINT('',(-30.7,-16.15));
#4888 = ( GEOMETRIC_REPRESENTATION_CONTEXT(2) 
PARAMETRIC_REPRESENTATION_CONTEXT() REPRESENTATION_CONTEXT('2D SPACE',''
  ) );
#4889 = PCURVE('',#4890,#4895);
#4890 = PLANE('',#4891);
#4891 = AXIS2_PLACEMENT_3D('',#4892,#4893,#4894);
#4892 = CARTESIAN_POINT('',(0.3,0.3,-2.41));
#4893 = DIRECTION('',(1.,0.,-0.));
#4894 = DIRECTION('',(0.,0.,1.));
#4895 = DEFINITIONAL_REPRESENTATION('',(#4896),#4899);
#4896 = B_SPLINE_CURVE_WITH_KNOTS('',1,(#4897,#4898),.UNSPECIFIED.,.F.,
  .F.,(2,2),(-22.075,5.925),.PIECEWISE_BEZIER_KNOTS.);
#4897 = CARTESIAN_POINT('',(1.E-02,0.));
#4898 = CARTESIAN_POINT('',(1.E-02,-28.));
#4899 = ( GEOMETRIC_REPRESENTATION_CONTEXT(2) 
PARAMETRIC_REPRESENTATION_CONTEXT() REPRESENTATION_CONTEXT('2D SPACE',''
  ) );
#4900 = ORIENTED_EDGE('',*,*,#4901,.F.);
#4901 = EDGE_CURVE('',#4902,#4876,#4904,.T.);
#4902 = VERTEX_POINT('',#4903);
#4903 = CARTESIAN_POINT('',(28.3,28.3,-2.4));
#4904 = SURFACE_CURVE('',#4905,(#4909,#4915),.PCURVE_S1.);
#4905 = LINE('',#4906,#4907);
#4906 = CARTESIAN_POINT('',(15.65,28.3,-2.4));
#4907 = VECTOR('',#4908,1.);
#4908 = DIRECTION('',(-1.,-0.,0.));
#4909 = PCURVE('',#1624,#4910);
#4910 = DEFINITIONAL_REPRESENTATION('',(#4911),#4914);
#4911 = B_SPLINE_CURVE_WITH_KNOTS('',1,(#4912,#4913),.UNSPECIFIED.,.F.,
  .F.,(2,2),(-12.65,15.35),.PIECEWISE_BEZIER_KNOTS.);
#4912 = CARTESIAN_POINT('',(-2.7,-16.15));
#4913 = CARTESIAN_POINT('',(-30.7,-16.15));
#4914 = ( GEOMETRIC_REPRESENTATION_CONTEXT(2) 
PARAMETRIC_REPRESENTATION_CONTEXT() REPRESENTATION_CONTEXT('2D SPACE',''
  ) );
#4915 = PCURVE('',#4916,#4921);
#4916 = PLANE('',#4917);
#4917 = AXIS2_PLACEMENT_3D('',#4918,#4919,#4920);
#4918 = CARTESIAN_POINT('',(0.3,28.3,-2.41));
#4919 = DIRECTION('',(-0.,1.,0.));
#4920 = DIRECTION('',(0.,0.,1.));
#4921 = DEFINITIONAL_REPRESENTATION('',(#4922),#4925);
#4922 = B_SPLINE_CURVE_WITH_KNOTS('',1,(#4923,#4924),.UNSPECIFIED.,.F.,
  .F.,(2,2),(-12.65,15.35),.PIECEWISE_BEZIER_KNOTS.);
#4923 = CARTESIAN_POINT('',(1.E-02,28.));
#4924 = CARTESIAN_POINT('',(1.E-02,0.));
#4925 = ( GEOMETRIC_REPRESENTATION_CONTEXT(2) 
PARAMETRIC_REPRESENTATION_CONTEXT() REPRESENTATION_CONTEXT('2D SPACE',''
  ) );
#4926 = ORIENTED_EDGE('',*,*,#4927,.F.);
#4927 = EDGE_CURVE('',#4848,#4902,#4928,.T.);
#4928 = SURFACE_CURVE('',#4929,(#4933,#4939),.PCURVE_S1.);
#4929 = LINE('',#4930,#4931);
#4930 = CARTESIAN_POINT('',(28.3,22.375,-2.4));
#4931 = VECTOR('',#4932,1.);
#4932 = DIRECTION('',(-0.,1.,0.));
#4933 = PCURVE('',#1624,#4934);
#4934 = DEFINITIONAL_REPRESENTATION('',(#4935),#4938);
#4935 = B_SPLINE_CURVE_WITH_KNOTS('',1,(#4936,#4937),.UNSPECIFIED.,.F.,
  .F.,(2,2),(-22.075,5.925),.PIECEWISE_BEZIER_KNOTS.);
#4936 = CARTESIAN_POINT('',(-2.7,-44.15));
#4937 = CARTESIAN_POINT('',(-2.7,-16.15));
#4938 = ( GEOMETRIC_REPRESENTATION_CONTEXT(2) 
PARAMETRIC_REPRESENTATION_CONTEXT() REPRESENTATION_CONTEXT('2D SPACE',''
  ) );
#4939 = PCURVE('',#4940,#4945);
#4940 = PLANE('',#4941);
#4941 = AXIS2_PLACEMENT_3D('',#4942,#4943,#4944);
#4942 = CARTESIAN_POINT('',(28.3,0.3,-2.41));
#4943 = DIRECTION('',(1.,0.,-0.));
#4944 = DIRECTION('',(0.,0.,1.));
#4945 = DEFINITIONAL_REPRESENTATION('',(#4946),#4949);
#4946 = B_SPLINE_CURVE_WITH_KNOTS('',1,(#4947,#4948),.UNSPECIFIED.,.F.,
  .F.,(2,2),(-22.075,5.925),.PIECEWISE_BEZIER_KNOTS.);
#4947 = CARTESIAN_POINT('',(1.E-02,0.));
#4948 = CARTESIAN_POINT('',(1.E-02,-28.));
#4949 = ( GEOMETRIC_REPRESENTATION_CONTEXT(2) 
PARAMETRIC_REPRESENTATION_CONTEXT() REPRESENTATION_CONTEXT('2D SPACE',''
  ) );
#4950 = FACE_BOUND('',#4951,.F.);
#4951 = EDGE_LOOP('',(#4952,#4980,#5006,#5032));
#4952 = ORIENTED_EDGE('',*,*,#4953,.T.);
#4953 = EDGE_CURVE('',#4954,#4956,#4958,.T.);
#4954 = VERTEX_POINT('',#4955);
#4955 = CARTESIAN_POINT('',(29.,30.3,-2.4));
#4956 = VERTEX_POINT('',#4957);
#4957 = CARTESIAN_POINT('',(9.,30.3,-2.4));
#4958 = SURFACE_CURVE('',#4959,(#4963,#4969),.PCURVE_S1.);
#4959 = LINE('',#4960,#4961);
#4960 = CARTESIAN_POINT('',(20.,30.3,-2.4));
#4961 = VECTOR('',#4962,1.);
#4962 = DIRECTION('',(-1.,-0.,0.));
#4963 = PCURVE('',#1624,#4964);
#4964 = DEFINITIONAL_REPRESENTATION('',(#4965),#4968);
#4965 = B_SPLINE_CURVE_WITH_KNOTS('',1,(#4966,#4967),.UNSPECIFIED.,.F.,
  .F.,(2,2),(-9.,11.),.PIECEWISE_BEZIER_KNOTS.);
#4966 = CARTESIAN_POINT('',(-2.,-14.15));
#4967 = CARTESIAN_POINT('',(-22.,-14.15));
#4968 = ( GEOMETRIC_REPRESENTATION_CONTEXT(2) 
PARAMETRIC_REPRESENTATION_CONTEXT() REPRESENTATION_CONTEXT('2D SPACE',''
  ) );
#4969 = PCURVE('',#4970,#4975);
#4970 = PLANE('',#4971);
#4971 = AXIS2_PLACEMENT_3D('',#4972,#4973,#4974);
#4972 = CARTESIAN_POINT('',(9.,30.3,-2.41));
#4973 = DIRECTION('',(-0.,1.,0.));
#4974 = DIRECTION('',(0.,0.,1.));
#4975 = DEFINITIONAL_REPRESENTATION('',(#4976),#4979);
#4976 = B_SPLINE_CURVE_WITH_KNOTS('',1,(#4977,#4978),.UNSPECIFIED.,.F.,
  .F.,(2,2),(-9.,11.),.PIECEWISE_BEZIER_KNOTS.);
#4977 = CARTESIAN_POINT('',(1.E-02,20.));
#4978 = CARTESIAN_POINT('',(1.E-02,0.));
#4979 = ( GEOMETRIC_REPRESENTATION_CONTEXT(2) 
PARAMETRIC_REPRESENTATION_CONTEXT() REPRESENTATION_CONTEXT('2D SPACE',''
  ) );
#4980 = ORIENTED_EDGE('',*,*,#4981,.T.);
#4981 = EDGE_CURVE('',#4956,#4982,#4984,.T.);
#4982 = VERTEX_POINT('',#4983);
#4983 = CARTESIAN_POINT('',(9.,32.3,-2.4));
#4984 = SURFACE_CURVE('',#4985,(#4989,#4995),.PCURVE_S1.);
#4985 = LINE('',#4986,#4987);
#4986 = CARTESIAN_POINT('',(9.,37.375,-2.4));
#4987 = VECTOR('',#4988,1.);
#4988 = DIRECTION('',(-0.,1.,0.));
#4989 = PCURVE('',#1624,#4990);
#4990 = DEFINITIONAL_REPRESENTATION('',(#4991),#4994);
#4991 = B_SPLINE_CURVE_WITH_KNOTS('',1,(#4992,#4993),.UNSPECIFIED.,.F.,
  .F.,(2,2),(-7.075,-5.075),.PIECEWISE_BEZIER_KNOTS.);
#4992 = CARTESIAN_POINT('',(-22.,-14.15));
#4993 = CARTESIAN_POINT('',(-22.,-12.15));
#4994 = ( GEOMETRIC_REPRESENTATION_CONTEXT(2) 
PARAMETRIC_REPRESENTATION_CONTEXT() REPRESENTATION_CONTEXT('2D SPACE',''
  ) );
#4995 = PCURVE('',#4996,#5001);
#4996 = PLANE('',#4997);
#4997 = AXIS2_PLACEMENT_3D('',#4998,#4999,#5000);
#4998 = CARTESIAN_POINT('',(9.,30.3,-2.41));
#4999 = DIRECTION('',(1.,0.,-0.));
#5000 = DIRECTION('',(0.,0.,1.));
#5001 = DEFINITIONAL_REPRESENTATION('',(#5002),#5005);
#5002 = B_SPLINE_CURVE_WITH_KNOTS('',1,(#5003,#5004),.UNSPECIFIED.,.F.,
  .F.,(2,2),(-7.075,-5.075),.PIECEWISE_BEZIER_KNOTS.);
#5003 = CARTESIAN_POINT('',(1.E-02,0.));
#5004 = CARTESIAN_POINT('',(1.E-02,-2.));
#5005 = ( GEOMETRIC_REPRESENTATION_CONTEXT(2) 
PARAMETRIC_REPRESENTATION_CONTEXT() REPRESENTATION_CONTEXT('2D SPACE',''
  ) );
#5006 = ORIENTED_EDGE('',*,*,#5007,.F.);
#5007 = EDGE_CURVE('',#5008,#4982,#5010,.T.);
#5008 = VERTEX_POINT('',#5009);
#5009 = CARTESIAN_POINT('',(29.,32.3,-2.4));
#5010 = SURFACE_CURVE('',#5011,(#5015,#5021),.PCURVE_S1.);
#5011 = LINE('',#5012,#5013);
#5012 = CARTESIAN_POINT('',(20.,32.3,-2.4));
#5013 = VECTOR('',#5014,1.);
#5014 = DIRECTION('',(-1.,-0.,0.));
#5015 = PCURVE('',#1624,#5016);
#5016 = DEFINITIONAL_REPRESENTATION('',(#5017),#5020);
#5017 = B_SPLINE_CURVE_WITH_KNOTS('',1,(#5018,#5019),.UNSPECIFIED.,.F.,
  .F.,(2,2),(-9.,11.),.PIECEWISE_BEZIER_KNOTS.);
#5018 = CARTESIAN_POINT('',(-2.,-12.15));
#5019 = CARTESIAN_POINT('',(-22.,-12.15));
#5020 = ( GEOMETRIC_REPRESENTATION_CONTEXT(2) 
PARAMETRIC_REPRESENTATION_CONTEXT() REPRESENTATION_CONTEXT('2D SPACE',''
  ) );
#5021 = PCURVE('',#5022,#5027);
#5022 = PLANE('',#5023);
#5023 = AXIS2_PLACEMENT_3D('',#5024,#5025,#5026);
#5024 = CARTESIAN_POINT('',(9.,32.3,-2.41));
#5025 = DIRECTION('',(-0.,1.,0.));
#5026 = DIRECTION('',(0.,0.,1.));
#5027 = DEFINITIONAL_REPRESENTATION('',(#5028),#5031);
#5028 = B_SPLINE_CURVE_WITH_KNOTS('',1,(#5029,#5030),.UNSPECIFIED.,.F.,
  .F.,(2,2),(-9.,11.),.PIECEWISE_BEZIER_KNOTS.);
#5029 = CARTESIAN_POINT('',(1.E-02,20.));
#5030 = CARTESIAN_POINT('',(1.E-02,0.));
#5031 = ( GEOMETRIC_REPRESENTATION_CONTEXT(2) 
PARAMETRIC_REPRESENTATION_CONTEXT() REPRESENTATION_CONTEXT('2D SPACE',''
  ) );
#5032 = ORIENTED_EDGE('',*,*,#5033,.F.);
#5033 = EDGE_CURVE('',#4954,#5008,#5034,.T.);
#5034 = SURFACE_CURVE('',#5035,(#5039,#5045),.PCURVE_S1.);
#5035 = LINE('',#5036,#5037);
#5036 = CARTESIAN_POINT('',(29.,37.375,-2.4));
#5037 = VECTOR('',#5038,1.);
#5038 = DIRECTION('',(-0.,1.,0.));
#5039 = PCURVE('',#1624,#5040);
#5040 = DEFINITIONAL_REPRESENTATION('',(#5041),#5044);
#5041 = B_SPLINE_CURVE_WITH_KNOTS('',1,(#5042,#5043),.UNSPECIFIED.,.F.,
  .F.,(2,2),(-7.075,-5.075),.PIECEWISE_BEZIER_KNOTS.);
#5042 = CARTESIAN_POINT('',(-2.,-14.15));
#5043 = CARTESIAN_POINT('',(-2.,-12.15));
#5044 = ( GEOMETRIC_REPRESENTATION_CONTEXT(2) 
PARAMETRIC_REPRESENTATION_CONTEXT() REPRESENTATION_CONTEXT('2D SPACE',''
  ) );
#5045 = PCURVE('',#5046,#5051);
#5046 = PLANE('',#5047);
#5047 = AXIS2_PLACEMENT_3D('',#5048,#5049,#5050);
#5048 = CARTESIAN_POINT('',(29.,30.3,-2.41));
#5049 = DIRECTION('',(1.,0.,-0.));
#5050 = DIRECTION('',(0.,0.,1.));
#5051 = DEFINITIONAL_REPRESENTATION('',(#5052),#5055);
#5052 = B_SPLINE_CURVE_WITH_KNOTS('',1,(#5053,#5054),.UNSPECIFIED.,.F.,
  .F.,(2,2),(-7.075,-5.075),.PIECEWISE_BEZIER_KNOTS.);
#5053 = CARTESIAN_POINT('',(1.E-02,0.));
#5054 = CARTESIAN_POINT('',(1.E-02,-2.));
#5055 = ( GEOMETRIC_REPRESENTATION_CONTEXT(2) 
PARAMETRIC_REPRESENTATION_CONTEXT() REPRESENTATION_CONTEXT('2D SPACE',''
  ) );
#5056 = FACE_BOUND('',#5057,.F.);
#5057 = EDGE_LOOP('',(#5058,#5086,#5112,#5138));
#5058 = ORIENTED_EDGE('',*,*,#5059,.T.);
#5059 = EDGE_CURVE('',#5060,#5062,#5064,.T.);
#5060 = VERTEX_POINT('',#5061);
#5061 = CARTESIAN_POINT('',(29.,34.3,-2.4));
#5062 = VERTEX_POINT('',#5063);
#5063 = CARTESIAN_POINT('',(9.,34.3,-2.4));
#5064 = SURFACE_CURVE('',#5065,(#5069,#5075),.PCURVE_S1.);
#5065 = LINE('',#5066,#5067);
#5066 = CARTESIAN_POINT('',(20.,34.3,-2.4));
#5067 = VECTOR('',#5068,1.);
#5068 = DIRECTION('',(-1.,-0.,0.));
#5069 = PCURVE('',#1624,#5070);
#5070 = DEFINITIONAL_REPRESENTATION('',(#5071),#5074);
#5071 = B_SPLINE_CURVE_WITH_KNOTS('',1,(#5072,#5073),.UNSPECIFIED.,.F.,
  .F.,(2,2),(-9.,11.),.PIECEWISE_BEZIER_KNOTS.);
#5072 = CARTESIAN_POINT('',(-2.,-10.15));
#5073 = CARTESIAN_POINT('',(-22.,-10.15));
#5074 = ( GEOMETRIC_REPRESENTATION_CONTEXT(2) 
PARAMETRIC_REPRESENTATION_CONTEXT() REPRESENTATION_CONTEXT('2D SPACE',''
  ) );
#5075 = PCURVE('',#5076,#5081);
#5076 = PLANE('',#5077);
#5077 = AXIS2_PLACEMENT_3D('',#5078,#5079,#5080);
#5078 = CARTESIAN_POINT('',(9.,34.3,-2.41));
#5079 = DIRECTION('',(-0.,1.,0.));
#5080 = DIRECTION('',(0.,0.,1.));
#5081 = DEFINITIONAL_REPRESENTATION('',(#5082),#5085);
#5082 = B_SPLINE_CURVE_WITH_KNOTS('',1,(#5083,#5084),.UNSPECIFIED.,.F.,
  .F.,(2,2),(-9.,11.),.PIECEWISE_BEZIER_KNOTS.);
#5083 = CARTESIAN_POINT('',(1.E-02,20.));
#5084 = CARTESIAN_POINT('',(1.E-02,0.));
#5085 = ( GEOMETRIC_REPRESENTATION_CONTEXT(2) 
PARAMETRIC_REPRESENTATION_CONTEXT() REPRESENTATION_CONTEXT('2D SPACE',''
  ) );
#5086 = ORIENTED_EDGE('',*,*,#5087,.T.);
#5087 = EDGE_CURVE('',#5062,#5088,#5090,.T.);
#5088 = VERTEX_POINT('',#5089);
#5089 = CARTESIAN_POINT('',(9.,36.3,-2.4));
#5090 = SURFACE_CURVE('',#5091,(#5095,#5101),.PCURVE_S1.);
#5091 = LINE('',#5092,#5093);
#5092 = CARTESIAN_POINT('',(9.,39.375,-2.4));
#5093 = VECTOR('',#5094,1.);
#5094 = DIRECTION('',(-0.,1.,0.));
#5095 = PCURVE('',#1624,#5096);
#5096 = DEFINITIONAL_REPRESENTATION('',(#5097),#5100);
#5097 = B_SPLINE_CURVE_WITH_KNOTS('',1,(#5098,#5099),.UNSPECIFIED.,.F.,
  .F.,(2,2),(-5.075,-3.075),.PIECEWISE_BEZIER_KNOTS.);
#5098 = CARTESIAN_POINT('',(-22.,-10.15));
#5099 = CARTESIAN_POINT('',(-22.,-8.15));
#5100 = ( GEOMETRIC_REPRESENTATION_CONTEXT(2) 
PARAMETRIC_REPRESENTATION_CONTEXT() REPRESENTATION_CONTEXT('2D SPACE',''
  ) );
#5101 = PCURVE('',#5102,#5107);
#5102 = PLANE('',#5103);
#5103 = AXIS2_PLACEMENT_3D('',#5104,#5105,#5106);
#5104 = CARTESIAN_POINT('',(9.,34.3,-2.41));
#5105 = DIRECTION('',(1.,0.,-0.));
#5106 = DIRECTION('',(0.,0.,1.));
#5107 = DEFINITIONAL_REPRESENTATION('',(#5108),#5111);
#5108 = B_SPLINE_CURVE_WITH_KNOTS('',1,(#5109,#5110),.UNSPECIFIED.,.F.,
  .F.,(2,2),(-5.075,-3.075),.PIECEWISE_BEZIER_KNOTS.);
#5109 = CARTESIAN_POINT('',(1.E-02,0.));
#5110 = CARTESIAN_POINT('',(1.E-02,-2.));
#5111 = ( GEOMETRIC_REPRESENTATION_CONTEXT(2) 
PARAMETRIC_REPRESENTATION_CONTEXT() REPRESENTATION_CONTEXT('2D SPACE',''
  ) );
#5112 = ORIENTED_EDGE('',*,*,#5113,.F.);
#5113 = EDGE_CURVE('',#5114,#5088,#5116,.T.);
#5114 = VERTEX_POINT('',#5115);
#5115 = CARTESIAN_POINT('',(29.,36.3,-2.4));
#5116 = SURFACE_CURVE('',#5117,(#5121,#5127),.PCURVE_S1.);
#5117 = LINE('',#5118,#5119);
#5118 = CARTESIAN_POINT('',(20.,36.3,-2.4));
#5119 = VECTOR('',#5120,1.);
#5120 = DIRECTION('',(-1.,-0.,0.));
#5121 = PCURVE('',#1624,#5122);
#5122 = DEFINITIONAL_REPRESENTATION('',(#5123),#5126);
#5123 = B_SPLINE_CURVE_WITH_KNOTS('',1,(#5124,#5125),.UNSPECIFIED.,.F.,
  .F.,(2,2),(-9.,11.),.PIECEWISE_BEZIER_KNOTS.);
#5124 = CARTESIAN_POINT('',(-2.,-8.15));
#5125 = CARTESIAN_POINT('',(-22.,-8.15));
#5126 = ( GEOMETRIC_REPRESENTATION_CONTEXT(2) 
PARAMETRIC_REPRESENTATION_CONTEXT() REPRESENTATION_CONTEXT('2D SPACE',''
  ) );
#5127 = PCURVE('',#5128,#5133);
#5128 = PLANE('',#5129);
#5129 = AXIS2_PLACEMENT_3D('',#5130,#5131,#5132);
#5130 = CARTESIAN_POINT('',(9.,36.3,-2.41));
#5131 = DIRECTION('',(-0.,1.,0.));
#5132 = DIRECTION('',(0.,0.,1.));
#5133 = DEFINITIONAL_REPRESENTATION('',(#5134),#5137);
#5134 = B_SPLINE_CURVE_WITH_KNOTS('',1,(#5135,#5136),.UNSPECIFIED.,.F.,
  .F.,(2,2),(-9.,11.),.PIECEWISE_BEZIER_KNOTS.);
#5135 = CARTESIAN_POINT('',(1.E-02,20.));
#5136 = CARTESIAN_POINT('',(1.E-02,0.));
#5137 = ( GEOMETRIC_REPRESENTATION_CONTEXT(2) 
PARAMETRIC_REPRESENTATION_CONTEXT() REPRESENTATION_CONTEXT('2D SPACE',''
  ) );
#5138 = ORIENTED_EDGE('',*,*,#5139,.F.);
#5139 = EDGE_CURVE('',#5060,#5114,#5140,.T.);
#5140 = SURFACE_CURVE('',#5141,(#5145,#5151),.PCURVE_S1.);
#5141 = LINE('',#5142,#5143);
#5142 = CARTESIAN_POINT('',(29.,39.375,-2.4));
#5143 = VECTOR('',#5144,1.);
#5144 = DIRECTION('',(-0.,1.,0.));
#5145 = PCURVE('',#1624,#5146);
#5146 = DEFINITIONAL_REPRESENTATION('',(#5147),#5150);
#5147 = B_SPLINE_CURVE_WITH_KNOTS('',1,(#5148,#5149),.UNSPECIFIED.,.F.,
  .F.,(2,2),(-5.075,-3.075),.PIECEWISE_BEZIER_KNOTS.);
#5148 = CARTESIAN_POINT('',(-2.,-10.15));
#5149 = CARTESIAN_POINT('',(-2.,-8.15));
#5150 = ( GEOMETRIC_REPRESENTATION_CONTEXT(2) 
PARAMETRIC_REPRESENTATION_CONTEXT() REPRESENTATION_CONTEXT('2D SPACE',''
  ) );
#5151 = PCURVE('',#5152,#5157);
#5152 = PLANE('',#5153);
#5153 = AXIS2_PLACEMENT_3D('',#5154,#5155,#5156);
#5154 = CARTESIAN_POINT('',(29.,34.3,-2.41));
#5155 = DIRECTION('',(1.,0.,-0.));
#5156 = DIRECTION('',(0.,0.,1.));
#5157 = DEFINITIONAL_REPRESENTATION('',(#5158),#5161);
#5158 = B_SPLINE_CURVE_WITH_KNOTS('',1,(#5159,#5160),.UNSPECIFIED.,.F.,
  .F.,(2,2),(-5.075,-3.075),.PIECEWISE_BEZIER_KNOTS.);
#5159 = CARTESIAN_POINT('',(1.E-02,0.));
#5160 = CARTESIAN_POINT('',(1.E-02,-2.));
#5161 = ( GEOMETRIC_REPRESENTATION_CONTEXT(2) 
PARAMETRIC_REPRESENTATION_CONTEXT() REPRESENTATION_CONTEXT('2D SPACE',''
  ) );
#5162 = FACE_BOUND('',#5163,.F.);
#5163 = EDGE_LOOP('',(#5164,#5192,#5218,#5244));
#5164 = ORIENTED_EDGE('',*,*,#5165,.T.);
#5165 = EDGE_CURVE('',#5166,#5168,#5170,.T.);
#5166 = VERTEX_POINT('',#5167);
#5167 = CARTESIAN_POINT('',(29.,38.3,-2.4));
#5168 = VERTEX_POINT('',#5169);
#5169 = CARTESIAN_POINT('',(9.,38.3,-2.4));
#5170 = SURFACE_CURVE('',#5171,(#5175,#5181),.PCURVE_S1.);
#5171 = LINE('',#5172,#5173);
#5172 = CARTESIAN_POINT('',(20.,38.3,-2.4));
#5173 = VECTOR('',#5174,1.);
#5174 = DIRECTION('',(-1.,-0.,0.));
#5175 = PCURVE('',#1624,#5176);
#5176 = DEFINITIONAL_REPRESENTATION('',(#5177),#5180);
#5177 = B_SPLINE_CURVE_WITH_KNOTS('',1,(#5178,#5179),.UNSPECIFIED.,.F.,
  .F.,(2,2),(-9.,11.),.PIECEWISE_BEZIER_KNOTS.);
#5178 = CARTESIAN_POINT('',(-2.,-6.15));
#5179 = CARTESIAN_POINT('',(-22.,-6.15));
#5180 = ( GEOMETRIC_REPRESENTATION_CONTEXT(2) 
PARAMETRIC_REPRESENTATION_CONTEXT() REPRESENTATION_CONTEXT('2D SPACE',''
  ) );
#5181 = PCURVE('',#5182,#5187);
#5182 = PLANE('',#5183);
#5183 = AXIS2_PLACEMENT_3D('',#5184,#5185,#5186);
#5184 = CARTESIAN_POINT('',(9.,38.3,-2.41));
#5185 = DIRECTION('',(-0.,1.,0.));
#5186 = DIRECTION('',(0.,0.,1.));
#5187 = DEFINITIONAL_REPRESENTATION('',(#5188),#5191);
#5188 = B_SPLINE_CURVE_WITH_KNOTS('',1,(#5189,#5190),.UNSPECIFIED.,.F.,
  .F.,(2,2),(-9.,11.),.PIECEWISE_BEZIER_KNOTS.);
#5189 = CARTESIAN_POINT('',(1.E-02,20.));
#5190 = CARTESIAN_POINT('',(1.E-02,0.));
#5191 = ( GEOMETRIC_REPRESENTATION_CONTEXT(2) 
PARAMETRIC_REPRESENTATION_CONTEXT() REPRESENTATION_CONTEXT('2D SPACE',''
  ) );
#5192 = ORIENTED_EDGE('',*,*,#5193,.T.);
#5193 = EDGE_CURVE('',#5168,#5194,#5196,.T.);
#5194 = VERTEX_POINT('',#5195);
#5195 = CARTESIAN_POINT('',(9.,40.3,-2.4));
#5196 = SURFACE_CURVE('',#5197,(#5201,#5207),.PCURVE_S1.);
#5197 = LINE('',#5198,#5199);
#5198 = CARTESIAN_POINT('',(9.,41.375,-2.4));
#5199 = VECTOR('',#5200,1.);
#5200 = DIRECTION('',(-0.,1.,0.));
#5201 = PCURVE('',#1624,#5202);
#5202 = DEFINITIONAL_REPRESENTATION('',(#5203),#5206);
#5203 = B_SPLINE_CURVE_WITH_KNOTS('',1,(#5204,#5205),.UNSPECIFIED.,.F.,
  .F.,(2,2),(-3.075,-1.075),.PIECEWISE_BEZIER_KNOTS.);
#5204 = CARTESIAN_POINT('',(-22.,-6.15));
#5205 = CARTESIAN_POINT('',(-22.,-4.15));
#5206 = ( GEOMETRIC_REPRESENTATION_CONTEXT(2) 
PARAMETRIC_REPRESENTATION_CONTEXT() REPRESENTATION_CONTEXT('2D SPACE',''
  ) );
#5207 = PCURVE('',#5208,#5213);
#5208 = PLANE('',#5209);
#5209 = AXIS2_PLACEMENT_3D('',#5210,#5211,#5212);
#5210 = CARTESIAN_POINT('',(9.,38.3,-2.41));
#5211 = DIRECTION('',(1.,0.,-0.));
#5212 = DIRECTION('',(0.,0.,1.));
#5213 = DEFINITIONAL_REPRESENTATION('',(#5214),#5217);
#5214 = B_SPLINE_CURVE_WITH_KNOTS('',1,(#5215,#5216),.UNSPECIFIED.,.F.,
  .F.,(2,2),(-3.075,-1.075),.PIECEWISE_BEZIER_KNOTS.);
#5215 = CARTESIAN_POINT('',(1.E-02,0.));
#5216 = CARTESIAN_POINT('',(1.E-02,-2.));
#5217 = ( GEOMETRIC_REPRESENTATION_CONTEXT(2) 
PARAMETRIC_REPRESENTATION_CONTEXT() REPRESENTATION_CONTEXT('2D SPACE',''
  ) );
#5218 = ORIENTED_EDGE('',*,*,#5219,.F.);
#5219 = EDGE_CURVE('',#5220,#5194,#5222,.T.);
#5220 = VERTEX_POINT('',#5221);
#5221 = CARTESIAN_POINT('',(29.,40.3,-2.4));
#5222 = SURFACE_CURVE('',#5223,(#5227,#5233),.PCURVE_S1.);
#5223 = LINE('',#5224,#5225);
#5224 = CARTESIAN_POINT('',(20.,40.3,-2.4));
#5225 = VECTOR('',#5226,1.);
#5226 = DIRECTION('',(-1.,-0.,0.));
#5227 = PCURVE('',#1624,#5228);
#5228 = DEFINITIONAL_REPRESENTATION('',(#5229),#5232);
#5229 = B_SPLINE_CURVE_WITH_KNOTS('',1,(#5230,#5231),.UNSPECIFIED.,.F.,
  .F.,(2,2),(-9.,11.),.PIECEWISE_BEZIER_KNOTS.);
#5230 = CARTESIAN_POINT('',(-2.,-4.15));
#5231 = CARTESIAN_POINT('',(-22.,-4.15));
#5232 = ( GEOMETRIC_REPRESENTATION_CONTEXT(2) 
PARAMETRIC_REPRESENTATION_CONTEXT() REPRESENTATION_CONTEXT('2D SPACE',''
  ) );
#5233 = PCURVE('',#5234,#5239);
#5234 = PLANE('',#5235);
#5235 = AXIS2_PLACEMENT_3D('',#5236,#5237,#5238);
#5236 = CARTESIAN_POINT('',(9.,40.3,-2.41));
#5237 = DIRECTION('',(-0.,1.,0.));
#5238 = DIRECTION('',(0.,0.,1.));
#5239 = DEFINITIONAL_REPRESENTATION('',(#5240),#5243);
#5240 = B_SPLINE_CURVE_WITH_KNOTS('',1,(#5241,#5242),.UNSPECIFIED.,.F.,
  .F.,(2,2),(-9.,11.),.PIECEWISE_BEZIER_KNOTS.);
#5241 = CARTESIAN_POINT('',(1.E-02,20.));
#5242 = CARTESIAN_POINT('',(1.E-02,0.));
#5243 = ( GEOMETRIC_REPRESENTATION_CONTEXT(2) 
PARAMETRIC_REPRESENTATION_CONTEXT() REPRESENTATION_CONTEXT('2D SPACE',''
  ) );
#5244 = ORIENTED_EDGE('',*,*,#5245,.F.);
#5245 = EDGE_CURVE('',#5166,#5220,#5246,.T.);
#5246 = SURFACE_CURVE('',#5247,(#5251,#5257),.PCURVE_S1.);
#5247 = LINE('',#5248,#5249);
#5248 = CARTESIAN_POINT('',(29.,41.375,-2.4));
#5249 = VECTOR('',#5250,1.);
#5250 = DIRECTION('',(-0.,1.,0.));
#5251 = PCURVE('',#1624,#5252);
#5252 = DEFINITIONAL_REPRESENTATION('',(#5253),#5256);
#5253 = B_SPLINE_CURVE_WITH_KNOTS('',1,(#5254,#5255),.UNSPECIFIED.,.F.,
  .F.,(2,2),(-3.075,-1.075),.PIECEWISE_BEZIER_KNOTS.);
#5254 = CARTESIAN_POINT('',(-2.,-6.15));
#5255 = CARTESIAN_POINT('',(-2.,-4.15));
#5256 = ( GEOMETRIC_REPRESENTATION_CONTEXT(2) 
PARAMETRIC_REPRESENTATION_CONTEXT() REPRESENTATION_CONTEXT('2D SPACE',''
  ) );
#5257 = PCURVE('',#5258,#5263);
#5258 = PLANE('',#5259);
#5259 = AXIS2_PLACEMENT_3D('',#5260,#5261,#5262);
#5260 = CARTESIAN_POINT('',(29.,38.3,-2.41));
#5261 = DIRECTION('',(1.,0.,-0.));
#5262 = DIRECTION('',(0.,0.,1.));
#5263 = DEFINITIONAL_REPRESENTATION('',(#5264),#5267);
#5264 = B_SPLINE_CURVE_WITH_KNOTS('',1,(#5265,#5266),.UNSPECIFIED.,.F.,
  .F.,(2,2),(-3.075,-1.075),.PIECEWISE_BEZIER_KNOTS.);
#5265 = CARTESIAN_POINT('',(1.E-02,0.));
#5266 = CARTESIAN_POINT('',(1.E-02,-2.));
#5267 = ( GEOMETRIC_REPRESENTATION_CONTEXT(2) 
PARAMETRIC_REPRESENTATION_CONTEXT() REPRESENTATION_CONTEXT('2D SPACE',''
  ) );
#5268 = FACE_BOUND('',#5269,.F.);
#5269 = EDGE_LOOP('',(#5270,#5298,#5324,#5350));
#5270 = ORIENTED_EDGE('',*,*,#5271,.T.);
#5271 = EDGE_CURVE('',#5272,#5274,#5276,.T.);
#5272 = VERTEX_POINT('',#5273);
#5273 = CARTESIAN_POINT('',(29.,42.3,-2.4));
#5274 = VERTEX_POINT('',#5275);
#5275 = CARTESIAN_POINT('',(9.,42.3,-2.4));
#5276 = SURFACE_CURVE('',#5277,(#5281,#5287),.PCURVE_S1.);
#5277 = LINE('',#5278,#5279);
#5278 = CARTESIAN_POINT('',(20.,42.3,-2.4));
#5279 = VECTOR('',#5280,1.);
#5280 = DIRECTION('',(-1.,-0.,0.));
#5281 = PCURVE('',#1624,#5282);
#5282 = DEFINITIONAL_REPRESENTATION('',(#5283),#5286);
#5283 = B_SPLINE_CURVE_WITH_KNOTS('',1,(#5284,#5285),.UNSPECIFIED.,.F.,
  .F.,(2,2),(-9.,11.),.PIECEWISE_BEZIER_KNOTS.);
#5284 = CARTESIAN_POINT('',(-2.,-2.15));
#5285 = CARTESIAN_POINT('',(-22.,-2.15));
#5286 = ( GEOMETRIC_REPRESENTATION_CONTEXT(2) 
PARAMETRIC_REPRESENTATION_CONTEXT() REPRESENTATION_CONTEXT('2D SPACE',''
  ) );
#5287 = PCURVE('',#5288,#5293);
#5288 = PLANE('',#5289);
#5289 = AXIS2_PLACEMENT_3D('',#5290,#5291,#5292);
#5290 = CARTESIAN_POINT('',(9.,42.3,-2.41));
#5291 = DIRECTION('',(-0.,1.,0.));
#5292 = DIRECTION('',(0.,0.,1.));
#5293 = DEFINITIONAL_REPRESENTATION('',(#5294),#5297);
#5294 = B_SPLINE_CURVE_WITH_KNOTS('',1,(#5295,#5296),.UNSPECIFIED.,.F.,
  .F.,(2,2),(-9.,11.),.PIECEWISE_BEZIER_KNOTS.);
#5295 = CARTESIAN_POINT('',(1.E-02,20.));
#5296 = CARTESIAN_POINT('',(1.E-02,0.));
#5297 = ( GEOMETRIC_REPRESENTATION_CONTEXT(2) 
PARAMETRIC_REPRESENTATION_CONTEXT() REPRESENTATION_CONTEXT('2D SPACE',''
  ) );
#5298 = ORIENTED_EDGE('',*,*,#5299,.T.);
#5299 = EDGE_CURVE('',#5274,#5300,#5302,.T.);
#5300 = VERTEX_POINT('',#5301);
#5301 = CARTESIAN_POINT('',(9.,44.3,-2.4));
#5302 = SURFACE_CURVE('',#5303,(#5307,#5313),.PCURVE_S1.);
#5303 = LINE('',#5304,#5305);
#5304 = CARTESIAN_POINT('',(9.,43.375,-2.4));
#5305 = VECTOR('',#5306,1.);
#5306 = DIRECTION('',(-0.,1.,0.));
#5307 = PCURVE('',#1624,#5308);
#5308 = DEFINITIONAL_REPRESENTATION('',(#5309),#5312);
#5309 = B_SPLINE_CURVE_WITH_KNOTS('',1,(#5310,#5311),.UNSPECIFIED.,.F.,
  .F.,(2,2),(-1.075,0.925),.PIECEWISE_BEZIER_KNOTS.);
#5310 = CARTESIAN_POINT('',(-22.,-2.15));
#5311 = CARTESIAN_POINT('',(-22.,-0.15));
#5312 = ( GEOMETRIC_REPRESENTATION_CONTEXT(2) 
PARAMETRIC_REPRESENTATION_CONTEXT() REPRESENTATION_CONTEXT('2D SPACE',''
  ) );
#5313 = PCURVE('',#5314,#5319);
#5314 = PLANE('',#5315);
#5315 = AXIS2_PLACEMENT_3D('',#5316,#5317,#5318);
#5316 = CARTESIAN_POINT('',(9.,42.3,-2.41));
#5317 = DIRECTION('',(1.,0.,-0.));
#5318 = DIRECTION('',(0.,0.,1.));
#5319 = DEFINITIONAL_REPRESENTATION('',(#5320),#5323);
#5320 = B_SPLINE_CURVE_WITH_KNOTS('',1,(#5321,#5322),.UNSPECIFIED.,.F.,
  .F.,(2,2),(-1.075,0.925),.PIECEWISE_BEZIER_KNOTS.);
#5321 = CARTESIAN_POINT('',(1.E-02,0.));
#5322 = CARTESIAN_POINT('',(1.E-02,-2.));
#5323 = ( GEOMETRIC_REPRESENTATION_CONTEXT(2) 
PARAMETRIC_REPRESENTATION_CONTEXT() REPRESENTATION_CONTEXT('2D SPACE',''
  ) );
#5324 = ORIENTED_EDGE('',*,*,#5325,.F.);
#5325 = EDGE_CURVE('',#5326,#5300,#5328,.T.);
#5326 = VERTEX_POINT('',#5327);
#5327 = CARTESIAN_POINT('',(29.,44.3,-2.4));
#5328 = SURFACE_CURVE('',#5329,(#5333,#5339),.PCURVE_S1.);
#5329 = LINE('',#5330,#5331);
#5330 = CARTESIAN_POINT('',(20.,44.3,-2.4));
#5331 = VECTOR('',#5332,1.);
#5332 = DIRECTION('',(-1.,-0.,0.));
#5333 = PCURVE('',#1624,#5334);
#5334 = DEFINITIONAL_REPRESENTATION('',(#5335),#5338);
#5335 = B_SPLINE_CURVE_WITH_KNOTS('',1,(#5336,#5337),.UNSPECIFIED.,.F.,
  .F.,(2,2),(-9.,11.),.PIECEWISE_BEZIER_KNOTS.);
#5336 = CARTESIAN_POINT('',(-2.,-0.15));
#5337 = CARTESIAN_POINT('',(-22.,-0.15));
#5338 = ( GEOMETRIC_REPRESENTATION_CONTEXT(2) 
PARAMETRIC_REPRESENTATION_CONTEXT() REPRESENTATION_CONTEXT('2D SPACE',''
  ) );
#5339 = PCURVE('',#5340,#5345);
#5340 = PLANE('',#5341);
#5341 = AXIS2_PLACEMENT_3D('',#5342,#5343,#5344);
#5342 = CARTESIAN_POINT('',(9.,44.3,-2.41));
#5343 = DIRECTION('',(-0.,1.,0.));
#5344 = DIRECTION('',(0.,0.,1.));
#5345 = DEFINITIONAL_REPRESENTATION('',(#5346),#5349);
#5346 = B_SPLINE_CURVE_WITH_KNOTS('',1,(#5347,#5348),.UNSPECIFIED.,.F.,
  .F.,(2,2),(-9.,11.),.PIECEWISE_BEZIER_KNOTS.);
#5347 = CARTESIAN_POINT('',(1.E-02,20.));
#5348 = CARTESIAN_POINT('',(1.E-02,0.));
#5349 = ( GEOMETRIC_REPRESENTATION_CONTEXT(2) 
PARAMETRIC_REPRESENTATION_CONTEXT() REPRESENTATION_CONTEXT('2D SPACE',''
  ) );
#5350 = ORIENTED_EDGE('',*,*,#5351,.F.);
#5351 = EDGE_CURVE('',#5272,#5326,#5352,.T.);
#5352 = SURFACE_CURVE('',#5353,(#5357,#5363),.PCURVE_S1.);
#5353 = LINE('',#5354,#5355);
#5354 = CARTESIAN_POINT('',(29.,43.375,-2.4));
#5355 = VECTOR('',#5356,1.);
#5356 = DIRECTION('',(-0.,1.,0.));
#5357 = PCURVE('',#1624,#5358);
#5358 = DEFINITIONAL_REPRESENTATION('',(#5359),#5362);
#5359 = B_SPLINE_CURVE_WITH_KNOTS('',1,(#5360,#5361),.UNSPECIFIED.,.F.,
  .F.,(2,2),(-1.075,0.925),.PIECEWISE_BEZIER_KNOTS.);
#5360 = CARTESIAN_POINT('',(-2.,-2.15));
#5361 = CARTESIAN_POINT('',(-2.,-0.15));
#5362 = ( GEOMETRIC_REPRESENTATION_CONTEXT(2) 
PARAMETRIC_REPRESENTATION_CONTEXT() REPRESENTATION_CONTEXT('2D SPACE',''
  ) );
#5363 = PCURVE('',#5364,#5369);
#5364 = PLANE('',#5365);
#5365 = AXIS2_PLACEMENT_3D('',#5366,#5367,#5368);
#5366 = CARTESIAN_POINT('',(29.,42.3,-2.41));
#5367 = DIRECTION('',(1.,0.,-0.));
#5368 = DIRECTION('',(0.,0.,1.));
#5369 = DEFINITIONAL_REPRESENTATION('',(#5370),#5373);
#5370 = B_SPLINE_CURVE_WITH_KNOTS('',1,(#5371,#5372),.UNSPECIFIED.,.F.,
  .F.,(2,2),(-1.075,0.925),.PIECEWISE_BEZIER_KNOTS.);
#5371 = CARTESIAN_POINT('',(1.E-02,0.));
#5372 = CARTESIAN_POINT('',(1.E-02,-2.));
#5373 = ( GEOMETRIC_REPRESENTATION_CONTEXT(2) 
PARAMETRIC_REPRESENTATION_CONTEXT() REPRESENTATION_CONTEXT('2D SPACE',''
  ) );
#5374 = FACE_BOUND('',#5375,.F.);
#5375 = EDGE_LOOP('',(#5376,#5404,#5430,#5456));
#5376 = ORIENTED_EDGE('',*,*,#5377,.T.);
#5377 = EDGE_CURVE('',#5378,#5380,#5382,.T.);
#5378 = VERTEX_POINT('',#5379);
#5379 = CARTESIAN_POINT('',(61.7,0.3,-2.4));
#5380 = VERTEX_POINT('',#5381);
#5381 = CARTESIAN_POINT('',(33.7,0.3,-2.4));
#5382 = SURFACE_CURVE('',#5383,(#5387,#5393),.PCURVE_S1.);
#5383 = LINE('',#5384,#5385);
#5384 = CARTESIAN_POINT('',(32.35,0.3,-2.4));
#5385 = VECTOR('',#5386,1.);
#5386 = DIRECTION('',(-1.,-0.,0.));
#5387 = PCURVE('',#1624,#5388);
#5388 = DEFINITIONAL_REPRESENTATION('',(#5389),#5392);
#5389 = B_SPLINE_CURVE_WITH_KNOTS('',1,(#5390,#5391),.UNSPECIFIED.,.F.,
  .F.,(2,2),(-29.35,-1.35),.PIECEWISE_BEZIER_KNOTS.);
#5390 = CARTESIAN_POINT('',(30.7,-44.15));
#5391 = CARTESIAN_POINT('',(2.7,-44.15));
#5392 = ( GEOMETRIC_REPRESENTATION_CONTEXT(2) 
PARAMETRIC_REPRESENTATION_CONTEXT() REPRESENTATION_CONTEXT('2D SPACE',''
  ) );
#5393 = PCURVE('',#5394,#5399);
#5394 = PLANE('',#5395);
#5395 = AXIS2_PLACEMENT_3D('',#5396,#5397,#5398);
#5396 = CARTESIAN_POINT('',(33.7,0.3,-2.41));
#5397 = DIRECTION('',(-0.,1.,0.));
#5398 = DIRECTION('',(0.,0.,1.));
#5399 = DEFINITIONAL_REPRESENTATION('',(#5400),#5403);
#5400 = B_SPLINE_CURVE_WITH_KNOTS('',1,(#5401,#5402),.UNSPECIFIED.,.F.,
  .F.,(2,2),(-29.35,-1.35),.PIECEWISE_BEZIER_KNOTS.);
#5401 = CARTESIAN_POINT('',(1.E-02,28.));
#5402 = CARTESIAN_POINT('',(1.E-02,0.));
#5403 = ( GEOMETRIC_REPRESENTATION_CONTEXT(2) 
PARAMETRIC_REPRESENTATION_CONTEXT() REPRESENTATION_CONTEXT('2D SPACE',''
  ) );
#5404 = ORIENTED_EDGE('',*,*,#5405,.T.);
#5405 = EDGE_CURVE('',#5380,#5406,#5408,.T.);
#5406 = VERTEX_POINT('',#5407);
#5407 = CARTESIAN_POINT('',(33.7,28.3,-2.4));
#5408 = SURFACE_CURVE('',#5409,(#5413,#5419),.PCURVE_S1.);
#5409 = LINE('',#5410,#5411);
#5410 = CARTESIAN_POINT('',(33.7,22.375,-2.4));
#5411 = VECTOR('',#5412,1.);
#5412 = DIRECTION('',(-0.,1.,0.));
#5413 = PCURVE('',#1624,#5414);
#5414 = DEFINITIONAL_REPRESENTATION('',(#5415),#5418);
#5415 = B_SPLINE_CURVE_WITH_KNOTS('',1,(#5416,#5417),.UNSPECIFIED.,.F.,
  .F.,(2,2),(-22.075,5.925),.PIECEWISE_BEZIER_KNOTS.);
#5416 = CARTESIAN_POINT('',(2.7,-44.15));
#5417 = CARTESIAN_POINT('',(2.7,-16.15));
#5418 = ( GEOMETRIC_REPRESENTATION_CONTEXT(2) 
PARAMETRIC_REPRESENTATION_CONTEXT() REPRESENTATION_CONTEXT('2D SPACE',''
  ) );
#5419 = PCURVE('',#5420,#5425);
#5420 = PLANE('',#5421);
#5421 = AXIS2_PLACEMENT_3D('',#5422,#5423,#5424);
#5422 = CARTESIAN_POINT('',(33.7,0.3,-2.41));
#5423 = DIRECTION('',(1.,0.,-0.));
#5424 = DIRECTION('',(0.,0.,1.));
#5425 = DEFINITIONAL_REPRESENTATION('',(#5426),#5429);
#5426 = B_SPLINE_CURVE_WITH_KNOTS('',1,(#5427,#5428),.UNSPECIFIED.,.F.,
  .F.,(2,2),(-22.075,5.925),.PIECEWISE_BEZIER_KNOTS.);
#5427 = CARTESIAN_POINT('',(1.E-02,0.));
#5428 = CARTESIAN_POINT('',(1.E-02,-28.));
#5429 = ( GEOMETRIC_REPRESENTATION_CONTEXT(2) 
PARAMETRIC_REPRESENTATION_CONTEXT() REPRESENTATION_CONTEXT('2D SPACE',''
  ) );
#5430 = ORIENTED_EDGE('',*,*,#5431,.F.);
#5431 = EDGE_CURVE('',#5432,#5406,#5434,.T.);
#5432 = VERTEX_POINT('',#5433);
#5433 = CARTESIAN_POINT('',(61.7,28.3,-2.4));
#5434 = SURFACE_CURVE('',#5435,(#5439,#5445),.PCURVE_S1.);
#5435 = LINE('',#5436,#5437);
#5436 = CARTESIAN_POINT('',(32.35,28.3,-2.4));
#5437 = VECTOR('',#5438,1.);
#5438 = DIRECTION('',(-1.,-0.,0.));
#5439 = PCURVE('',#1624,#5440);
#5440 = DEFINITIONAL_REPRESENTATION('',(#5441),#5444);
#5441 = B_SPLINE_CURVE_WITH_KNOTS('',1,(#5442,#5443),.UNSPECIFIED.,.F.,
  .F.,(2,2),(-29.35,-1.35),.PIECEWISE_BEZIER_KNOTS.);
#5442 = CARTESIAN_POINT('',(30.7,-16.15));
#5443 = CARTESIAN_POINT('',(2.7,-16.15));
#5444 = ( GEOMETRIC_REPRESENTATION_CONTEXT(2) 
PARAMETRIC_REPRESENTATION_CONTEXT() REPRESENTATION_CONTEXT('2D SPACE',''
  ) );
#5445 = PCURVE('',#5446,#5451);
#5446 = PLANE('',#5447);
#5447 = AXIS2_PLACEMENT_3D('',#5448,#5449,#5450);
#5448 = CARTESIAN_POINT('',(33.7,28.3,-2.41));
#5449 = DIRECTION('',(-0.,1.,0.));
#5450 = DIRECTION('',(0.,0.,1.));
#5451 = DEFINITIONAL_REPRESENTATION('',(#5452),#5455);
#5452 = B_SPLINE_CURVE_WITH_KNOTS('',1,(#5453,#5454),.UNSPECIFIED.,.F.,
  .F.,(2,2),(-29.35,-1.35),.PIECEWISE_BEZIER_KNOTS.);
#5453 = CARTESIAN_POINT('',(1.E-02,28.));
#5454 = CARTESIAN_POINT('',(1.E-02,0.));
#5455 = ( GEOMETRIC_REPRESENTATION_CONTEXT(2) 
PARAMETRIC_REPRESENTATION_CONTEXT() REPRESENTATION_CONTEXT('2D SPACE',''
  ) );
#5456 = ORIENTED_EDGE('',*,*,#5457,.F.);
#5457 = EDGE_CURVE('',#5378,#5432,#5458,.T.);
#5458 = SURFACE_CURVE('',#5459,(#5463,#5469),.PCURVE_S1.);
#5459 = LINE('',#5460,#5461);
#5460 = CARTESIAN_POINT('',(61.7,22.375,-2.4));
#5461 = VECTOR('',#5462,1.);
#5462 = DIRECTION('',(-0.,1.,0.));
#5463 = PCURVE('',#1624,#5464);
#5464 = DEFINITIONAL_REPRESENTATION('',(#5465),#5468);
#5465 = B_SPLINE_CURVE_WITH_KNOTS('',1,(#5466,#5467),.UNSPECIFIED.,.F.,
  .F.,(2,2),(-22.075,5.925),.PIECEWISE_BEZIER_KNOTS.);
#5466 = CARTESIAN_POINT('',(30.7,-44.15));
#5467 = CARTESIAN_POINT('',(30.7,-16.15));
#5468 = ( GEOMETRIC_REPRESENTATION_CONTEXT(2) 
PARAMETRIC_REPRESENTATION_CONTEXT() REPRESENTATION_CONTEXT('2D SPACE',''
  ) );
#5469 = PCURVE('',#5470,#5475);
#5470 = PLANE('',#5471);
#5471 = AXIS2_PLACEMENT_3D('',#5472,#5473,#5474);
#5472 = CARTESIAN_POINT('',(61.7,0.3,-2.41));
#5473 = DIRECTION('',(1.,0.,-0.));
#5474 = DIRECTION('',(0.,0.,1.));
#5475 = DEFINITIONAL_REPRESENTATION('',(#5476),#5479);
#5476 = B_SPLINE_CURVE_WITH_KNOTS('',1,(#5477,#5478),.UNSPECIFIED.,.F.,
  .F.,(2,2),(-22.075,5.925),.PIECEWISE_BEZIER_KNOTS.);
#5477 = CARTESIAN_POINT('',(1.E-02,0.));
#5478 = CARTESIAN_POINT('',(1.E-02,-28.));
#5479 = ( GEOMETRIC_REPRESENTATION_CONTEXT(2) 
PARAMETRIC_REPRESENTATION_CONTEXT() REPRESENTATION_CONTEXT('2D SPACE',''
  ) );
#5480 = FACE_BOUND('',#5481,.F.);
#5481 = EDGE_LOOP('',(#5482,#5510,#5536,#5562));
#5482 = ORIENTED_EDGE('',*,*,#5483,.T.);
#5483 = EDGE_CURVE('',#5484,#5486,#5488,.T.);
#5484 = VERTEX_POINT('',#5485);
#5485 = CARTESIAN_POINT('',(53.,30.3,-2.4));
#5486 = VERTEX_POINT('',#5487);
#5487 = CARTESIAN_POINT('',(33.,30.3,-2.4));
#5488 = SURFACE_CURVE('',#5489,(#5493,#5499),.PCURVE_S1.);
#5489 = LINE('',#5490,#5491);
#5490 = CARTESIAN_POINT('',(32.,30.3,-2.4));
#5491 = VECTOR('',#5492,1.);
#5492 = DIRECTION('',(-1.,-0.,0.));
#5493 = PCURVE('',#1624,#5494);
#5494 = DEFINITIONAL_REPRESENTATION('',(#5495),#5498);
#5495 = B_SPLINE_CURVE_WITH_KNOTS('',1,(#5496,#5497),.UNSPECIFIED.,.F.,
  .F.,(2,2),(-21.,-1.),.PIECEWISE_BEZIER_KNOTS.);
#5496 = CARTESIAN_POINT('',(22.,-14.15));
#5497 = CARTESIAN_POINT('',(2.,-14.15));
#5498 = ( GEOMETRIC_REPRESENTATION_CONTEXT(2) 
PARAMETRIC_REPRESENTATION_CONTEXT() REPRESENTATION_CONTEXT('2D SPACE',''
  ) );
#5499 = PCURVE('',#5500,#5505);
#5500 = PLANE('',#5501);
#5501 = AXIS2_PLACEMENT_3D('',#5502,#5503,#5504);
#5502 = CARTESIAN_POINT('',(33.,30.3,-2.41));
#5503 = DIRECTION('',(-0.,1.,0.));
#5504 = DIRECTION('',(0.,0.,1.));
#5505 = DEFINITIONAL_REPRESENTATION('',(#5506),#5509);
#5506 = B_SPLINE_CURVE_WITH_KNOTS('',1,(#5507,#5508),.UNSPECIFIED.,.F.,
  .F.,(2,2),(-21.,-1.),.PIECEWISE_BEZIER_KNOTS.);
#5507 = CARTESIAN_POINT('',(1.E-02,20.));
#5508 = CARTESIAN_POINT('',(1.E-02,0.));
#5509 = ( GEOMETRIC_REPRESENTATION_CONTEXT(2) 
PARAMETRIC_REPRESENTATION_CONTEXT() REPRESENTATION_CONTEXT('2D SPACE',''
  ) );
#5510 = ORIENTED_EDGE('',*,*,#5511,.T.);
#5511 = EDGE_CURVE('',#5486,#5512,#5514,.T.);
#5512 = VERTEX_POINT('',#5513);
#5513 = CARTESIAN_POINT('',(33.,32.3,-2.4));
#5514 = SURFACE_CURVE('',#5515,(#5519,#5525),.PCURVE_S1.);
#5515 = LINE('',#5516,#5517);
#5516 = CARTESIAN_POINT('',(33.,37.375,-2.4));
#5517 = VECTOR('',#5518,1.);
#5518 = DIRECTION('',(-0.,1.,0.));
#5519 = PCURVE('',#1624,#5520);
#5520 = DEFINITIONAL_REPRESENTATION('',(#5521),#5524);
#5521 = B_SPLINE_CURVE_WITH_KNOTS('',1,(#5522,#5523),.UNSPECIFIED.,.F.,
  .F.,(2,2),(-7.075,-5.075),.PIECEWISE_BEZIER_KNOTS.);
#5522 = CARTESIAN_POINT('',(2.,-14.15));
#5523 = CARTESIAN_POINT('',(2.,-12.15));
#5524 = ( GEOMETRIC_REPRESENTATION_CONTEXT(2) 
PARAMETRIC_REPRESENTATION_CONTEXT() REPRESENTATION_CONTEXT('2D SPACE',''
  ) );
#5525 = PCURVE('',#5526,#5531);
#5526 = PLANE('',#5527);
#5527 = AXIS2_PLACEMENT_3D('',#5528,#5529,#5530);
#5528 = CARTESIAN_POINT('',(33.,30.3,-2.41));
#5529 = DIRECTION('',(1.,0.,-0.));
#5530 = DIRECTION('',(0.,0.,1.));
#5531 = DEFINITIONAL_REPRESENTATION('',(#5532),#5535);
#5532 = B_SPLINE_CURVE_WITH_KNOTS('',1,(#5533,#5534),.UNSPECIFIED.,.F.,
  .F.,(2,2),(-7.075,-5.075),.PIECEWISE_BEZIER_KNOTS.);
#5533 = CARTESIAN_POINT('',(1.E-02,0.));
#5534 = CARTESIAN_POINT('',(1.E-02,-2.));
#5535 = ( GEOMETRIC_REPRESENTATION_CONTEXT(2) 
PARAMETRIC_REPRESENTATION_CONTEXT() REPRESENTATION_CONTEXT('2D SPACE',''
  ) );
#5536 = ORIENTED_EDGE('',*,*,#5537,.F.);
#5537 = EDGE_CURVE('',#5538,#5512,#5540,.T.);
#5538 = VERTEX_POINT('',#5539);
#5539 = CARTESIAN_POINT('',(53.,32.3,-2.4));
#5540 = SURFACE_CURVE('',#5541,(#5545,#5551),.PCURVE_S1.);
#5541 = LINE('',#5542,#5543);
#5542 = CARTESIAN_POINT('',(32.,32.3,-2.4));
#5543 = VECTOR('',#5544,1.);
#5544 = DIRECTION('',(-1.,-0.,0.));
#5545 = PCURVE('',#1624,#5546);
#5546 = DEFINITIONAL_REPRESENTATION('',(#5547),#5550);
#5547 = B_SPLINE_CURVE_WITH_KNOTS('',1,(#5548,#5549),.UNSPECIFIED.,.F.,
  .F.,(2,2),(-21.,-1.),.PIECEWISE_BEZIER_KNOTS.);
#5548 = CARTESIAN_POINT('',(22.,-12.15));
#5549 = CARTESIAN_POINT('',(2.,-12.15));
#5550 = ( GEOMETRIC_REPRESENTATION_CONTEXT(2) 
PARAMETRIC_REPRESENTATION_CONTEXT() REPRESENTATION_CONTEXT('2D SPACE',''
  ) );
#5551 = PCURVE('',#5552,#5557);
#5552 = PLANE('',#5553);
#5553 = AXIS2_PLACEMENT_3D('',#5554,#5555,#5556);
#5554 = CARTESIAN_POINT('',(33.,32.3,-2.41));
#5555 = DIRECTION('',(-0.,1.,0.));
#5556 = DIRECTION('',(0.,0.,1.));
#5557 = DEFINITIONAL_REPRESENTATION('',(#5558),#5561);
#5558 = B_SPLINE_CURVE_WITH_KNOTS('',1,(#5559,#5560),.UNSPECIFIED.,.F.,
  .F.,(2,2),(-21.,-1.),.PIECEWISE_BEZIER_KNOTS.);
#5559 = CARTESIAN_POINT('',(1.E-02,20.));
#5560 = CARTESIAN_POINT('',(1.E-02,0.));
#5561 = ( GEOMETRIC_REPRESENTATION_CONTEXT(2) 
PARAMETRIC_REPRESENTATION_CONTEXT() REPRESENTATION_CONTEXT('2D SPACE',''
  ) );
#5562 = ORIENTED_EDGE('',*,*,#5563,.F.);
#5563 = EDGE_CURVE('',#5484,#5538,#5564,.T.);
#5564 = SURFACE_CURVE('',#5565,(#5569,#5575),.PCURVE_S1.);
#5565 = LINE('',#5566,#5567);
#5566 = CARTESIAN_POINT('',(53.,37.375,-2.4));
#5567 = VECTOR('',#5568,1.);
#5568 = DIRECTION('',(-0.,1.,0.));
#5569 = PCURVE('',#1624,#5570);
#5570 = DEFINITIONAL_REPRESENTATION('',(#5571),#5574);
#5571 = B_SPLINE_CURVE_WITH_KNOTS('',1,(#5572,#5573),.UNSPECIFIED.,.F.,
  .F.,(2,2),(-7.075,-5.075),.PIECEWISE_BEZIER_KNOTS.);
#5572 = CARTESIAN_POINT('',(22.,-14.15));
#5573 = CARTESIAN_POINT('',(22.,-12.15));
#5574 = ( GEOMETRIC_REPRESENTATION_CONTEXT(2) 
PARAMETRIC_REPRESENTATION_CONTEXT() REPRESENTATION_CONTEXT('2D SPACE',''
  ) );
#5575 = PCURVE('',#5576,#5581);
#5576 = PLANE('',#5577);
#5577 = AXIS2_PLACEMENT_3D('',#5578,#5579,#5580);
#5578 = CARTESIAN_POINT('',(53.,30.3,-2.41));
#5579 = DIRECTION('',(1.,0.,-0.));
#5580 = DIRECTION('',(0.,0.,1.));
#5581 = DEFINITIONAL_REPRESENTATION('',(#5582),#5585);
#5582 = B_SPLINE_CURVE_WITH_KNOTS('',1,(#5583,#5584),.UNSPECIFIED.,.F.,
  .F.,(2,2),(-7.075,-5.075),.PIECEWISE_BEZIER_KNOTS.);
#5583 = CARTESIAN_POINT('',(1.E-02,0.));
#5584 = CARTESIAN_POINT('',(1.E-02,-2.));
#5585 = ( GEOMETRIC_REPRESENTATION_CONTEXT(2) 
PARAMETRIC_REPRESENTATION_CONTEXT() REPRESENTATION_CONTEXT('2D SPACE',''
  ) );
#5586 = FACE_BOUND('',#5587,.F.);
#5587 = EDGE_LOOP('',(#5588,#5616,#5642,#5668));
#5588 = ORIENTED_EDGE('',*,*,#5589,.T.);
#5589 = EDGE_CURVE('',#5590,#5592,#5594,.T.);
#5590 = VERTEX_POINT('',#5591);
#5591 = CARTESIAN_POINT('',(53.,34.3,-2.4));
#5592 = VERTEX_POINT('',#5593);
#5593 = CARTESIAN_POINT('',(33.,34.3,-2.4));
#5594 = SURFACE_CURVE('',#5595,(#5599,#5605),.PCURVE_S1.);
#5595 = LINE('',#5596,#5597);
#5596 = CARTESIAN_POINT('',(32.,34.3,-2.4));
#5597 = VECTOR('',#5598,1.);
#5598 = DIRECTION('',(-1.,-0.,0.));
#5599 = PCURVE('',#1624,#5600);
#5600 = DEFINITIONAL_REPRESENTATION('',(#5601),#5604);
#5601 = B_SPLINE_CURVE_WITH_KNOTS('',1,(#5602,#5603),.UNSPECIFIED.,.F.,
  .F.,(2,2),(-21.,-1.),.PIECEWISE_BEZIER_KNOTS.);
#5602 = CARTESIAN_POINT('',(22.,-10.15));
#5603 = CARTESIAN_POINT('',(2.,-10.15));
#5604 = ( GEOMETRIC_REPRESENTATION_CONTEXT(2) 
PARAMETRIC_REPRESENTATION_CONTEXT() REPRESENTATION_CONTEXT('2D SPACE',''
  ) );
#5605 = PCURVE('',#5606,#5611);
#5606 = PLANE('',#5607);
#5607 = AXIS2_PLACEMENT_3D('',#5608,#5609,#5610);
#5608 = CARTESIAN_POINT('',(33.,34.3,-2.41));
#5609 = DIRECTION('',(-0.,1.,0.));
#5610 = DIRECTION('',(0.,0.,1.));
#5611 = DEFINITIONAL_REPRESENTATION('',(#5612),#5615);
#5612 = B_SPLINE_CURVE_WITH_KNOTS('',1,(#5613,#5614),.UNSPECIFIED.,.F.,
  .F.,(2,2),(-21.,-1.),.PIECEWISE_BEZIER_KNOTS.);
#5613 = CARTESIAN_POINT('',(1.E-02,20.));
#5614 = CARTESIAN_POINT('',(1.E-02,0.));
#5615 = ( GEOMETRIC_REPRESENTATION_CONTEXT(2) 
PARAMETRIC_REPRESENTATION_CONTEXT() REPRESENTATION_CONTEXT('2D SPACE',''
  ) );
#5616 = ORIENTED_EDGE('',*,*,#5617,.T.);
#5617 = EDGE_CURVE('',#5592,#5618,#5620,.T.);
#5618 = VERTEX_POINT('',#5619);
#5619 = CARTESIAN_POINT('',(33.,36.3,-2.4));
#5620 = SURFACE_CURVE('',#5621,(#5625,#5631),.PCURVE_S1.);
#5621 = LINE('',#5622,#5623);
#5622 = CARTESIAN_POINT('',(33.,39.375,-2.4));
#5623 = VECTOR('',#5624,1.);
#5624 = DIRECTION('',(-0.,1.,0.));
#5625 = PCURVE('',#1624,#5626);
#5626 = DEFINITIONAL_REPRESENTATION('',(#5627),#5630);
#5627 = B_SPLINE_CURVE_WITH_KNOTS('',1,(#5628,#5629),.UNSPECIFIED.,.F.,
  .F.,(2,2),(-5.075,-3.075),.PIECEWISE_BEZIER_KNOTS.);
#5628 = CARTESIAN_POINT('',(2.,-10.15));
#5629 = CARTESIAN_POINT('',(2.,-8.15));
#5630 = ( GEOMETRIC_REPRESENTATION_CONTEXT(2) 
PARAMETRIC_REPRESENTATION_CONTEXT() REPRESENTATION_CONTEXT('2D SPACE',''
  ) );
#5631 = PCURVE('',#5632,#5637);
#5632 = PLANE('',#5633);
#5633 = AXIS2_PLACEMENT_3D('',#5634,#5635,#5636);
#5634 = CARTESIAN_POINT('',(33.,34.3,-2.41));
#5635 = DIRECTION('',(1.,0.,-0.));
#5636 = DIRECTION('',(0.,0.,1.));
#5637 = DEFINITIONAL_REPRESENTATION('',(#5638),#5641);
#5638 = B_SPLINE_CURVE_WITH_KNOTS('',1,(#5639,#5640),.UNSPECIFIED.,.F.,
  .F.,(2,2),(-5.075,-3.075),.PIECEWISE_BEZIER_KNOTS.);
#5639 = CARTESIAN_POINT('',(1.E-02,0.));
#5640 = CARTESIAN_POINT('',(1.E-02,-2.));
#5641 = ( GEOMETRIC_REPRESENTATION_CONTEXT(2) 
PARAMETRIC_REPRESENTATION_CONTEXT() REPRESENTATION_CONTEXT('2D SPACE',''
  ) );
#5642 = ORIENTED_EDGE('',*,*,#5643,.F.);
#5643 = EDGE_CURVE('',#5644,#5618,#5646,.T.);
#5644 = VERTEX_POINT('',#5645);
#5645 = CARTESIAN_POINT('',(53.,36.3,-2.4));
#5646 = SURFACE_CURVE('',#5647,(#5651,#5657),.PCURVE_S1.);
#5647 = LINE('',#5648,#5649);
#5648 = CARTESIAN_POINT('',(32.,36.3,-2.4));
#5649 = VECTOR('',#5650,1.);
#5650 = DIRECTION('',(-1.,-0.,0.));
#5651 = PCURVE('',#1624,#5652);
#5652 = DEFINITIONAL_REPRESENTATION('',(#5653),#5656);
#5653 = B_SPLINE_CURVE_WITH_KNOTS('',1,(#5654,#5655),.UNSPECIFIED.,.F.,
  .F.,(2,2),(-21.,-1.),.PIECEWISE_BEZIER_KNOTS.);
#5654 = CARTESIAN_POINT('',(22.,-8.15));
#5655 = CARTESIAN_POINT('',(2.,-8.15));
#5656 = ( GEOMETRIC_REPRESENTATION_CONTEXT(2) 
PARAMETRIC_REPRESENTATION_CONTEXT() REPRESENTATION_CONTEXT('2D SPACE',''
  ) );
#5657 = PCURVE('',#5658,#5663);
#5658 = PLANE('',#5659);
#5659 = AXIS2_PLACEMENT_3D('',#5660,#5661,#5662);
#5660 = CARTESIAN_POINT('',(33.,36.3,-2.41));
#5661 = DIRECTION('',(-0.,1.,0.));
#5662 = DIRECTION('',(0.,0.,1.));
#5663 = DEFINITIONAL_REPRESENTATION('',(#5664),#5667);
#5664 = B_SPLINE_CURVE_WITH_KNOTS('',1,(#5665,#5666),.UNSPECIFIED.,.F.,
  .F.,(2,2),(-21.,-1.),.PIECEWISE_BEZIER_KNOTS.);
#5665 = CARTESIAN_POINT('',(1.E-02,20.));
#5666 = CARTESIAN_POINT('',(1.E-02,0.));
#5667 = ( GEOMETRIC_REPRESENTATION_CONTEXT(2) 
PARAMETRIC_REPRESENTATION_CONTEXT() REPRESENTATION_CONTEXT('2D SPACE',''
  ) );
#5668 = ORIENTED_EDGE('',*,*,#5669,.F.);
#5669 = EDGE_CURVE('',#5590,#5644,#5670,.T.);
#5670 = SURFACE_CURVE('',#5671,(#5675,#5681),.PCURVE_S1.);
#5671 = LINE('',#5672,#5673);
#5672 = CARTESIAN_POINT('',(53.,39.375,-2.4));
#5673 = VECTOR('',#5674,1.);
#5674 = DIRECTION('',(-0.,1.,0.));
#5675 = PCURVE('',#1624,#5676);
#5676 = DEFINITIONAL_REPRESENTATION('',(#5677),#5680);
#5677 = B_SPLINE_CURVE_WITH_KNOTS('',1,(#5678,#5679),.UNSPECIFIED.,.F.,
  .F.,(2,2),(-5.075,-3.075),.PIECEWISE_BEZIER_KNOTS.);
#5678 = CARTESIAN_POINT('',(22.,-10.15));
#5679 = CARTESIAN_POINT('',(22.,-8.15));
#5680 = ( GEOMETRIC_REPRESENTATION_CONTEXT(2) 
PARAMETRIC_REPRESENTATION_CONTEXT() REPRESENTATION_CONTEXT('2D SPACE',''
  ) );
#5681 = PCURVE('',#5682,#5687);
#5682 = PLANE('',#5683);
#5683 = AXIS2_PLACEMENT_3D('',#5684,#5685,#5686);
#5684 = CARTESIAN_POINT('',(53.,34.3,-2.41));
#5685 = DIRECTION('',(1.,0.,-0.));
#5686 = DIRECTION('',(0.,0.,1.));
#5687 = DEFINITIONAL_REPRESENTATION('',(#5688),#5691);
#5688 = B_SPLINE_CURVE_WITH_KNOTS('',1,(#5689,#5690),.UNSPECIFIED.,.F.,
  .F.,(2,2),(-5.075,-3.075),.PIECEWISE_BEZIER_KNOTS.);
#5689 = CARTESIAN_POINT('',(1.E-02,0.));
#5690 = CARTESIAN_POINT('',(1.E-02,-2.));
#5691 = ( GEOMETRIC_REPRESENTATION_CONTEXT(2) 
PARAMETRIC_REPRESENTATION_CONTEXT() REPRESENTATION_CONTEXT('2D SPACE',''
  ) );
#5692 = FACE_BOUND('',#5693,.F.);
#5693 = EDGE_LOOP('',(#5694,#5722,#5748,#5774));
#5694 = ORIENTED_EDGE('',*,*,#5695,.T.);
#5695 = EDGE_CURVE('',#5696,#5698,#5700,.T.);
#5696 = VERTEX_POINT('',#5697);
#5697 = CARTESIAN_POINT('',(53.,38.3,-2.4));
#5698 = VERTEX_POINT('',#5699);
#5699 = CARTESIAN_POINT('',(33.,38.3,-2.4));
#5700 = SURFACE_CURVE('',#5701,(#5705,#5711),.PCURVE_S1.);
#5701 = LINE('',#5702,#5703);
#5702 = CARTESIAN_POINT('',(32.,38.3,-2.4));
#5703 = VECTOR('',#5704,1.);
#5704 = DIRECTION('',(-1.,-0.,0.));
#5705 = PCURVE('',#1624,#5706);
#5706 = DEFINITIONAL_REPRESENTATION('',(#5707),#5710);
#5707 = B_SPLINE_CURVE_WITH_KNOTS('',1,(#5708,#5709),.UNSPECIFIED.,.F.,
  .F.,(2,2),(-21.,-1.),.PIECEWISE_BEZIER_KNOTS.);
#5708 = CARTESIAN_POINT('',(22.,-6.15));
#5709 = CARTESIAN_POINT('',(2.,-6.15));
#5710 = ( GEOMETRIC_REPRESENTATION_CONTEXT(2) 
PARAMETRIC_REPRESENTATION_CONTEXT() REPRESENTATION_CONTEXT('2D SPACE',''
  ) );
#5711 = PCURVE('',#5712,#5717);
#5712 = PLANE('',#5713);
#5713 = AXIS2_PLACEMENT_3D('',#5714,#5715,#5716);
#5714 = CARTESIAN_POINT('',(33.,38.3,-2.41));
#5715 = DIRECTION('',(-0.,1.,0.));
#5716 = DIRECTION('',(0.,0.,1.));
#5717 = DEFINITIONAL_REPRESENTATION('',(#5718),#5721);
#5718 = B_SPLINE_CURVE_WITH_KNOTS('',1,(#5719,#5720),.UNSPECIFIED.,.F.,
  .F.,(2,2),(-21.,-1.),.PIECEWISE_BEZIER_KNOTS.);
#5719 = CARTESIAN_POINT('',(1.E-02,20.));
#5720 = CARTESIAN_POINT('',(1.E-02,0.));
#5721 = ( GEOMETRIC_REPRESENTATION_CONTEXT(2) 
PARAMETRIC_REPRESENTATION_CONTEXT() REPRESENTATION_CONTEXT('2D SPACE',''
  ) );
#5722 = ORIENTED_EDGE('',*,*,#5723,.T.);
#5723 = EDGE_CURVE('',#5698,#5724,#5726,.T.);
#5724 = VERTEX_POINT('',#5725);
#5725 = CARTESIAN_POINT('',(33.,40.3,-2.4));
#5726 = SURFACE_CURVE('',#5727,(#5731,#5737),.PCURVE_S1.);
#5727 = LINE('',#5728,#5729);
#5728 = CARTESIAN_POINT('',(33.,41.375,-2.4));
#5729 = VECTOR('',#5730,1.);
#5730 = DIRECTION('',(-0.,1.,0.));
#5731 = PCURVE('',#1624,#5732);
#5732 = DEFINITIONAL_REPRESENTATION('',(#5733),#5736);
#5733 = B_SPLINE_CURVE_WITH_KNOTS('',1,(#5734,#5735),.UNSPECIFIED.,.F.,
  .F.,(2,2),(-3.075,-1.075),.PIECEWISE_BEZIER_KNOTS.);
#5734 = CARTESIAN_POINT('',(2.,-6.15));
#5735 = CARTESIAN_POINT('',(2.,-4.15));
#5736 = ( GEOMETRIC_REPRESENTATION_CONTEXT(2) 
PARAMETRIC_REPRESENTATION_CONTEXT() REPRESENTATION_CONTEXT('2D SPACE',''
  ) );
#5737 = PCURVE('',#5738,#5743);
#5738 = PLANE('',#5739);
#5739 = AXIS2_PLACEMENT_3D('',#5740,#5741,#5742);
#5740 = CARTESIAN_POINT('',(33.,38.3,-2.41));
#5741 = DIRECTION('',(1.,0.,-0.));
#5742 = DIRECTION('',(0.,0.,1.));
#5743 = DEFINITIONAL_REPRESENTATION('',(#5744),#5747);
#5744 = B_SPLINE_CURVE_WITH_KNOTS('',1,(#5745,#5746),.UNSPECIFIED.,.F.,
  .F.,(2,2),(-3.075,-1.075),.PIECEWISE_BEZIER_KNOTS.);
#5745 = CARTESIAN_POINT('',(1.E-02,0.));
#5746 = CARTESIAN_POINT('',(1.E-02,-2.));
#5747 = ( GEOMETRIC_REPRESENTATION_CONTEXT(2) 
PARAMETRIC_REPRESENTATION_CONTEXT() REPRESENTATION_CONTEXT('2D SPACE',''
  ) );
#5748 = ORIENTED_EDGE('',*,*,#5749,.F.);
#5749 = EDGE_CURVE('',#5750,#5724,#5752,.T.);
#5750 = VERTEX_POINT('',#5751);
#5751 = CARTESIAN_POINT('',(53.,40.3,-2.4));
#5752 = SURFACE_CURVE('',#5753,(#5757,#5763),.PCURVE_S1.);
#5753 = LINE('',#5754,#5755);
#5754 = CARTESIAN_POINT('',(32.,40.3,-2.4));
#5755 = VECTOR('',#5756,1.);
#5756 = DIRECTION('',(-1.,-0.,0.));
#5757 = PCURVE('',#1624,#5758);
#5758 = DEFINITIONAL_REPRESENTATION('',(#5759),#5762);
#5759 = B_SPLINE_CURVE_WITH_KNOTS('',1,(#5760,#5761),.UNSPECIFIED.,.F.,
  .F.,(2,2),(-21.,-1.),.PIECEWISE_BEZIER_KNOTS.);
#5760 = CARTESIAN_POINT('',(22.,-4.15));
#5761 = CARTESIAN_POINT('',(2.,-4.15));
#5762 = ( GEOMETRIC_REPRESENTATION_CONTEXT(2) 
PARAMETRIC_REPRESENTATION_CONTEXT() REPRESENTATION_CONTEXT('2D SPACE',''
  ) );
#5763 = PCURVE('',#5764,#5769);
#5764 = PLANE('',#5765);
#5765 = AXIS2_PLACEMENT_3D('',#5766,#5767,#5768);
#5766 = CARTESIAN_POINT('',(33.,40.3,-2.41));
#5767 = DIRECTION('',(-0.,1.,0.));
#5768 = DIRECTION('',(0.,0.,1.));
#5769 = DEFINITIONAL_REPRESENTATION('',(#5770),#5773);
#5770 = B_SPLINE_CURVE_WITH_KNOTS('',1,(#5771,#5772),.UNSPECIFIED.,.F.,
  .F.,(2,2),(-21.,-1.),.PIECEWISE_BEZIER_KNOTS.);
#5771 = CARTESIAN_POINT('',(1.E-02,20.));
#5772 = CARTESIAN_POINT('',(1.E-02,0.));
#5773 = ( GEOMETRIC_REPRESENTATION_CONTEXT(2) 
PARAMETRIC_REPRESENTATION_CONTEXT() REPRESENTATION_CONTEXT('2D SPACE',''
  ) );
#5774 = ORIENTED_EDGE('',*,*,#5775,.F.);
#5775 = EDGE_CURVE('',#5696,#5750,#5776,.T.);
#5776 = SURFACE_CURVE('',#5777,(#5781,#5787),.PCURVE_S1.);
#5777 = LINE('',#5778,#5779);
#5778 = CARTESIAN_POINT('',(53.,41.375,-2.4));
#5779 = VECTOR('',#5780,1.);
#5780 = DIRECTION('',(-0.,1.,0.));
#5781 = PCURVE('',#1624,#5782);
#5782 = DEFINITIONAL_REPRESENTATION('',(#5783),#5786);
#5783 = B_SPLINE_CURVE_WITH_KNOTS('',1,(#5784,#5785),.UNSPECIFIED.,.F.,
  .F.,(2,2),(-3.075,-1.075),.PIECEWISE_BEZIER_KNOTS.);
#5784 = CARTESIAN_POINT('',(22.,-6.15));
#5785 = CARTESIAN_POINT('',(22.,-4.15));
#5786 = ( GEOMETRIC_REPRESENTATION_CONTEXT(2) 
PARAMETRIC_REPRESENTATION_CONTEXT() REPRESENTATION_CONTEXT('2D SPACE',''
  ) );
#5787 = PCURVE('',#5788,#5793);
#5788 = PLANE('',#5789);
#5789 = AXIS2_PLACEMENT_3D('',#5790,#5791,#5792);
#5790 = CARTESIAN_POINT('',(53.,38.3,-2.41));
#5791 = DIRECTION('',(1.,0.,-0.));
#5792 = DIRECTION('',(0.,0.,1.));
#5793 = DEFINITIONAL_REPRESENTATION('',(#5794),#5797);
#5794 = B_SPLINE_CURVE_WITH_KNOTS('',1,(#5795,#5796),.UNSPECIFIED.,.F.,
  .F.,(2,2),(-3.075,-1.075),.PIECEWISE_BEZIER_KNOTS.);
#5795 = CARTESIAN_POINT('',(1.E-02,0.));
#5796 = CARTESIAN_POINT('',(1.E-02,-2.));
#5797 = ( GEOMETRIC_REPRESENTATION_CONTEXT(2) 
PARAMETRIC_REPRESENTATION_CONTEXT() REPRESENTATION_CONTEXT('2D SPACE',''
  ) );
#5798 = FACE_BOUND('',#5799,.F.);
#5799 = EDGE_LOOP('',(#5800,#5828,#5854,#5880));
#5800 = ORIENTED_EDGE('',*,*,#5801,.T.);
#5801 = EDGE_CURVE('',#5802,#5804,#5806,.T.);
#5802 = VERTEX_POINT('',#5803);
#5803 = CARTESIAN_POINT('',(53.,42.3,-2.4));
#5804 = VERTEX_POINT('',#5805);
#5805 = CARTESIAN_POINT('',(33.,42.3,-2.4));
#5806 = SURFACE_CURVE('',#5807,(#5811,#5817),.PCURVE_S1.);
#5807 = LINE('',#5808,#5809);
#5808 = CARTESIAN_POINT('',(32.,42.3,-2.4));
#5809 = VECTOR('',#5810,1.);
#5810 = DIRECTION('',(-1.,-0.,0.));
#5811 = PCURVE('',#1624,#5812);
#5812 = DEFINITIONAL_REPRESENTATION('',(#5813),#5816);
#5813 = B_SPLINE_CURVE_WITH_KNOTS('',1,(#5814,#5815),.UNSPECIFIED.,.F.,
  .F.,(2,2),(-21.,-1.),.PIECEWISE_BEZIER_KNOTS.);
#5814 = CARTESIAN_POINT('',(22.,-2.15));
#5815 = CARTESIAN_POINT('',(2.,-2.15));
#5816 = ( GEOMETRIC_REPRESENTATION_CONTEXT(2) 
PARAMETRIC_REPRESENTATION_CONTEXT() REPRESENTATION_CONTEXT('2D SPACE',''
  ) );
#5817 = PCURVE('',#5818,#5823);
#5818 = PLANE('',#5819);
#5819 = AXIS2_PLACEMENT_3D('',#5820,#5821,#5822);
#5820 = CARTESIAN_POINT('',(33.,42.3,-2.41));
#5821 = DIRECTION('',(-0.,1.,0.));
#5822 = DIRECTION('',(0.,0.,1.));
#5823 = DEFINITIONAL_REPRESENTATION('',(#5824),#5827);
#5824 = B_SPLINE_CURVE_WITH_KNOTS('',1,(#5825,#5826),.UNSPECIFIED.,.F.,
  .F.,(2,2),(-21.,-1.),.PIECEWISE_BEZIER_KNOTS.);
#5825 = CARTESIAN_POINT('',(1.E-02,20.));
#5826 = CARTESIAN_POINT('',(1.E-02,0.));
#5827 = ( GEOMETRIC_REPRESENTATION_CONTEXT(2) 
PARAMETRIC_REPRESENTATION_CONTEXT() REPRESENTATION_CONTEXT('2D SPACE',''
  ) );
#5828 = ORIENTED_EDGE('',*,*,#5829,.T.);
#5829 = EDGE_CURVE('',#5804,#5830,#5832,.T.);
#5830 = VERTEX_POINT('',#5831);
#5831 = CARTESIAN_POINT('',(33.,44.3,-2.4));
#5832 = SURFACE_CURVE('',#5833,(#5837,#5843),.PCURVE_S1.);
#5833 = LINE('',#5834,#5835);
#5834 = CARTESIAN_POINT('',(33.,43.375,-2.4));
#5835 = VECTOR('',#5836,1.);
#5836 = DIRECTION('',(-0.,1.,0.));
#5837 = PCURVE('',#1624,#5838);
#5838 = DEFINITIONAL_REPRESENTATION('',(#5839),#5842);
#5839 = B_SPLINE_CURVE_WITH_KNOTS('',1,(#5840,#5841),.UNSPECIFIED.,.F.,
  .F.,(2,2),(-1.075,0.925),.PIECEWISE_BEZIER_KNOTS.);
#5840 = CARTESIAN_POINT('',(2.,-2.15));
#5841 = CARTESIAN_POINT('',(2.,-0.15));
#5842 = ( GEOMETRIC_REPRESENTATION_CONTEXT(2) 
PARAMETRIC_REPRESENTATION_CONTEXT() REPRESENTATION_CONTEXT('2D SPACE',''
  ) );
#5843 = PCURVE('',#5844,#5849);
#5844 = PLANE('',#5845);
#5845 = AXIS2_PLACEMENT_3D('',#5846,#5847,#5848);
#5846 = CARTESIAN_POINT('',(33.,42.3,-2.41));
#5847 = DIRECTION('',(1.,0.,-0.));
#5848 = DIRECTION('',(0.,0.,1.));
#5849 = DEFINITIONAL_REPRESENTATION('',(#5850),#5853);
#5850 = B_SPLINE_CURVE_WITH_KNOTS('',1,(#5851,#5852),.UNSPECIFIED.,.F.,
  .F.,(2,2),(-1.075,0.925),.PIECEWISE_BEZIER_KNOTS.);
#5851 = CARTESIAN_POINT('',(1.E-02,0.));
#5852 = CARTESIAN_POINT('',(1.E-02,-2.));
#5853 = ( GEOMETRIC_REPRESENTATION_CONTEXT(2) 
PARAMETRIC_REPRESENTATION_CONTEXT() REPRESENTATION_CONTEXT('2D SPACE',''
  ) );
#5854 = ORIENTED_EDGE('',*,*,#5855,.F.);
#5855 = EDGE_CURVE('',#5856,#5830,#5858,.T.);
#5856 = VERTEX_POINT('',#5857);
#5857 = CARTESIAN_POINT('',(53.,44.3,-2.4));
#5858 = SURFACE_CURVE('',#5859,(#5863,#5869),.PCURVE_S1.);
#5859 = LINE('',#5860,#5861);
#5860 = CARTESIAN_POINT('',(32.,44.3,-2.4));
#5861 = VECTOR('',#5862,1.);
#5862 = DIRECTION('',(-1.,-0.,0.));
#5863 = PCURVE('',#1624,#5864);
#5864 = DEFINITIONAL_REPRESENTATION('',(#5865),#5868);
#5865 = B_SPLINE_CURVE_WITH_KNOTS('',1,(#5866,#5867),.UNSPECIFIED.,.F.,
  .F.,(2,2),(-21.,-1.),.PIECEWISE_BEZIER_KNOTS.);
#5866 = CARTESIAN_POINT('',(22.,-0.15));
#5867 = CARTESIAN_POINT('',(2.,-0.15));
#5868 = ( GEOMETRIC_REPRESENTATION_CONTEXT(2) 
PARAMETRIC_REPRESENTATION_CONTEXT() REPRESENTATION_CONTEXT('2D SPACE',''
  ) );
#5869 = PCURVE('',#5870,#5875);
#5870 = PLANE('',#5871);
#5871 = AXIS2_PLACEMENT_3D('',#5872,#5873,#5874);
#5872 = CARTESIAN_POINT('',(33.,44.3,-2.41));
#5873 = DIRECTION('',(-0.,1.,0.));
#5874 = DIRECTION('',(0.,0.,1.));
#5875 = DEFINITIONAL_REPRESENTATION('',(#5876),#5879);
#5876 = B_SPLINE_CURVE_WITH_KNOTS('',1,(#5877,#5878),.UNSPECIFIED.,.F.,
  .F.,(2,2),(-21.,-1.),.PIECEWISE_BEZIER_KNOTS.);
#5877 = CARTESIAN_POINT('',(1.E-02,20.));
#5878 = CARTESIAN_POINT('',(1.E-02,0.));
#5879 = ( GEOMETRIC_REPRESENTATION_CONTEXT(2) 
PARAMETRIC_REPRESENTATION_CONTEXT() REPRESENTATION_CONTEXT('2D SPACE',''
  ) );
#5880 = ORIENTED_EDGE('',*,*,#5881,.F.);
#5881 = EDGE_CURVE('',#5802,#5856,#5882,.T.);
#5882 = SURFACE_CURVE('',#5883,(#5887,#5893),.PCURVE_S1.);
#5883 = LINE('',#5884,#5885);
#5884 = CARTESIAN_POINT('',(53.,43.375,-2.4));
#5885 = VECTOR('',#5886,1.);
#5886 = DIRECTION('',(-0.,1.,0.));
#5887 = PCURVE('',#1624,#5888);
#5888 = DEFINITIONAL_REPRESENTATION('',(#5889),#5892);
#5889 = B_SPLINE_CURVE_WITH_KNOTS('',1,(#5890,#5891),.UNSPECIFIED.,.F.,
  .F.,(2,2),(-1.075,0.925),.PIECEWISE_BEZIER_KNOTS.);
#5890 = CARTESIAN_POINT('',(22.,-2.15));
#5891 = CARTESIAN_POINT('',(22.,-0.15));
#5892 = ( GEOMETRIC_REPRESENTATION_CONTEXT(2) 
PARAMETRIC_REPRESENTATION_CONTEXT() REPRESENTATION_CONTEXT('2D SPACE',''
  ) );
#5893 = PCURVE('',#5894,#5899);
#5894 = PLANE('',#5895);
#5895 = AXIS2_PLACEMENT_3D('',#5896,#5897,#5898);
#5896 = CARTESIAN_POINT('',(53.,42.3,-2.41));
#5897 = DIRECTION('',(1.,0.,-0.));
#5898 = DIRECTION('',(0.,0.,1.));
#5899 = DEFINITIONAL_REPRESENTATION('',(#5900),#5903);
#5900 = B_SPLINE_CURVE_WITH_KNOTS('',1,(#5901,#5902),.UNSPECIFIED.,.F.,
  .F.,(2,2),(-1.075,0.925),.PIECEWISE_BEZIER_KNOTS.);
#5901 = CARTESIAN_POINT('',(1.E-02,0.));
#5902 = CARTESIAN_POINT('',(1.E-02,-2.));
#5903 = ( GEOMETRIC_REPRESENTATION_CONTEXT(2) 
PARAMETRIC_REPRESENTATION_CONTEXT() REPRESENTATION_CONTEXT('2D SPACE',''
  ) );
#5904 = FACE_BOUND('',#5905,.F.);
#5905 = EDGE_LOOP('',(#5906,#5934,#5960,#5986));
#5906 = ORIENTED_EDGE('',*,*,#5907,.T.);
#5907 = EDGE_CURVE('',#5908,#5910,#5912,.T.);
#5908 = VERTEX_POINT('',#5909);
#5909 = CARTESIAN_POINT('',(29.,46.3,-2.4));
#5910 = VERTEX_POINT('',#5911);
#5911 = CARTESIAN_POINT('',(9.,46.3,-2.4));
#5912 = SURFACE_CURVE('',#5913,(#5917,#5923),.PCURVE_S1.);
#5913 = LINE('',#5914,#5915);
#5914 = CARTESIAN_POINT('',(20.,46.3,-2.4));
#5915 = VECTOR('',#5916,1.);
#5916 = DIRECTION('',(-1.,-0.,0.));
#5917 = PCURVE('',#1624,#5918);
#5918 = DEFINITIONAL_REPRESENTATION('',(#5919),#5922);
#5919 = B_SPLINE_CURVE_WITH_KNOTS('',1,(#5920,#5921),.UNSPECIFIED.,.F.,
  .F.,(2,2),(-9.,11.),.PIECEWISE_BEZIER_KNOTS.);
#5920 = CARTESIAN_POINT('',(-2.,1.85));
#5921 = CARTESIAN_POINT('',(-22.,1.85));
#5922 = ( GEOMETRIC_REPRESENTATION_CONTEXT(2) 
PARAMETRIC_REPRESENTATION_CONTEXT() REPRESENTATION_CONTEXT('2D SPACE',''
  ) );
#5923 = PCURVE('',#5924,#5929);
#5924 = PLANE('',#5925);
#5925 = AXIS2_PLACEMENT_3D('',#5926,#5927,#5928);
#5926 = CARTESIAN_POINT('',(9.,46.3,-2.41));
#5927 = DIRECTION('',(-0.,1.,0.));
#5928 = DIRECTION('',(0.,0.,1.));
#5929 = DEFINITIONAL_REPRESENTATION('',(#5930),#5933);
#5930 = B_SPLINE_CURVE_WITH_KNOTS('',1,(#5931,#5932),.UNSPECIFIED.,.F.,
  .F.,(2,2),(-9.,11.),.PIECEWISE_BEZIER_KNOTS.);
#5931 = CARTESIAN_POINT('',(1.E-02,20.));
#5932 = CARTESIAN_POINT('',(1.E-02,0.));
#5933 = ( GEOMETRIC_REPRESENTATION_CONTEXT(2) 
PARAMETRIC_REPRESENTATION_CONTEXT() REPRESENTATION_CONTEXT('2D SPACE',''
  ) );
#5934 = ORIENTED_EDGE('',*,*,#5935,.T.);
#5935 = EDGE_CURVE('',#5910,#5936,#5938,.T.);
#5936 = VERTEX_POINT('',#5937);
#5937 = CARTESIAN_POINT('',(9.,48.3,-2.4));
#5938 = SURFACE_CURVE('',#5939,(#5943,#5949),.PCURVE_S1.);
#5939 = LINE('',#5940,#5941);
#5940 = CARTESIAN_POINT('',(9.,45.375,-2.4));
#5941 = VECTOR('',#5942,1.);
#5942 = DIRECTION('',(-0.,1.,0.));
#5943 = PCURVE('',#1624,#5944);
#5944 = DEFINITIONAL_REPRESENTATION('',(#5945),#5948);
#5945 = B_SPLINE_CURVE_WITH_KNOTS('',1,(#5946,#5947),.UNSPECIFIED.,.F.,
  .F.,(2,2),(0.925,2.925),.PIECEWISE_BEZIER_KNOTS.);
#5946 = CARTESIAN_POINT('',(-22.,1.85));
#5947 = CARTESIAN_POINT('',(-22.,3.85));
#5948 = ( GEOMETRIC_REPRESENTATION_CONTEXT(2) 
PARAMETRIC_REPRESENTATION_CONTEXT() REPRESENTATION_CONTEXT('2D SPACE',''
  ) );
#5949 = PCURVE('',#5950,#5955);
#5950 = PLANE('',#5951);
#5951 = AXIS2_PLACEMENT_3D('',#5952,#5953,#5954);
#5952 = CARTESIAN_POINT('',(9.,46.3,-2.41));
#5953 = DIRECTION('',(1.,0.,-0.));
#5954 = DIRECTION('',(0.,0.,1.));
#5955 = DEFINITIONAL_REPRESENTATION('',(#5956),#5959);
#5956 = B_SPLINE_CURVE_WITH_KNOTS('',1,(#5957,#5958),.UNSPECIFIED.,.F.,
  .F.,(2,2),(0.925,2.925),.PIECEWISE_BEZIER_KNOTS.);
#5957 = CARTESIAN_POINT('',(1.E-02,0.));
#5958 = CARTESIAN_POINT('',(1.E-02,-2.));
#5959 = ( GEOMETRIC_REPRESENTATION_CONTEXT(2) 
PARAMETRIC_REPRESENTATION_CONTEXT() REPRESENTATION_CONTEXT('2D SPACE',''
  ) );
#5960 = ORIENTED_EDGE('',*,*,#5961,.F.);
#5961 = EDGE_CURVE('',#5962,#5936,#5964,.T.);
#5962 = VERTEX_POINT('',#5963);
#5963 = CARTESIAN_POINT('',(29.,48.3,-2.4));
#5964 = SURFACE_CURVE('',#5965,(#5969,#5975),.PCURVE_S1.);
#5965 = LINE('',#5966,#5967);
#5966 = CARTESIAN_POINT('',(20.,48.3,-2.4));
#5967 = VECTOR('',#5968,1.);
#5968 = DIRECTION('',(-1.,-0.,0.));
#5969 = PCURVE('',#1624,#5970);
#5970 = DEFINITIONAL_REPRESENTATION('',(#5971),#5974);
#5971 = B_SPLINE_CURVE_WITH_KNOTS('',1,(#5972,#5973),.UNSPECIFIED.,.F.,
  .F.,(2,2),(-9.,11.),.PIECEWISE_BEZIER_KNOTS.);
#5972 = CARTESIAN_POINT('',(-2.,3.85));
#5973 = CARTESIAN_POINT('',(-22.,3.85));
#5974 = ( GEOMETRIC_REPRESENTATION_CONTEXT(2) 
PARAMETRIC_REPRESENTATION_CONTEXT() REPRESENTATION_CONTEXT('2D SPACE',''
  ) );
#5975 = PCURVE('',#5976,#5981);
#5976 = PLANE('',#5977);
#5977 = AXIS2_PLACEMENT_3D('',#5978,#5979,#5980);
#5978 = CARTESIAN_POINT('',(9.,48.3,-2.41));
#5979 = DIRECTION('',(-0.,1.,0.));
#5980 = DIRECTION('',(0.,0.,1.));
#5981 = DEFINITIONAL_REPRESENTATION('',(#5982),#5985);
#5982 = B_SPLINE_CURVE_WITH_KNOTS('',1,(#5983,#5984),.UNSPECIFIED.,.F.,
  .F.,(2,2),(-9.,11.),.PIECEWISE_BEZIER_KNOTS.);
#5983 = CARTESIAN_POINT('',(1.E-02,20.));
#5984 = CARTESIAN_POINT('',(1.E-02,0.));
#5985 = ( GEOMETRIC_REPRESENTATION_CONTEXT(2) 
PARAMETRIC_REPRESENTATION_CONTEXT() REPRESENTATION_CONTEXT('2D SPACE',''
  ) );
#5986 = ORIENTED_EDGE('',*,*,#5987,.F.);
#5987 = EDGE_CURVE('',#5908,#5962,#5988,.T.);
#5988 = SURFACE_CURVE('',#5989,(#5993,#5999),.PCURVE_S1.);
#5989 = LINE('',#5990,#5991);
#5990 = CARTESIAN_POINT('',(29.,45.375,-2.4));
#5991 = VECTOR('',#5992,1.);
#5992 = DIRECTION('',(-0.,1.,0.));
#5993 = PCURVE('',#1624,#5994);
#5994 = DEFINITIONAL_REPRESENTATION('',(#5995),#5998);
#5995 = B_SPLINE_CURVE_WITH_KNOTS('',1,(#5996,#5997),.UNSPECIFIED.,.F.,
  .F.,(2,2),(0.925,2.925),.PIECEWISE_BEZIER_KNOTS.);
#5996 = CARTESIAN_POINT('',(-2.,1.85));
#5997 = CARTESIAN_POINT('',(-2.,3.85));
#5998 = ( GEOMETRIC_REPRESENTATION_CONTEXT(2) 
PARAMETRIC_REPRESENTATION_CONTEXT() REPRESENTATION_CONTEXT('2D SPACE',''
  ) );
#5999 = PCURVE('',#6000,#6005);
#6000 = PLANE('',#6001);
#6001 = AXIS2_PLACEMENT_3D('',#6002,#6003,#6004);
#6002 = CARTESIAN_POINT('',(29.,46.3,-2.41));
#6003 = DIRECTION('',(1.,0.,-0.));
#6004 = DIRECTION('',(0.,0.,1.));
#6005 = DEFINITIONAL_REPRESENTATION('',(#6006),#6009);
#6006 = B_SPLINE_CURVE_WITH_KNOTS('',1,(#6007,#6008),.UNSPECIFIED.,.F.,
  .F.,(2,2),(0.925,2.925),.PIECEWISE_BEZIER_KNOTS.);
#6007 = CARTESIAN_POINT('',(1.E-02,0.));
#6008 = CARTESIAN_POINT('',(1.E-02,-2.));
#6009 = ( GEOMETRIC_REPRESENTATION_CONTEXT(2) 
PARAMETRIC_REPRESENTATION_CONTEXT() REPRESENTATION_CONTEXT('2D SPACE',''
  ) );
#6010 = FACE_BOUND('',#6011,.F.);
#6011 = EDGE_LOOP('',(#6012,#6040,#6066,#6092));
#6012 = ORIENTED_EDGE('',*,*,#6013,.T.);
#6013 = EDGE_CURVE('',#6014,#6016,#6018,.T.);
#6014 = VERTEX_POINT('',#6015);
#6015 = CARTESIAN_POINT('',(29.,50.3,-2.4));
#6016 = VERTEX_POINT('',#6017);
#6017 = CARTESIAN_POINT('',(9.,50.3,-2.4));
#6018 = SURFACE_CURVE('',#6019,(#6023,#6029),.PCURVE_S1.);
#6019 = LINE('',#6020,#6021);
#6020 = CARTESIAN_POINT('',(20.,50.3,-2.4));
#6021 = VECTOR('',#6022,1.);
#6022 = DIRECTION('',(-1.,-0.,0.));
#6023 = PCURVE('',#1624,#6024);
#6024 = DEFINITIONAL_REPRESENTATION('',(#6025),#6028);
#6025 = B_SPLINE_CURVE_WITH_KNOTS('',1,(#6026,#6027),.UNSPECIFIED.,.F.,
  .F.,(2,2),(-9.,11.),.PIECEWISE_BEZIER_KNOTS.);
#6026 = CARTESIAN_POINT('',(-2.,5.85));
#6027 = CARTESIAN_POINT('',(-22.,5.85));
#6028 = ( GEOMETRIC_REPRESENTATION_CONTEXT(2) 
PARAMETRIC_REPRESENTATION_CONTEXT() REPRESENTATION_CONTEXT('2D SPACE',''
  ) );
#6029 = PCURVE('',#6030,#6035);
#6030 = PLANE('',#6031);
#6031 = AXIS2_PLACEMENT_3D('',#6032,#6033,#6034);
#6032 = CARTESIAN_POINT('',(9.,50.3,-2.41));
#6033 = DIRECTION('',(-0.,1.,0.));
#6034 = DIRECTION('',(0.,0.,1.));
#6035 = DEFINITIONAL_REPRESENTATION('',(#6036),#6039);
#6036 = B_SPLINE_CURVE_WITH_KNOTS('',1,(#6037,#6038),.UNSPECIFIED.,.F.,
  .F.,(2,2),(-9.,11.),.PIECEWISE_BEZIER_KNOTS.);
#6037 = CARTESIAN_POINT('',(1.E-02,20.));
#6038 = CARTESIAN_POINT('',(1.E-02,0.));
#6039 = ( GEOMETRIC_REPRESENTATION_CONTEXT(2) 
PARAMETRIC_REPRESENTATION_CONTEXT() REPRESENTATION_CONTEXT('2D SPACE',''
  ) );
#6040 = ORIENTED_EDGE('',*,*,#6041,.T.);
#6041 = EDGE_CURVE('',#6016,#6042,#6044,.T.);
#6042 = VERTEX_POINT('',#6043);
#6043 = CARTESIAN_POINT('',(9.,52.3,-2.4));
#6044 = SURFACE_CURVE('',#6045,(#6049,#6055),.PCURVE_S1.);
#6045 = LINE('',#6046,#6047);
#6046 = CARTESIAN_POINT('',(9.,47.375,-2.4));
#6047 = VECTOR('',#6048,1.);
#6048 = DIRECTION('',(-0.,1.,0.));
#6049 = PCURVE('',#1624,#6050);
#6050 = DEFINITIONAL_REPRESENTATION('',(#6051),#6054);
#6051 = B_SPLINE_CURVE_WITH_KNOTS('',1,(#6052,#6053),.UNSPECIFIED.,.F.,
  .F.,(2,2),(2.925,4.925),.PIECEWISE_BEZIER_KNOTS.);
#6052 = CARTESIAN_POINT('',(-22.,5.85));
#6053 = CARTESIAN_POINT('',(-22.,7.85));
#6054 = ( GEOMETRIC_REPRESENTATION_CONTEXT(2) 
PARAMETRIC_REPRESENTATION_CONTEXT() REPRESENTATION_CONTEXT('2D SPACE',''
  ) );
#6055 = PCURVE('',#6056,#6061);
#6056 = PLANE('',#6057);
#6057 = AXIS2_PLACEMENT_3D('',#6058,#6059,#6060);
#6058 = CARTESIAN_POINT('',(9.,50.3,-2.41));
#6059 = DIRECTION('',(1.,0.,-0.));
#6060 = DIRECTION('',(0.,0.,1.));
#6061 = DEFINITIONAL_REPRESENTATION('',(#6062),#6065);
#6062 = B_SPLINE_CURVE_WITH_KNOTS('',1,(#6063,#6064),.UNSPECIFIED.,.F.,
  .F.,(2,2),(2.925,4.925),.PIECEWISE_BEZIER_KNOTS.);
#6063 = CARTESIAN_POINT('',(1.E-02,0.));
#6064 = CARTESIAN_POINT('',(1.E-02,-2.));
#6065 = ( GEOMETRIC_REPRESENTATION_CONTEXT(2) 
PARAMETRIC_REPRESENTATION_CONTEXT() REPRESENTATION_CONTEXT('2D SPACE',''
  ) );
#6066 = ORIENTED_EDGE('',*,*,#6067,.F.);
#6067 = EDGE_CURVE('',#6068,#6042,#6070,.T.);
#6068 = VERTEX_POINT('',#6069);
#6069 = CARTESIAN_POINT('',(29.,52.3,-2.4));
#6070 = SURFACE_CURVE('',#6071,(#6075,#6081),.PCURVE_S1.);
#6071 = LINE('',#6072,#6073);
#6072 = CARTESIAN_POINT('',(20.,52.3,-2.4));
#6073 = VECTOR('',#6074,1.);
#6074 = DIRECTION('',(-1.,-0.,0.));
#6075 = PCURVE('',#1624,#6076);
#6076 = DEFINITIONAL_REPRESENTATION('',(#6077),#6080);
#6077 = B_SPLINE_CURVE_WITH_KNOTS('',1,(#6078,#6079),.UNSPECIFIED.,.F.,
  .F.,(2,2),(-9.,11.),.PIECEWISE_BEZIER_KNOTS.);
#6078 = CARTESIAN_POINT('',(-2.,7.85));
#6079 = CARTESIAN_POINT('',(-22.,7.85));
#6080 = ( GEOMETRIC_REPRESENTATION_CONTEXT(2) 
PARAMETRIC_REPRESENTATION_CONTEXT() REPRESENTATION_CONTEXT('2D SPACE',''
  ) );
#6081 = PCURVE('',#6082,#6087);
#6082 = PLANE('',#6083);
#6083 = AXIS2_PLACEMENT_3D('',#6084,#6085,#6086);
#6084 = CARTESIAN_POINT('',(9.,52.3,-2.41));
#6085 = DIRECTION('',(-0.,1.,0.));
#6086 = DIRECTION('',(0.,0.,1.));
#6087 = DEFINITIONAL_REPRESENTATION('',(#6088),#6091);
#6088 = B_SPLINE_CURVE_WITH_KNOTS('',1,(#6089,#6090),.UNSPECIFIED.,.F.,
  .F.,(2,2),(-9.,11.),.PIECEWISE_BEZIER_KNOTS.);
#6089 = CARTESIAN_POINT('',(1.E-02,20.));
#6090 = CARTESIAN_POINT('',(1.E-02,0.));
#6091 = ( GEOMETRIC_REPRESENTATION_CONTEXT(2) 
PARAMETRIC_REPRESENTATION_CONTEXT() REPRESENTATION_CONTEXT('2D SPACE',''
  ) );
#6092 = ORIENTED_EDGE('',*,*,#6093,.F.);
#6093 = EDGE_CURVE('',#6014,#6068,#6094,.T.);
#6094 = SURFACE_CURVE('',#6095,(#6099,#6105),.PCURVE_S1.);
#6095 = LINE('',#6096,#6097);
#6096 = CARTESIAN_POINT('',(29.,47.375,-2.4));
#6097 = VECTOR('',#6098,1.);
#6098 = DIRECTION('',(-0.,1.,0.));
#6099 = PCURVE('',#1624,#6100);
#6100 = DEFINITIONAL_REPRESENTATION('',(#6101),#6104);
#6101 = B_SPLINE_CURVE_WITH_KNOTS('',1,(#6102,#6103),.UNSPECIFIED.,.F.,
  .F.,(2,2),(2.925,4.925),.PIECEWISE_BEZIER_KNOTS.);
#6102 = CARTESIAN_POINT('',(-2.,5.85));
#6103 = CARTESIAN_POINT('',(-2.,7.85));
#6104 = ( GEOMETRIC_REPRESENTATION_CONTEXT(2) 
PARAMETRIC_REPRESENTATION_CONTEXT() REPRESENTATION_CONTEXT('2D SPACE',''
  ) );
#6105 = PCURVE('',#6106,#6111);
#6106 = PLANE('',#6107);
#6107 = AXIS2_PLACEMENT_3D('',#6108,#6109,#6110);
#6108 = CARTESIAN_POINT('',(29.,50.3,-2.41));
#6109 = DIRECTION('',(1.,0.,-0.));
#6110 = DIRECTION('',(0.,0.,1.));
#6111 = DEFINITIONAL_REPRESENTATION('',(#6112),#6115);
#6112 = B_SPLINE_CURVE_WITH_KNOTS('',1,(#6113,#6114),.UNSPECIFIED.,.F.,
  .F.,(2,2),(2.925,4.925),.PIECEWISE_BEZIER_KNOTS.);
#6113 = CARTESIAN_POINT('',(1.E-02,0.));
#6114 = CARTESIAN_POINT('',(1.E-02,-2.));
#6115 = ( GEOMETRIC_REPRESENTATION_CONTEXT(2) 
PARAMETRIC_REPRESENTATION_CONTEXT() REPRESENTATION_CONTEXT('2D SPACE',''
  ) );
#6116 = FACE_BOUND('',#6117,.F.);
#6117 = EDGE_LOOP('',(#6118,#6146,#6172,#6198));
#6118 = ORIENTED_EDGE('',*,*,#6119,.T.);
#6119 = EDGE_CURVE('',#6120,#6122,#6124,.T.);
#6120 = VERTEX_POINT('',#6121);
#6121 = CARTESIAN_POINT('',(29.,54.3,-2.4));
#6122 = VERTEX_POINT('',#6123);
#6123 = CARTESIAN_POINT('',(9.,54.3,-2.4));
#6124 = SURFACE_CURVE('',#6125,(#6129,#6135),.PCURVE_S1.);
#6125 = LINE('',#6126,#6127);
#6126 = CARTESIAN_POINT('',(20.,54.3,-2.4));
#6127 = VECTOR('',#6128,1.);
#6128 = DIRECTION('',(-1.,-0.,0.));
#6129 = PCURVE('',#1624,#6130);
#6130 = DEFINITIONAL_REPRESENTATION('',(#6131),#6134);
#6131 = B_SPLINE_CURVE_WITH_KNOTS('',1,(#6132,#6133),.UNSPECIFIED.,.F.,
  .F.,(2,2),(-9.,11.),.PIECEWISE_BEZIER_KNOTS.);
#6132 = CARTESIAN_POINT('',(-2.,9.85));
#6133 = CARTESIAN_POINT('',(-22.,9.85));
#6134 = ( GEOMETRIC_REPRESENTATION_CONTEXT(2) 
PARAMETRIC_REPRESENTATION_CONTEXT() REPRESENTATION_CONTEXT('2D SPACE',''
  ) );
#6135 = PCURVE('',#6136,#6141);
#6136 = PLANE('',#6137);
#6137 = AXIS2_PLACEMENT_3D('',#6138,#6139,#6140);
#6138 = CARTESIAN_POINT('',(9.,54.3,-2.41));
#6139 = DIRECTION('',(-0.,1.,0.));
#6140 = DIRECTION('',(0.,0.,1.));
#6141 = DEFINITIONAL_REPRESENTATION('',(#6142),#6145);
#6142 = B_SPLINE_CURVE_WITH_KNOTS('',1,(#6143,#6144),.UNSPECIFIED.,.F.,
  .F.,(2,2),(-9.,11.),.PIECEWISE_BEZIER_KNOTS.);
#6143 = CARTESIAN_POINT('',(1.E-02,20.));
#6144 = CARTESIAN_POINT('',(1.E-02,0.));
#6145 = ( GEOMETRIC_REPRESENTATION_CONTEXT(2) 
PARAMETRIC_REPRESENTATION_CONTEXT() REPRESENTATION_CONTEXT('2D SPACE',''
  ) );
#6146 = ORIENTED_EDGE('',*,*,#6147,.T.);
#6147 = EDGE_CURVE('',#6122,#6148,#6150,.T.);
#6148 = VERTEX_POINT('',#6149);
#6149 = CARTESIAN_POINT('',(9.,56.3,-2.4));
#6150 = SURFACE_CURVE('',#6151,(#6155,#6161),.PCURVE_S1.);
#6151 = LINE('',#6152,#6153);
#6152 = CARTESIAN_POINT('',(9.,49.375,-2.4));
#6153 = VECTOR('',#6154,1.);
#6154 = DIRECTION('',(-0.,1.,0.));
#6155 = PCURVE('',#1624,#6156);
#6156 = DEFINITIONAL_REPRESENTATION('',(#6157),#6160);
#6157 = B_SPLINE_CURVE_WITH_KNOTS('',1,(#6158,#6159),.UNSPECIFIED.,.F.,
  .F.,(2,2),(4.925,6.925),.PIECEWISE_BEZIER_KNOTS.);
#6158 = CARTESIAN_POINT('',(-22.,9.85));
#6159 = CARTESIAN_POINT('',(-22.,11.85));
#6160 = ( GEOMETRIC_REPRESENTATION_CONTEXT(2) 
PARAMETRIC_REPRESENTATION_CONTEXT() REPRESENTATION_CONTEXT('2D SPACE',''
  ) );
#6161 = PCURVE('',#6162,#6167);
#6162 = PLANE('',#6163);
#6163 = AXIS2_PLACEMENT_3D('',#6164,#6165,#6166);
#6164 = CARTESIAN_POINT('',(9.,54.3,-2.41));
#6165 = DIRECTION('',(1.,0.,-0.));
#6166 = DIRECTION('',(0.,0.,1.));
#6167 = DEFINITIONAL_REPRESENTATION('',(#6168),#6171);
#6168 = B_SPLINE_CURVE_WITH_KNOTS('',1,(#6169,#6170),.UNSPECIFIED.,.F.,
  .F.,(2,2),(4.925,6.925),.PIECEWISE_BEZIER_KNOTS.);
#6169 = CARTESIAN_POINT('',(1.E-02,0.));
#6170 = CARTESIAN_POINT('',(1.E-02,-2.));
#6171 = ( GEOMETRIC_REPRESENTATION_CONTEXT(2) 
PARAMETRIC_REPRESENTATION_CONTEXT() REPRESENTATION_CONTEXT('2D SPACE',''
  ) );
#6172 = ORIENTED_EDGE('',*,*,#6173,.F.);
#6173 = EDGE_CURVE('',#6174,#6148,#6176,.T.);
#6174 = VERTEX_POINT('',#6175);
#6175 = CARTESIAN_POINT('',(29.,56.3,-2.4));
#6176 = SURFACE_CURVE('',#6177,(#6181,#6187),.PCURVE_S1.);
#6177 = LINE('',#6178,#6179);
#6178 = CARTESIAN_POINT('',(20.,56.3,-2.4));
#6179 = VECTOR('',#6180,1.);
#6180 = DIRECTION('',(-1.,-0.,0.));
#6181 = PCURVE('',#1624,#6182);
#6182 = DEFINITIONAL_REPRESENTATION('',(#6183),#6186);
#6183 = B_SPLINE_CURVE_WITH_KNOTS('',1,(#6184,#6185),.UNSPECIFIED.,.F.,
  .F.,(2,2),(-9.,11.),.PIECEWISE_BEZIER_KNOTS.);
#6184 = CARTESIAN_POINT('',(-2.,11.85));
#6185 = CARTESIAN_POINT('',(-22.,11.85));
#6186 = ( GEOMETRIC_REPRESENTATION_CONTEXT(2) 
PARAMETRIC_REPRESENTATION_CONTEXT() REPRESENTATION_CONTEXT('2D SPACE',''
  ) );
#6187 = PCURVE('',#6188,#6193);
#6188 = PLANE('',#6189);
#6189 = AXIS2_PLACEMENT_3D('',#6190,#6191,#6192);
#6190 = CARTESIAN_POINT('',(9.,56.3,-2.41));
#6191 = DIRECTION('',(-0.,1.,0.));
#6192 = DIRECTION('',(0.,0.,1.));
#6193 = DEFINITIONAL_REPRESENTATION('',(#6194),#6197);
#6194 = B_SPLINE_CURVE_WITH_KNOTS('',1,(#6195,#6196),.UNSPECIFIED.,.F.,
  .F.,(2,2),(-9.,11.),.PIECEWISE_BEZIER_KNOTS.);
#6195 = CARTESIAN_POINT('',(1.E-02,20.));
#6196 = CARTESIAN_POINT('',(1.E-02,0.));
#6197 = ( GEOMETRIC_REPRESENTATION_CONTEXT(2) 
PARAMETRIC_REPRESENTATION_CONTEXT() REPRESENTATION_CONTEXT('2D SPACE',''
  ) );
#6198 = ORIENTED_EDGE('',*,*,#6199,.F.);
#6199 = EDGE_CURVE('',#6120,#6174,#6200,.T.);
#6200 = SURFACE_CURVE('',#6201,(#6205,#6211),.PCURVE_S1.);
#6201 = LINE('',#6202,#6203);
#6202 = CARTESIAN_POINT('',(29.,49.375,-2.4));
#6203 = VECTOR('',#6204,1.);
#6204 = DIRECTION('',(-0.,1.,0.));
#6205 = PCURVE('',#1624,#6206);
#6206 = DEFINITIONAL_REPRESENTATION('',(#6207),#6210);
#6207 = B_SPLINE_CURVE_WITH_KNOTS('',1,(#6208,#6209),.UNSPECIFIED.,.F.,
  .F.,(2,2),(4.925,6.925),.PIECEWISE_BEZIER_KNOTS.);
#6208 = CARTESIAN_POINT('',(-2.,9.85));
#6209 = CARTESIAN_POINT('',(-2.,11.85));
#6210 = ( GEOMETRIC_REPRESENTATION_CONTEXT(2) 
PARAMETRIC_REPRESENTATION_CONTEXT() REPRESENTATION_CONTEXT('2D SPACE',''
  ) );
#6211 = PCURVE('',#6212,#6217);
#6212 = PLANE('',#6213);
#6213 = AXIS2_PLACEMENT_3D('',#6214,#6215,#6216);
#6214 = CARTESIAN_POINT('',(29.,54.3,-2.41));
#6215 = DIRECTION('',(1.,0.,-0.));
#6216 = DIRECTION('',(0.,0.,1.));
#6217 = DEFINITIONAL_REPRESENTATION('',(#6218),#6221);
#6218 = B_SPLINE_CURVE_WITH_KNOTS('',1,(#6219,#6220),.UNSPECIFIED.,.F.,
  .F.,(2,2),(4.925,6.925),.PIECEWISE_BEZIER_KNOTS.);
#6219 = CARTESIAN_POINT('',(1.E-02,0.));
#6220 = CARTESIAN_POINT('',(1.E-02,-2.));
#6221 = ( GEOMETRIC_REPRESENTATION_CONTEXT(2) 
PARAMETRIC_REPRESENTATION_CONTEXT() REPRESENTATION_CONTEXT('2D SPACE',''
  ) );
#6222 = FACE_BOUND('',#6223,.F.);
#6223 = EDGE_LOOP('',(#6224,#6252,#6278,#6304));
#6224 = ORIENTED_EDGE('',*,*,#6225,.T.);
#6225 = EDGE_CURVE('',#6226,#6228,#6230,.T.);
#6226 = VERTEX_POINT('',#6227);
#6227 = CARTESIAN_POINT('',(28.3,60.6,-2.4));
#6228 = VERTEX_POINT('',#6229);
#6229 = CARTESIAN_POINT('',(0.3,60.6,-2.4));
#6230 = SURFACE_CURVE('',#6231,(#6235,#6241),.PCURVE_S1.);
#6231 = LINE('',#6232,#6233);
#6232 = CARTESIAN_POINT('',(15.65,60.6,-2.4));
#6233 = VECTOR('',#6234,1.);
#6234 = DIRECTION('',(-1.,-0.,0.));
#6235 = PCURVE('',#1624,#6236);
#6236 = DEFINITIONAL_REPRESENTATION('',(#6237),#6240);
#6237 = B_SPLINE_CURVE_WITH_KNOTS('',1,(#6238,#6239),.UNSPECIFIED.,.F.,
  .F.,(2,2),(-12.65,15.35),.PIECEWISE_BEZIER_KNOTS.);
#6238 = CARTESIAN_POINT('',(-2.7,16.15));
#6239 = CARTESIAN_POINT('',(-30.7,16.15));
#6240 = ( GEOMETRIC_REPRESENTATION_CONTEXT(2) 
PARAMETRIC_REPRESENTATION_CONTEXT() REPRESENTATION_CONTEXT('2D SPACE',''
  ) );
#6241 = PCURVE('',#6242,#6247);
#6242 = PLANE('',#6243);
#6243 = AXIS2_PLACEMENT_3D('',#6244,#6245,#6246);
#6244 = CARTESIAN_POINT('',(0.3,60.6,-2.41));
#6245 = DIRECTION('',(-0.,1.,0.));
#6246 = DIRECTION('',(0.,0.,1.));
#6247 = DEFINITIONAL_REPRESENTATION('',(#6248),#6251);
#6248 = B_SPLINE_CURVE_WITH_KNOTS('',1,(#6249,#6250),.UNSPECIFIED.,.F.,
  .F.,(2,2),(-12.65,15.35),.PIECEWISE_BEZIER_KNOTS.);
#6249 = CARTESIAN_POINT('',(1.E-02,28.));
#6250 = CARTESIAN_POINT('',(1.E-02,0.));
#6251 = ( GEOMETRIC_REPRESENTATION_CONTEXT(2) 
PARAMETRIC_REPRESENTATION_CONTEXT() REPRESENTATION_CONTEXT('2D SPACE',''
  ) );
#6252 = ORIENTED_EDGE('',*,*,#6253,.T.);
#6253 = EDGE_CURVE('',#6228,#6254,#6256,.T.);
#6254 = VERTEX_POINT('',#6255);
#6255 = CARTESIAN_POINT('',(0.3,88.6,-2.4));
#6256 = SURFACE_CURVE('',#6257,(#6261,#6267),.PCURVE_S1.);
#6257 = LINE('',#6258,#6259);
#6258 = CARTESIAN_POINT('',(0.3,52.525,-2.4));
#6259 = VECTOR('',#6260,1.);
#6260 = DIRECTION('',(-0.,1.,0.));
#6261 = PCURVE('',#1624,#6262);
#6262 = DEFINITIONAL_REPRESENTATION('',(#6263),#6266);
#6263 = B_SPLINE_CURVE_WITH_KNOTS('',1,(#6264,#6265),.UNSPECIFIED.,.F.,
  .F.,(2,2),(8.075,36.075),.PIECEWISE_BEZIER_KNOTS.);
#6264 = CARTESIAN_POINT('',(-30.7,16.15));
#6265 = CARTESIAN_POINT('',(-30.7,44.15));
#6266 = ( GEOMETRIC_REPRESENTATION_CONTEXT(2) 
PARAMETRIC_REPRESENTATION_CONTEXT() REPRESENTATION_CONTEXT('2D SPACE',''
  ) );
#6267 = PCURVE('',#6268,#6273);
#6268 = PLANE('',#6269);
#6269 = AXIS2_PLACEMENT_3D('',#6270,#6271,#6272);
#6270 = CARTESIAN_POINT('',(0.3,60.6,-2.41));
#6271 = DIRECTION('',(1.,0.,-0.));
#6272 = DIRECTION('',(0.,0.,1.));
#6273 = DEFINITIONAL_REPRESENTATION('',(#6274),#6277);
#6274 = B_SPLINE_CURVE_WITH_KNOTS('',1,(#6275,#6276),.UNSPECIFIED.,.F.,
  .F.,(2,2),(8.075,36.075),.PIECEWISE_BEZIER_KNOTS.);
#6275 = CARTESIAN_POINT('',(1.E-02,0.));
#6276 = CARTESIAN_POINT('',(1.E-02,-28.));
#6277 = ( GEOMETRIC_REPRESENTATION_CONTEXT(2) 
PARAMETRIC_REPRESENTATION_CONTEXT() REPRESENTATION_CONTEXT('2D SPACE',''
  ) );
#6278 = ORIENTED_EDGE('',*,*,#6279,.F.);
#6279 = EDGE_CURVE('',#6280,#6254,#6282,.T.);
#6280 = VERTEX_POINT('',#6281);
#6281 = CARTESIAN_POINT('',(28.3,88.6,-2.4));
#6282 = SURFACE_CURVE('',#6283,(#6287,#6293),.PCURVE_S1.);
#6283 = LINE('',#6284,#6285);
#6284 = CARTESIAN_POINT('',(15.65,88.6,-2.4));
#6285 = VECTOR('',#6286,1.);
#6286 = DIRECTION('',(-1.,-0.,0.));
#6287 = PCURVE('',#1624,#6288);
#6288 = DEFINITIONAL_REPRESENTATION('',(#6289),#6292);
#6289 = B_SPLINE_CURVE_WITH_KNOTS('',1,(#6290,#6291),.UNSPECIFIED.,.F.,
  .F.,(2,2),(-12.65,15.35),.PIECEWISE_BEZIER_KNOTS.);
#6290 = CARTESIAN_POINT('',(-2.7,44.15));
#6291 = CARTESIAN_POINT('',(-30.7,44.15));
#6292 = ( GEOMETRIC_REPRESENTATION_CONTEXT(2) 
PARAMETRIC_REPRESENTATION_CONTEXT() REPRESENTATION_CONTEXT('2D SPACE',''
  ) );
#6293 = PCURVE('',#6294,#6299);
#6294 = PLANE('',#6295);
#6295 = AXIS2_PLACEMENT_3D('',#6296,#6297,#6298);
#6296 = CARTESIAN_POINT('',(0.3,88.6,-2.41));
#6297 = DIRECTION('',(-0.,1.,0.));
#6298 = DIRECTION('',(0.,0.,1.));
#6299 = DEFINITIONAL_REPRESENTATION('',(#6300),#6303);
#6300 = B_SPLINE_CURVE_WITH_KNOTS('',1,(#6301,#6302),.UNSPECIFIED.,.F.,
  .F.,(2,2),(-12.65,15.35),.PIECEWISE_BEZIER_KNOTS.);
#6301 = CARTESIAN_POINT('',(1.E-02,28.));
#6302 = CARTESIAN_POINT('',(1.E-02,0.));
#6303 = ( GEOMETRIC_REPRESENTATION_CONTEXT(2) 
PARAMETRIC_REPRESENTATION_CONTEXT() REPRESENTATION_CONTEXT('2D SPACE',''
  ) );
#6304 = ORIENTED_EDGE('',*,*,#6305,.F.);
#6305 = EDGE_CURVE('',#6226,#6280,#6306,.T.);
#6306 = SURFACE_CURVE('',#6307,(#6311,#6317),.PCURVE_S1.);
#6307 = LINE('',#6308,#6309);
#6308 = CARTESIAN_POINT('',(28.3,52.525,-2.4));
#6309 = VECTOR('',#6310,1.);
#6310 = DIRECTION('',(-0.,1.,0.));
#6311 = PCURVE('',#1624,#6312);
#6312 = DEFINITIONAL_REPRESENTATION('',(#6313),#6316);
#6313 = B_SPLINE_CURVE_WITH_KNOTS('',1,(#6314,#6315),.UNSPECIFIED.,.F.,
  .F.,(2,2),(8.075,36.075),.PIECEWISE_BEZIER_KNOTS.);
#6314 = CARTESIAN_POINT('',(-2.7,16.15));
#6315 = CARTESIAN_POINT('',(-2.7,44.15));
#6316 = ( GEOMETRIC_REPRESENTATION_CONTEXT(2) 
PARAMETRIC_REPRESENTATION_CONTEXT() REPRESENTATION_CONTEXT('2D SPACE',''
  ) );
#6317 = PCURVE('',#6318,#6323);
#6318 = PLANE('',#6319);
#6319 = AXIS2_PLACEMENT_3D('',#6320,#6321,#6322);
#6320 = CARTESIAN_POINT('',(28.3,60.6,-2.41));
#6321 = DIRECTION('',(1.,0.,-0.));
#6322 = DIRECTION('',(0.,0.,1.));
#6323 = DEFINITIONAL_REPRESENTATION('',(#6324),#6327);
#6324 = B_SPLINE_CURVE_WITH_KNOTS('',1,(#6325,#6326),.UNSPECIFIED.,.F.,
  .F.,(2,2),(8.075,36.075),.PIECEWISE_BEZIER_KNOTS.);
#6325 = CARTESIAN_POINT('',(1.E-02,0.));
#6326 = CARTESIAN_POINT('',(1.E-02,-28.));
#6327 = ( GEOMETRIC_REPRESENTATION_CONTEXT(2) 
PARAMETRIC_REPRESENTATION_CONTEXT() REPRESENTATION_CONTEXT('2D SPACE',''
  ) );
#6328 = FACE_BOUND('',#6329,.F.);
#6329 = EDGE_LOOP('',(#6330,#6358,#6384,#6410));
#6330 = ORIENTED_EDGE('',*,*,#6331,.T.);
#6331 = EDGE_CURVE('',#6332,#6334,#6336,.T.);
#6332 = VERTEX_POINT('',#6333);
#6333 = CARTESIAN_POINT('',(53.,46.3,-2.4));
#6334 = VERTEX_POINT('',#6335);
#6335 = CARTESIAN_POINT('',(33.,46.3,-2.4));
#6336 = SURFACE_CURVE('',#6337,(#6341,#6347),.PCURVE_S1.);
#6337 = LINE('',#6338,#6339);
#6338 = CARTESIAN_POINT('',(32.,46.3,-2.4));
#6339 = VECTOR('',#6340,1.);
#6340 = DIRECTION('',(-1.,-0.,0.));
#6341 = PCURVE('',#1624,#6342);
#6342 = DEFINITIONAL_REPRESENTATION('',(#6343),#6346);
#6343 = B_SPLINE_CURVE_WITH_KNOTS('',1,(#6344,#6345),.UNSPECIFIED.,.F.,
  .F.,(2,2),(-21.,-1.),.PIECEWISE_BEZIER_KNOTS.);
#6344 = CARTESIAN_POINT('',(22.,1.85));
#6345 = CARTESIAN_POINT('',(2.,1.85));
#6346 = ( GEOMETRIC_REPRESENTATION_CONTEXT(2) 
PARAMETRIC_REPRESENTATION_CONTEXT() REPRESENTATION_CONTEXT('2D SPACE',''
  ) );
#6347 = PCURVE('',#6348,#6353);
#6348 = PLANE('',#6349);
#6349 = AXIS2_PLACEMENT_3D('',#6350,#6351,#6352);
#6350 = CARTESIAN_POINT('',(33.,46.3,-2.41));
#6351 = DIRECTION('',(-0.,1.,0.));
#6352 = DIRECTION('',(0.,0.,1.));
#6353 = DEFINITIONAL_REPRESENTATION('',(#6354),#6357);
#6354 = B_SPLINE_CURVE_WITH_KNOTS('',1,(#6355,#6356),.UNSPECIFIED.,.F.,
  .F.,(2,2),(-21.,-1.),.PIECEWISE_BEZIER_KNOTS.);
#6355 = CARTESIAN_POINT('',(1.E-02,20.));
#6356 = CARTESIAN_POINT('',(1.E-02,0.));
#6357 = ( GEOMETRIC_REPRESENTATION_CONTEXT(2) 
PARAMETRIC_REPRESENTATION_CONTEXT() REPRESENTATION_CONTEXT('2D SPACE',''
  ) );
#6358 = ORIENTED_EDGE('',*,*,#6359,.T.);
#6359 = EDGE_CURVE('',#6334,#6360,#6362,.T.);
#6360 = VERTEX_POINT('',#6361);
#6361 = CARTESIAN_POINT('',(33.,48.3,-2.4));
#6362 = SURFACE_CURVE('',#6363,(#6367,#6373),.PCURVE_S1.);
#6363 = LINE('',#6364,#6365);
#6364 = CARTESIAN_POINT('',(33.,45.375,-2.4));
#6365 = VECTOR('',#6366,1.);
#6366 = DIRECTION('',(-0.,1.,0.));
#6367 = PCURVE('',#1624,#6368);
#6368 = DEFINITIONAL_REPRESENTATION('',(#6369),#6372);
#6369 = B_SPLINE_CURVE_WITH_KNOTS('',1,(#6370,#6371),.UNSPECIFIED.,.F.,
  .F.,(2,2),(0.925,2.925),.PIECEWISE_BEZIER_KNOTS.);
#6370 = CARTESIAN_POINT('',(2.,1.85));
#6371 = CARTESIAN_POINT('',(2.,3.85));
#6372 = ( GEOMETRIC_REPRESENTATION_CONTEXT(2) 
PARAMETRIC_REPRESENTATION_CONTEXT() REPRESENTATION_CONTEXT('2D SPACE',''
  ) );
#6373 = PCURVE('',#6374,#6379);
#6374 = PLANE('',#6375);
#6375 = AXIS2_PLACEMENT_3D('',#6376,#6377,#6378);
#6376 = CARTESIAN_POINT('',(33.,46.3,-2.41));
#6377 = DIRECTION('',(1.,0.,-0.));
#6378 = DIRECTION('',(0.,0.,1.));
#6379 = DEFINITIONAL_REPRESENTATION('',(#6380),#6383);
#6380 = B_SPLINE_CURVE_WITH_KNOTS('',1,(#6381,#6382),.UNSPECIFIED.,.F.,
  .F.,(2,2),(0.925,2.925),.PIECEWISE_BEZIER_KNOTS.);
#6381 = CARTESIAN_POINT('',(1.E-02,0.));
#6382 = CARTESIAN_POINT('',(1.E-02,-2.));
#6383 = ( GEOMETRIC_REPRESENTATION_CONTEXT(2) 
PARAMETRIC_REPRESENTATION_CONTEXT() REPRESENTATION_CONTEXT('2D SPACE',''
  ) );
#6384 = ORIENTED_EDGE('',*,*,#6385,.F.);
#6385 = EDGE_CURVE('',#6386,#6360,#6388,.T.);
#6386 = VERTEX_POINT('',#6387);
#6387 = CARTESIAN_POINT('',(53.,48.3,-2.4));
#6388 = SURFACE_CURVE('',#6389,(#6393,#6399),.PCURVE_S1.);
#6389 = LINE('',#6390,#6391);
#6390 = CARTESIAN_POINT('',(32.,48.3,-2.4));
#6391 = VECTOR('',#6392,1.);
#6392 = DIRECTION('',(-1.,-0.,0.));
#6393 = PCURVE('',#1624,#6394);
#6394 = DEFINITIONAL_REPRESENTATION('',(#6395),#6398);
#6395 = B_SPLINE_CURVE_WITH_KNOTS('',1,(#6396,#6397),.UNSPECIFIED.,.F.,
  .F.,(2,2),(-21.,-1.),.PIECEWISE_BEZIER_KNOTS.);
#6396 = CARTESIAN_POINT('',(22.,3.85));
#6397 = CARTESIAN_POINT('',(2.,3.85));
#6398 = ( GEOMETRIC_REPRESENTATION_CONTEXT(2) 
PARAMETRIC_REPRESENTATION_CONTEXT() REPRESENTATION_CONTEXT('2D SPACE',''
  ) );
#6399 = PCURVE('',#6400,#6405);
#6400 = PLANE('',#6401);
#6401 = AXIS2_PLACEMENT_3D('',#6402,#6403,#6404);
#6402 = CARTESIAN_POINT('',(33.,48.3,-2.41));
#6403 = DIRECTION('',(-0.,1.,0.));
#6404 = DIRECTION('',(0.,0.,1.));
#6405 = DEFINITIONAL_REPRESENTATION('',(#6406),#6409);
#6406 = B_SPLINE_CURVE_WITH_KNOTS('',1,(#6407,#6408),.UNSPECIFIED.,.F.,
  .F.,(2,2),(-21.,-1.),.PIECEWISE_BEZIER_KNOTS.);
#6407 = CARTESIAN_POINT('',(1.E-02,20.));
#6408 = CARTESIAN_POINT('',(1.E-02,0.));
#6409 = ( GEOMETRIC_REPRESENTATION_CONTEXT(2) 
PARAMETRIC_REPRESENTATION_CONTEXT() REPRESENTATION_CONTEXT('2D SPACE',''
  ) );
#6410 = ORIENTED_EDGE('',*,*,#6411,.F.);
#6411 = EDGE_CURVE('',#6332,#6386,#6412,.T.);
#6412 = SURFACE_CURVE('',#6413,(#6417,#6423),.PCURVE_S1.);
#6413 = LINE('',#6414,#6415);
#6414 = CARTESIAN_POINT('',(53.,45.375,-2.4));
#6415 = VECTOR('',#6416,1.);
#6416 = DIRECTION('',(-0.,1.,0.));
#6417 = PCURVE('',#1624,#6418);
#6418 = DEFINITIONAL_REPRESENTATION('',(#6419),#6422);
#6419 = B_SPLINE_CURVE_WITH_KNOTS('',1,(#6420,#6421),.UNSPECIFIED.,.F.,
  .F.,(2,2),(0.925,2.925),.PIECEWISE_BEZIER_KNOTS.);
#6420 = CARTESIAN_POINT('',(22.,1.85));
#6421 = CARTESIAN_POINT('',(22.,3.85));
#6422 = ( GEOMETRIC_REPRESENTATION_CONTEXT(2) 
PARAMETRIC_REPRESENTATION_CONTEXT() REPRESENTATION_CONTEXT('2D SPACE',''
  ) );
#6423 = PCURVE('',#6424,#6429);
#6424 = PLANE('',#6425);
#6425 = AXIS2_PLACEMENT_3D('',#6426,#6427,#6428);
#6426 = CARTESIAN_POINT('',(53.,46.3,-2.41));
#6427 = DIRECTION('',(1.,0.,-0.));
#6428 = DIRECTION('',(0.,0.,1.));
#6429 = DEFINITIONAL_REPRESENTATION('',(#6430),#6433);
#6430 = B_SPLINE_CURVE_WITH_KNOTS('',1,(#6431,#6432),.UNSPECIFIED.,.F.,
  .F.,(2,2),(0.925,2.925),.PIECEWISE_BEZIER_KNOTS.);
#6431 = CARTESIAN_POINT('',(1.E-02,0.));
#6432 = CARTESIAN_POINT('',(1.E-02,-2.));
#6433 = ( GEOMETRIC_REPRESENTATION_CONTEXT(2) 
PARAMETRIC_REPRESENTATION_CONTEXT() REPRESENTATION_CONTEXT('2D SPACE',''
  ) );
#6434 = FACE_BOUND('',#6435,.F.);
#6435 = EDGE_LOOP('',(#6436,#6464,#6490,#6516));
#6436 = ORIENTED_EDGE('',*,*,#6437,.T.);
#6437 = EDGE_CURVE('',#6438,#6440,#6442,.T.);
#6438 = VERTEX_POINT('',#6439);
#6439 = CARTESIAN_POINT('',(53.,50.3,-2.4));
#6440 = VERTEX_POINT('',#6441);
#6441 = CARTESIAN_POINT('',(33.,50.3,-2.4));
#6442 = SURFACE_CURVE('',#6443,(#6447,#6453),.PCURVE_S1.);
#6443 = LINE('',#6444,#6445);
#6444 = CARTESIAN_POINT('',(32.,50.3,-2.4));
#6445 = VECTOR('',#6446,1.);
#6446 = DIRECTION('',(-1.,-0.,0.));
#6447 = PCURVE('',#1624,#6448);
#6448 = DEFINITIONAL_REPRESENTATION('',(#6449),#6452);
#6449 = B_SPLINE_CURVE_WITH_KNOTS('',1,(#6450,#6451),.UNSPECIFIED.,.F.,
  .F.,(2,2),(-21.,-1.),.PIECEWISE_BEZIER_KNOTS.);
#6450 = CARTESIAN_POINT('',(22.,5.85));
#6451 = CARTESIAN_POINT('',(2.,5.85));
#6452 = ( GEOMETRIC_REPRESENTATION_CONTEXT(2) 
PARAMETRIC_REPRESENTATION_CONTEXT() REPRESENTATION_CONTEXT('2D SPACE',''
  ) );
#6453 = PCURVE('',#6454,#6459);
#6454 = PLANE('',#6455);
#6455 = AXIS2_PLACEMENT_3D('',#6456,#6457,#6458);
#6456 = CARTESIAN_POINT('',(33.,50.3,-2.41));
#6457 = DIRECTION('',(-0.,1.,0.));
#6458 = DIRECTION('',(0.,0.,1.));
#6459 = DEFINITIONAL_REPRESENTATION('',(#6460),#6463);
#6460 = B_SPLINE_CURVE_WITH_KNOTS('',1,(#6461,#6462),.UNSPECIFIED.,.F.,
  .F.,(2,2),(-21.,-1.),.PIECEWISE_BEZIER_KNOTS.);
#6461 = CARTESIAN_POINT('',(1.E-02,20.));
#6462 = CARTESIAN_POINT('',(1.E-02,0.));
#6463 = ( GEOMETRIC_REPRESENTATION_CONTEXT(2) 
PARAMETRIC_REPRESENTATION_CONTEXT() REPRESENTATION_CONTEXT('2D SPACE',''
  ) );
#6464 = ORIENTED_EDGE('',*,*,#6465,.T.);
#6465 = EDGE_CURVE('',#6440,#6466,#6468,.T.);
#6466 = VERTEX_POINT('',#6467);
#6467 = CARTESIAN_POINT('',(33.,52.3,-2.4));
#6468 = SURFACE_CURVE('',#6469,(#6473,#6479),.PCURVE_S1.);
#6469 = LINE('',#6470,#6471);
#6470 = CARTESIAN_POINT('',(33.,47.375,-2.4));
#6471 = VECTOR('',#6472,1.);
#6472 = DIRECTION('',(-0.,1.,0.));
#6473 = PCURVE('',#1624,#6474);
#6474 = DEFINITIONAL_REPRESENTATION('',(#6475),#6478);
#6475 = B_SPLINE_CURVE_WITH_KNOTS('',1,(#6476,#6477),.UNSPECIFIED.,.F.,
  .F.,(2,2),(2.925,4.925),.PIECEWISE_BEZIER_KNOTS.);
#6476 = CARTESIAN_POINT('',(2.,5.85));
#6477 = CARTESIAN_POINT('',(2.,7.85));
#6478 = ( GEOMETRIC_REPRESENTATION_CONTEXT(2) 
PARAMETRIC_REPRESENTATION_CONTEXT() REPRESENTATION_CONTEXT('2D SPACE',''
  ) );
#6479 = PCURVE('',#6480,#6485);
#6480 = PLANE('',#6481);
#6481 = AXIS2_PLACEMENT_3D('',#6482,#6483,#6484);
#6482 = CARTESIAN_POINT('',(33.,50.3,-2.41));
#6483 = DIRECTION('',(1.,0.,-0.));
#6484 = DIRECTION('',(0.,0.,1.));
#6485 = DEFINITIONAL_REPRESENTATION('',(#6486),#6489);
#6486 = B_SPLINE_CURVE_WITH_KNOTS('',1,(#6487,#6488),.UNSPECIFIED.,.F.,
  .F.,(2,2),(2.925,4.925),.PIECEWISE_BEZIER_KNOTS.);
#6487 = CARTESIAN_POINT('',(1.E-02,0.));
#6488 = CARTESIAN_POINT('',(1.E-02,-2.));
#6489 = ( GEOMETRIC_REPRESENTATION_CONTEXT(2) 
PARAMETRIC_REPRESENTATION_CONTEXT() REPRESENTATION_CONTEXT('2D SPACE',''
  ) );
#6490 = ORIENTED_EDGE('',*,*,#6491,.F.);
#6491 = EDGE_CURVE('',#6492,#6466,#6494,.T.);
#6492 = VERTEX_POINT('',#6493);
#6493 = CARTESIAN_POINT('',(53.,52.3,-2.4));
#6494 = SURFACE_CURVE('',#6495,(#6499,#6505),.PCURVE_S1.);
#6495 = LINE('',#6496,#6497);
#6496 = CARTESIAN_POINT('',(32.,52.3,-2.4));
#6497 = VECTOR('',#6498,1.);
#6498 = DIRECTION('',(-1.,-0.,0.));
#6499 = PCURVE('',#1624,#6500);
#6500 = DEFINITIONAL_REPRESENTATION('',(#6501),#6504);
#6501 = B_SPLINE_CURVE_WITH_KNOTS('',1,(#6502,#6503),.UNSPECIFIED.,.F.,
  .F.,(2,2),(-21.,-1.),.PIECEWISE_BEZIER_KNOTS.);
#6502 = CARTESIAN_POINT('',(22.,7.85));
#6503 = CARTESIAN_POINT('',(2.,7.85));
#6504 = ( GEOMETRIC_REPRESENTATION_CONTEXT(2) 
PARAMETRIC_REPRESENTATION_CONTEXT() REPRESENTATION_CONTEXT('2D SPACE',''
  ) );
#6505 = PCURVE('',#6506,#6511);
#6506 = PLANE('',#6507);
#6507 = AXIS2_PLACEMENT_3D('',#6508,#6509,#6510);
#6508 = CARTESIAN_POINT('',(33.,52.3,-2.41));
#6509 = DIRECTION('',(-0.,1.,0.));
#6510 = DIRECTION('',(0.,0.,1.));
#6511 = DEFINITIONAL_REPRESENTATION('',(#6512),#6515);
#6512 = B_SPLINE_CURVE_WITH_KNOTS('',1,(#6513,#6514),.UNSPECIFIED.,.F.,
  .F.,(2,2),(-21.,-1.),.PIECEWISE_BEZIER_KNOTS.);
#6513 = CARTESIAN_POINT('',(1.E-02,20.));
#6514 = CARTESIAN_POINT('',(1.E-02,0.));
#6515 = ( GEOMETRIC_REPRESENTATION_CONTEXT(2) 
PARAMETRIC_REPRESENTATION_CONTEXT() REPRESENTATION_CONTEXT('2D SPACE',''
  ) );
#6516 = ORIENTED_EDGE('',*,*,#6517,.F.);
#6517 = EDGE_CURVE('',#6438,#6492,#6518,.T.);
#6518 = SURFACE_CURVE('',#6519,(#6523,#6529),.PCURVE_S1.);
#6519 = LINE('',#6520,#6521);
#6520 = CARTESIAN_POINT('',(53.,47.375,-2.4));
#6521 = VECTOR('',#6522,1.);
#6522 = DIRECTION('',(-0.,1.,0.));
#6523 = PCURVE('',#1624,#6524);
#6524 = DEFINITIONAL_REPRESENTATION('',(#6525),#6528);
#6525 = B_SPLINE_CURVE_WITH_KNOTS('',1,(#6526,#6527),.UNSPECIFIED.,.F.,
  .F.,(2,2),(2.925,4.925),.PIECEWISE_BEZIER_KNOTS.);
#6526 = CARTESIAN_POINT('',(22.,5.85));
#6527 = CARTESIAN_POINT('',(22.,7.85));
#6528 = ( GEOMETRIC_REPRESENTATION_CONTEXT(2) 
PARAMETRIC_REPRESENTATION_CONTEXT() REPRESENTATION_CONTEXT('2D SPACE',''
  ) );
#6529 = PCURVE('',#6530,#6535);
#6530 = PLANE('',#6531);
#6531 = AXIS2_PLACEMENT_3D('',#6532,#6533,#6534);
#6532 = CARTESIAN_POINT('',(53.,50.3,-2.41));
#6533 = DIRECTION('',(1.,0.,-0.));
#6534 = DIRECTION('',(0.,0.,1.));
#6535 = DEFINITIONAL_REPRESENTATION('',(#6536),#6539);
#6536 = B_SPLINE_CURVE_WITH_KNOTS('',1,(#6537,#6538),.UNSPECIFIED.,.F.,
  .F.,(2,2),(2.925,4.925),.PIECEWISE_BEZIER_KNOTS.);
#6537 = CARTESIAN_POINT('',(1.E-02,0.));
#6538 = CARTESIAN_POINT('',(1.E-02,-2.));
#6539 = ( GEOMETRIC_REPRESENTATION_CONTEXT(2) 
PARAMETRIC_REPRESENTATION_CONTEXT() REPRESENTATION_CONTEXT('2D SPACE',''
  ) );
#6540 = FACE_BOUND('',#6541,.F.);
#6541 = EDGE_LOOP('',(#6542,#6570,#6596,#6622));
#6542 = ORIENTED_EDGE('',*,*,#6543,.T.);
#6543 = EDGE_CURVE('',#6544,#6546,#6548,.T.);
#6544 = VERTEX_POINT('',#6545);
#6545 = CARTESIAN_POINT('',(53.,54.3,-2.4));
#6546 = VERTEX_POINT('',#6547);
#6547 = CARTESIAN_POINT('',(33.,54.3,-2.4));
#6548 = SURFACE_CURVE('',#6549,(#6553,#6559),.PCURVE_S1.);
#6549 = LINE('',#6550,#6551);
#6550 = CARTESIAN_POINT('',(32.,54.3,-2.4));
#6551 = VECTOR('',#6552,1.);
#6552 = DIRECTION('',(-1.,-0.,0.));
#6553 = PCURVE('',#1624,#6554);
#6554 = DEFINITIONAL_REPRESENTATION('',(#6555),#6558);
#6555 = B_SPLINE_CURVE_WITH_KNOTS('',1,(#6556,#6557),.UNSPECIFIED.,.F.,
  .F.,(2,2),(-21.,-1.),.PIECEWISE_BEZIER_KNOTS.);
#6556 = CARTESIAN_POINT('',(22.,9.85));
#6557 = CARTESIAN_POINT('',(2.,9.85));
#6558 = ( GEOMETRIC_REPRESENTATION_CONTEXT(2) 
PARAMETRIC_REPRESENTATION_CONTEXT() REPRESENTATION_CONTEXT('2D SPACE',''
  ) );
#6559 = PCURVE('',#6560,#6565);
#6560 = PLANE('',#6561);
#6561 = AXIS2_PLACEMENT_3D('',#6562,#6563,#6564);
#6562 = CARTESIAN_POINT('',(33.,54.3,-2.41));
#6563 = DIRECTION('',(-0.,1.,0.));
#6564 = DIRECTION('',(0.,0.,1.));
#6565 = DEFINITIONAL_REPRESENTATION('',(#6566),#6569);
#6566 = B_SPLINE_CURVE_WITH_KNOTS('',1,(#6567,#6568),.UNSPECIFIED.,.F.,
  .F.,(2,2),(-21.,-1.),.PIECEWISE_BEZIER_KNOTS.);
#6567 = CARTESIAN_POINT('',(1.E-02,20.));
#6568 = CARTESIAN_POINT('',(1.E-02,0.));
#6569 = ( GEOMETRIC_REPRESENTATION_CONTEXT(2) 
PARAMETRIC_REPRESENTATION_CONTEXT() REPRESENTATION_CONTEXT('2D SPACE',''
  ) );
#6570 = ORIENTED_EDGE('',*,*,#6571,.T.);
#6571 = EDGE_CURVE('',#6546,#6572,#6574,.T.);
#6572 = VERTEX_POINT('',#6573);
#6573 = CARTESIAN_POINT('',(33.,56.3,-2.4));
#6574 = SURFACE_CURVE('',#6575,(#6579,#6585),.PCURVE_S1.);
#6575 = LINE('',#6576,#6577);
#6576 = CARTESIAN_POINT('',(33.,49.375,-2.4));
#6577 = VECTOR('',#6578,1.);
#6578 = DIRECTION('',(-0.,1.,0.));
#6579 = PCURVE('',#1624,#6580);
#6580 = DEFINITIONAL_REPRESENTATION('',(#6581),#6584);
#6581 = B_SPLINE_CURVE_WITH_KNOTS('',1,(#6582,#6583),.UNSPECIFIED.,.F.,
  .F.,(2,2),(4.925,6.925),.PIECEWISE_BEZIER_KNOTS.);
#6582 = CARTESIAN_POINT('',(2.,9.85));
#6583 = CARTESIAN_POINT('',(2.,11.85));
#6584 = ( GEOMETRIC_REPRESENTATION_CONTEXT(2) 
PARAMETRIC_REPRESENTATION_CONTEXT() REPRESENTATION_CONTEXT('2D SPACE',''
  ) );
#6585 = PCURVE('',#6586,#6591);
#6586 = PLANE('',#6587);
#6587 = AXIS2_PLACEMENT_3D('',#6588,#6589,#6590);
#6588 = CARTESIAN_POINT('',(33.,54.3,-2.41));
#6589 = DIRECTION('',(1.,0.,-0.));
#6590 = DIRECTION('',(0.,0.,1.));
#6591 = DEFINITIONAL_REPRESENTATION('',(#6592),#6595);
#6592 = B_SPLINE_CURVE_WITH_KNOTS('',1,(#6593,#6594),.UNSPECIFIED.,.F.,
  .F.,(2,2),(4.925,6.925),.PIECEWISE_BEZIER_KNOTS.);
#6593 = CARTESIAN_POINT('',(1.E-02,0.));
#6594 = CARTESIAN_POINT('',(1.E-02,-2.));
#6595 = ( GEOMETRIC_REPRESENTATION_CONTEXT(2) 
PARAMETRIC_REPRESENTATION_CONTEXT() REPRESENTATION_CONTEXT('2D SPACE',''
  ) );
#6596 = ORIENTED_EDGE('',*,*,#6597,.F.);
#6597 = EDGE_CURVE('',#6598,#6572,#6600,.T.);
#6598 = VERTEX_POINT('',#6599);
#6599 = CARTESIAN_POINT('',(53.,56.3,-2.4));
#6600 = SURFACE_CURVE('',#6601,(#6605,#6611),.PCURVE_S1.);
#6601 = LINE('',#6602,#6603);
#6602 = CARTESIAN_POINT('',(32.,56.3,-2.4));
#6603 = VECTOR('',#6604,1.);
#6604 = DIRECTION('',(-1.,-0.,0.));
#6605 = PCURVE('',#1624,#6606);
#6606 = DEFINITIONAL_REPRESENTATION('',(#6607),#6610);
#6607 = B_SPLINE_CURVE_WITH_KNOTS('',1,(#6608,#6609),.UNSPECIFIED.,.F.,
  .F.,(2,2),(-21.,-1.),.PIECEWISE_BEZIER_KNOTS.);
#6608 = CARTESIAN_POINT('',(22.,11.85));
#6609 = CARTESIAN_POINT('',(2.,11.85));
#6610 = ( GEOMETRIC_REPRESENTATION_CONTEXT(2) 
PARAMETRIC_REPRESENTATION_CONTEXT() REPRESENTATION_CONTEXT('2D SPACE',''
  ) );
#6611 = PCURVE('',#6612,#6617);
#6612 = PLANE('',#6613);
#6613 = AXIS2_PLACEMENT_3D('',#6614,#6615,#6616);
#6614 = CARTESIAN_POINT('',(33.,56.3,-2.41));
#6615 = DIRECTION('',(-0.,1.,0.));
#6616 = DIRECTION('',(0.,0.,1.));
#6617 = DEFINITIONAL_REPRESENTATION('',(#6618),#6621);
#6618 = B_SPLINE_CURVE_WITH_KNOTS('',1,(#6619,#6620),.UNSPECIFIED.,.F.,
  .F.,(2,2),(-21.,-1.),.PIECEWISE_BEZIER_KNOTS.);
#6619 = CARTESIAN_POINT('',(1.E-02,20.));
#6620 = CARTESIAN_POINT('',(1.E-02,0.));
#6621 = ( GEOMETRIC_REPRESENTATION_CONTEXT(2) 
PARAMETRIC_REPRESENTATION_CONTEXT() REPRESENTATION_CONTEXT('2D SPACE',''
  ) );
#6622 = ORIENTED_EDGE('',*,*,#6623,.F.);
#6623 = EDGE_CURVE('',#6544,#6598,#6624,.T.);
#6624 = SURFACE_CURVE('',#6625,(#6629,#6635),.PCURVE_S1.);
#6625 = LINE('',#6626,#6627);
#6626 = CARTESIAN_POINT('',(53.,49.375,-2.4));
#6627 = VECTOR('',#6628,1.);
#6628 = DIRECTION('',(-0.,1.,0.));
#6629 = PCURVE('',#1624,#6630);
#6630 = DEFINITIONAL_REPRESENTATION('',(#6631),#6634);
#6631 = B_SPLINE_CURVE_WITH_KNOTS('',1,(#6632,#6633),.UNSPECIFIED.,.F.,
  .F.,(2,2),(4.925,6.925),.PIECEWISE_BEZIER_KNOTS.);
#6632 = CARTESIAN_POINT('',(22.,9.85));
#6633 = CARTESIAN_POINT('',(22.,11.85));
#6634 = ( GEOMETRIC_REPRESENTATION_CONTEXT(2) 
PARAMETRIC_REPRESENTATION_CONTEXT() REPRESENTATION_CONTEXT('2D SPACE',''
  ) );
#6635 = PCURVE('',#6636,#6641);
#6636 = PLANE('',#6637);
#6637 = AXIS2_PLACEMENT_3D('',#6638,#6639,#6640);
#6638 = CARTESIAN_POINT('',(53.,54.3,-2.41));
#6639 = DIRECTION('',(1.,0.,-0.));
#6640 = DIRECTION('',(0.,0.,1.));
#6641 = DEFINITIONAL_REPRESENTATION('',(#6642),#6645);
#6642 = B_SPLINE_CURVE_WITH_KNOTS('',1,(#6643,#6644),.UNSPECIFIED.,.F.,
  .F.,(2,2),(4.925,6.925),.PIECEWISE_BEZIER_KNOTS.);
#6643 = CARTESIAN_POINT('',(1.E-02,0.));
#6644 = CARTESIAN_POINT('',(1.E-02,-2.));
#6645 = ( GEOMETRIC_REPRESENTATION_CONTEXT(2) 
PARAMETRIC_REPRESENTATION_CONTEXT() REPRESENTATION_CONTEXT('2D SPACE',''
  ) );
#6646 = FACE_BOUND('',#6647,.F.);
#6647 = EDGE_LOOP('',(#6648,#6676,#6702,#6728));
#6648 = ORIENTED_EDGE('',*,*,#6649,.T.);
#6649 = EDGE_CURVE('',#6650,#6652,#6654,.T.);
#6650 = VERTEX_POINT('',#6651);
#6651 = CARTESIAN_POINT('',(61.7,60.6,-2.4));
#6652 = VERTEX_POINT('',#6653);
#6653 = CARTESIAN_POINT('',(33.7,60.6,-2.4));
#6654 = SURFACE_CURVE('',#6655,(#6659,#6665),.PCURVE_S1.);
#6655 = LINE('',#6656,#6657);
#6656 = CARTESIAN_POINT('',(32.35,60.6,-2.4));
#6657 = VECTOR('',#6658,1.);
#6658 = DIRECTION('',(-1.,-0.,0.));
#6659 = PCURVE('',#1624,#6660);
#6660 = DEFINITIONAL_REPRESENTATION('',(#6661),#6664);
#6661 = B_SPLINE_CURVE_WITH_KNOTS('',1,(#6662,#6663),.UNSPECIFIED.,.F.,
  .F.,(2,2),(-29.35,-1.35),.PIECEWISE_BEZIER_KNOTS.);
#6662 = CARTESIAN_POINT('',(30.7,16.15));
#6663 = CARTESIAN_POINT('',(2.7,16.15));
#6664 = ( GEOMETRIC_REPRESENTATION_CONTEXT(2) 
PARAMETRIC_REPRESENTATION_CONTEXT() REPRESENTATION_CONTEXT('2D SPACE',''
  ) );
#6665 = PCURVE('',#6666,#6671);
#6666 = PLANE('',#6667);
#6667 = AXIS2_PLACEMENT_3D('',#6668,#6669,#6670);
#6668 = CARTESIAN_POINT('',(33.7,60.6,-2.41));
#6669 = DIRECTION('',(-0.,1.,0.));
#6670 = DIRECTION('',(0.,0.,1.));
#6671 = DEFINITIONAL_REPRESENTATION('',(#6672),#6675);
#6672 = B_SPLINE_CURVE_WITH_KNOTS('',1,(#6673,#6674),.UNSPECIFIED.,.F.,
  .F.,(2,2),(-29.35,-1.35),.PIECEWISE_BEZIER_KNOTS.);
#6673 = CARTESIAN_POINT('',(1.E-02,28.));
#6674 = CARTESIAN_POINT('',(1.E-02,0.));
#6675 = ( GEOMETRIC_REPRESENTATION_CONTEXT(2) 
PARAMETRIC_REPRESENTATION_CONTEXT() REPRESENTATION_CONTEXT('2D SPACE',''
  ) );
#6676 = ORIENTED_EDGE('',*,*,#6677,.T.);
#6677 = EDGE_CURVE('',#6652,#6678,#6680,.T.);
#6678 = VERTEX_POINT('',#6679);
#6679 = CARTESIAN_POINT('',(33.7,88.6,-2.4));
#6680 = SURFACE_CURVE('',#6681,(#6685,#6691),.PCURVE_S1.);
#6681 = LINE('',#6682,#6683);
#6682 = CARTESIAN_POINT('',(33.7,52.525,-2.4));
#6683 = VECTOR('',#6684,1.);
#6684 = DIRECTION('',(-0.,1.,0.));
#6685 = PCURVE('',#1624,#6686);
#6686 = DEFINITIONAL_REPRESENTATION('',(#6687),#6690);
#6687 = B_SPLINE_CURVE_WITH_KNOTS('',1,(#6688,#6689),.UNSPECIFIED.,.F.,
  .F.,(2,2),(8.075,36.075),.PIECEWISE_BEZIER_KNOTS.);
#6688 = CARTESIAN_POINT('',(2.7,16.15));
#6689 = CARTESIAN_POINT('',(2.7,44.15));
#6690 = ( GEOMETRIC_REPRESENTATION_CONTEXT(2) 
PARAMETRIC_REPRESENTATION_CONTEXT() REPRESENTATION_CONTEXT('2D SPACE',''
  ) );
#6691 = PCURVE('',#6692,#6697);
#6692 = PLANE('',#6693);
#6693 = AXIS2_PLACEMENT_3D('',#6694,#6695,#6696);
#6694 = CARTESIAN_POINT('',(33.7,60.6,-2.41));
#6695 = DIRECTION('',(1.,0.,-0.));
#6696 = DIRECTION('',(0.,0.,1.));
#6697 = DEFINITIONAL_REPRESENTATION('',(#6698),#6701);
#6698 = B_SPLINE_CURVE_WITH_KNOTS('',1,(#6699,#6700),.UNSPECIFIED.,.F.,
  .F.,(2,2),(8.075,36.075),.PIECEWISE_BEZIER_KNOTS.);
#6699 = CARTESIAN_POINT('',(1.E-02,0.));
#6700 = CARTESIAN_POINT('',(1.E-02,-28.));
#6701 = ( GEOMETRIC_REPRESENTATION_CONTEXT(2) 
PARAMETRIC_REPRESENTATION_CONTEXT() REPRESENTATION_CONTEXT('2D SPACE',''
  ) );
#6702 = ORIENTED_EDGE('',*,*,#6703,.F.);
#6703 = EDGE_CURVE('',#6704,#6678,#6706,.T.);
#6704 = VERTEX_POINT('',#6705);
#6705 = CARTESIAN_POINT('',(61.7,88.6,-2.4));
#6706 = SURFACE_CURVE('',#6707,(#6711,#6717),.PCURVE_S1.);
#6707 = LINE('',#6708,#6709);
#6708 = CARTESIAN_POINT('',(32.35,88.6,-2.4));
#6709 = VECTOR('',#6710,1.);
#6710 = DIRECTION('',(-1.,-0.,0.));
#6711 = PCURVE('',#1624,#6712);
#6712 = DEFINITIONAL_REPRESENTATION('',(#6713),#6716);
#6713 = B_SPLINE_CURVE_WITH_KNOTS('',1,(#6714,#6715),.UNSPECIFIED.,.F.,
  .F.,(2,2),(-29.35,-1.35),.PIECEWISE_BEZIER_KNOTS.);
#6714 = CARTESIAN_POINT('',(30.7,44.15));
#6715 = CARTESIAN_POINT('',(2.7,44.15));
#6716 = ( GEOMETRIC_REPRESENTATION_CONTEXT(2) 
PARAMETRIC_REPRESENTATION_CONTEXT() REPRESENTATION_CONTEXT('2D SPACE',''
  ) );
#6717 = PCURVE('',#6718,#6723);
#6718 = PLANE('',#6719);
#6719 = AXIS2_PLACEMENT_3D('',#6720,#6721,#6722);
#6720 = CARTESIAN_POINT('',(33.7,88.6,-2.41));
#6721 = DIRECTION('',(-0.,1.,0.));
#6722 = DIRECTION('',(0.,0.,1.));
#6723 = DEFINITIONAL_REPRESENTATION('',(#6724),#6727);
#6724 = B_SPLINE_CURVE_WITH_KNOTS('',1,(#6725,#6726),.UNSPECIFIED.,.F.,
  .F.,(2,2),(-29.35,-1.35),.PIECEWISE_BEZIER_KNOTS.);
#6725 = CARTESIAN_POINT('',(1.E-02,28.));
#6726 = CARTESIAN_POINT('',(1.E-02,0.));
#6727 = ( GEOMETRIC_REPRESENTATION_CONTEXT(2) 
PARAMETRIC_REPRESENTATION_CONTEXT() REPRESENTATION_CONTEXT('2D SPACE',''
  ) );
#6728 = ORIENTED_EDGE('',*,*,#6729,.F.);
#6729 = EDGE_CURVE('',#6650,#6704,#6730,.T.);
#6730 = SURFACE_CURVE('',#6731,(#6735,#6741),.PCURVE_S1.);
#6731 = LINE('',#6732,#6733);
#6732 = CARTESIAN_POINT('',(61.7,52.525,-2.4));
#6733 = VECTOR('',#6734,1.);
#6734 = DIRECTION('',(-0.,1.,0.));
#6735 = PCURVE('',#1624,#6736);
#6736 = DEFINITIONAL_REPRESENTATION('',(#6737),#6740);
#6737 = B_SPLINE_CURVE_WITH_KNOTS('',1,(#6738,#6739),.UNSPECIFIED.,.F.,
  .F.,(2,2),(8.075,36.075),.PIECEWISE_BEZIER_KNOTS.);
#6738 = CARTESIAN_POINT('',(30.7,16.15));
#6739 = CARTESIAN_POINT('',(30.7,44.15));
#6740 = ( GEOMETRIC_REPRESENTATION_CONTEXT(2) 
PARAMETRIC_REPRESENTATION_CONTEXT() REPRESENTATION_CONTEXT('2D SPACE',''
  ) );
#6741 = PCURVE('',#6742,#6747);
#6742 = PLANE('',#6743);
#6743 = AXIS2_PLACEMENT_3D('',#6744,#6745,#6746);
#6744 = CARTESIAN_POINT('',(61.7,60.6,-2.41));
#6745 = DIRECTION('',(1.,0.,-0.));
#6746 = DIRECTION('',(0.,0.,1.));
#6747 = DEFINITIONAL_REPRESENTATION('',(#6748),#6751);
#6748 = B_SPLINE_CURVE_WITH_KNOTS('',1,(#6749,#6750),.UNSPECIFIED.,.F.,
  .F.,(2,2),(8.075,36.075),.PIECEWISE_BEZIER_KNOTS.);
#6749 = CARTESIAN_POINT('',(1.E-02,0.));
#6750 = CARTESIAN_POINT('',(1.E-02,-28.));
#6751 = ( GEOMETRIC_REPRESENTATION_CONTEXT(2) 
PARAMETRIC_REPRESENTATION_CONTEXT() REPRESENTATION_CONTEXT('2D SPACE',''
  ) );
#6752 = ADVANCED_FACE('',(#6753),#1599,.T.);
#6753 = FACE_BOUND('',#6754,.T.);
#6754 = EDGE_LOOP('',(#6755,#6756,#6757,#6776));
#6755 = ORIENTED_EDGE('',*,*,#1584,.F.);
#6756 = ORIENTED_EDGE('',*,*,#1975,.T.);
#6757 = ORIENTED_EDGE('',*,*,#6758,.T.);
#6758 = EDGE_CURVE('',#1976,#4792,#6759,.T.);
#6759 = SURFACE_CURVE('',#6760,(#6764,#6770),.PCURVE_S1.);
#6760 = LINE('',#6761,#6762);
#6761 = CARTESIAN_POINT('',(3.6,91.3,-1.6));
#6762 = VECTOR('',#6763,1.);
#6763 = DIRECTION('',(4.329780281177E-17,-0.707106781187,-0.707106781187
    ));
#6764 = PCURVE('',#1599,#6765);
#6765 = DEFINITIONAL_REPRESENTATION('',(#6766),#6769);
#6766 = B_SPLINE_CURVE_WITH_KNOTS('',1,(#6767,#6768),.UNSPECIFIED.,.F.,
  .F.,(2,2),(0.,1.131370849898),.PIECEWISE_BEZIER_KNOTS.);
#6767 = CARTESIAN_POINT('',(-1.570796326795,0.));
#6768 = CARTESIAN_POINT('',(-1.570796326795,-0.8));
#6769 = ( GEOMETRIC_REPRESENTATION_CONTEXT(2) 
PARAMETRIC_REPRESENTATION_CONTEXT() REPRESENTATION_CONTEXT('2D SPACE',''
  ) );
#6770 = PCURVE('',#4807,#6771);
#6771 = DEFINITIONAL_REPRESENTATION('',(#6772),#6775);
#6772 = B_SPLINE_CURVE_WITH_KNOTS('',1,(#6773,#6774),.UNSPECIFIED.,.F.,
  .F.,(2,2),(0.,1.131370849898),.PIECEWISE_BEZIER_KNOTS.);
#6773 = CARTESIAN_POINT('',(0.,-0.565685424949));
#6774 = CARTESIAN_POINT('',(0.,0.565685424949));
#6775 = ( GEOMETRIC_REPRESENTATION_CONTEXT(2) 
PARAMETRIC_REPRESENTATION_CONTEXT() REPRESENTATION_CONTEXT('2D SPACE',''
  ) );
#6776 = ORIENTED_EDGE('',*,*,#4819,.F.);
#6777 = ADVANCED_FACE('',(#6778),#1939,.T.);
#6778 = FACE_BOUND('',#6779,.T.);
#6779 = EDGE_LOOP('',(#6780,#6801,#6822,#6823));
#6780 = ORIENTED_EDGE('',*,*,#6781,.T.);
#6781 = EDGE_CURVE('',#1892,#6782,#6784,.T.);
#6782 = VERTEX_POINT('',#6783);
#6783 = CARTESIAN_POINT('',(3.5,88.89861084309,4.));
#6784 = SURFACE_CURVE('',#6785,(#6789,#6795),.PCURVE_S1.);
#6785 = LINE('',#6786,#6787);
#6786 = CARTESIAN_POINT('',(3.5,88.898610843089,0.));
#6787 = VECTOR('',#6788,1.);
#6788 = DIRECTION('',(0.,0.,-1.));
#6789 = PCURVE('',#1939,#6790);
#6790 = DEFINITIONAL_REPRESENTATION('',(#6791),#6794);
#6791 = B_SPLINE_CURVE_WITH_KNOTS('',1,(#6792,#6793),.UNSPECIFIED.,.F.,
  .F.,(2,2),(-24.2000006,-1.85),.PIECEWISE_BEZIER_KNOTS.);
#6792 = CARTESIAN_POINT('',(20.2000006,-3.608610843089));
#6793 = CARTESIAN_POINT('',(-2.15,-3.608610843089));
#6794 = ( GEOMETRIC_REPRESENTATION_CONTEXT(2) 
PARAMETRIC_REPRESENTATION_CONTEXT() REPRESENTATION_CONTEXT('2D SPACE',''
  ) );
#6795 = PCURVE('',#1912,#6796);
#6796 = DEFINITIONAL_REPRESENTATION('',(#6797),#6800);
#6797 = B_SPLINE_CURVE_WITH_KNOTS('',1,(#6798,#6799),.UNSPECIFIED.,.F.,
  .F.,(2,2),(-24.2000006,-1.85),.PIECEWISE_BEZIER_KNOTS.);
#6798 = CARTESIAN_POINT('',(1.543014975531,-24.2000006));
#6799 = CARTESIAN_POINT('',(1.543014975531,-1.85));
#6800 = ( GEOMETRIC_REPRESENTATION_CONTEXT(2) 
PARAMETRIC_REPRESENTATION_CONTEXT() REPRESENTATION_CONTEXT('2D SPACE',''
  ) );
#6801 = ORIENTED_EDGE('',*,*,#6802,.T.);
#6802 = EDGE_CURVE('',#6782,#2028,#6803,.T.);
#6803 = SURFACE_CURVE('',#6804,(#6808,#6815),.PCURVE_S1.);
#6804 = LINE('',#6805,#6806);
#6805 = CARTESIAN_POINT('',(3.5,85.29,4.));
#6806 = VECTOR('',#6807,1.);
#6807 = DIRECTION('',(-0.,1.,0.));
#6808 = PCURVE('',#1939,#6809);
#6809 = DEFINITIONAL_REPRESENTATION('',(#6810),#6814);
#6810 = LINE('',#6811,#6812);
#6811 = CARTESIAN_POINT('',(0.,0.));
#6812 = VECTOR('',#6813,1.);
#6813 = DIRECTION('',(0.,-1.));
#6814 = ( GEOMETRIC_REPRESENTATION_CONTEXT(2) 
PARAMETRIC_REPRESENTATION_CONTEXT() REPRESENTATION_CONTEXT('2D SPACE',''
  ) );
#6815 = PCURVE('',#2044,#6816);
#6816 = DEFINITIONAL_REPRESENTATION('',(#6817),#6821);
#6817 = LINE('',#6818,#6819);
#6818 = CARTESIAN_POINT('',(0.,0.));
#6819 = VECTOR('',#6820,1.);
#6820 = DIRECTION('',(0.,1.));
#6821 = ( GEOMETRIC_REPRESENTATION_CONTEXT(2) 
PARAMETRIC_REPRESENTATION_CONTEXT() REPRESENTATION_CONTEXT('2D SPACE',''
  ) );
#6822 = ORIENTED_EDGE('',*,*,#2060,.F.);
#6823 = ORIENTED_EDGE('',*,*,#1924,.F.);
#6824 = ADVANCED_FACE('',(#6825),#1912,.F.);
#6825 = FACE_BOUND('',#6826,.F.);
#6826 = EDGE_LOOP('',(#6827,#6862,#6883,#6884,#6885,#6913));
#6827 = ORIENTED_EDGE('',*,*,#6828,.F.);
#6828 = EDGE_CURVE('',#6829,#6831,#6833,.T.);
#6829 = VERTEX_POINT('',#6830);
#6830 = CARTESIAN_POINT('',(0.,85.3,0.));
#6831 = VERTEX_POINT('',#6832);
#6832 = CARTESIAN_POINT('',(3.6,88.9,0.));
#6833 = SURFACE_CURVE('',#6834,(#6839,#6846),.PCURVE_S1.);
#6834 = CIRCLE('',#6835,3.6);
#6835 = AXIS2_PLACEMENT_3D('',#6836,#6837,#6838);
#6836 = CARTESIAN_POINT('',(3.6,85.3,0.));
#6837 = DIRECTION('',(0.,0.,-1.));
#6838 = DIRECTION('',(-1.,0.,0.));
#6839 = PCURVE('',#1912,#6840);
#6840 = DEFINITIONAL_REPRESENTATION('',(#6841),#6845);
#6841 = LINE('',#6842,#6843);
#6842 = CARTESIAN_POINT('',(0.,0.));
#6843 = VECTOR('',#6844,1.);
#6844 = DIRECTION('',(1.,0.));
#6845 = ( GEOMETRIC_REPRESENTATION_CONTEXT(2) 
PARAMETRIC_REPRESENTATION_CONTEXT() REPRESENTATION_CONTEXT('2D SPACE',''
  ) );
#6846 = PCURVE('',#6847,#6852);
#6847 = PLANE('',#6848);
#6848 = AXIS2_PLACEMENT_3D('',#6849,#6850,#6851);
#6849 = CARTESIAN_POINT('',(31.,44.45,0.));
#6850 = DIRECTION('',(0.,0.,1.));
#6851 = DIRECTION('',(1.,0.,-0.));
#6852 = DEFINITIONAL_REPRESENTATION('',(#6853),#6861);
#6853 = ( BOUNDED_CURVE() B_SPLINE_CURVE(2,(#6854,#6855,#6856,#6857,
#6858,#6859,#6860),.UNSPECIFIED.,.T.,.F.) B_SPLINE_CURVE_WITH_KNOTS((1,2
    ,2,2,2,1),(-2.094395102393,0.,2.094395102393,4.188790204786,
6.28318530718,8.377580409573),.UNSPECIFIED.) CURVE() 
GEOMETRIC_REPRESENTATION_ITEM() RATIONAL_B_SPLINE_CURVE((1.,0.5,1.,0.5,
1.,0.5,1.)) REPRESENTATION_ITEM('') );
#6854 = CARTESIAN_POINT('',(-31.,40.85));
#6855 = CARTESIAN_POINT('',(-31.,47.085382907248));
#6856 = CARTESIAN_POINT('',(-25.6,43.967691453624));
#6857 = CARTESIAN_POINT('',(-20.2,40.85));
#6858 = CARTESIAN_POINT('',(-25.6,37.732308546376));
#6859 = CARTESIAN_POINT('',(-31.,34.614617092752));
#6860 = CARTESIAN_POINT('',(-31.,40.85));
#6861 = ( GEOMETRIC_REPRESENTATION_CONTEXT(2) 
PARAMETRIC_REPRESENTATION_CONTEXT() REPRESENTATION_CONTEXT('2D SPACE',''
  ) );
#6862 = ORIENTED_EDGE('',*,*,#6863,.T.);
#6863 = EDGE_CURVE('',#6829,#1866,#6864,.T.);
#6864 = SURFACE_CURVE('',#6865,(#6869,#6876),.PCURVE_S1.);
#6865 = LINE('',#6866,#6867);
#6866 = CARTESIAN_POINT('',(0.,85.3,0.));
#6867 = VECTOR('',#6868,1.);
#6868 = DIRECTION('',(0.,0.,1.));
#6869 = PCURVE('',#1912,#6870);
#6870 = DEFINITIONAL_REPRESENTATION('',(#6871),#6875);
#6871 = LINE('',#6872,#6873);
#6872 = CARTESIAN_POINT('',(0.,0.));
#6873 = VECTOR('',#6874,1.);
#6874 = DIRECTION('',(0.,-1.));
#6875 = ( GEOMETRIC_REPRESENTATION_CONTEXT(2) 
PARAMETRIC_REPRESENTATION_CONTEXT() REPRESENTATION_CONTEXT('2D SPACE',''
  ) );
#6876 = PCURVE('',#1880,#6877);
#6877 = DEFINITIONAL_REPRESENTATION('',(#6878),#6882);
#6878 = LINE('',#6879,#6880);
#6879 = CARTESIAN_POINT('',(81.7,0.));
#6880 = VECTOR('',#6881,1.);
#6881 = DIRECTION('',(0.,-1.));
#6882 = ( GEOMETRIC_REPRESENTATION_CONTEXT(2) 
PARAMETRIC_REPRESENTATION_CONTEXT() REPRESENTATION_CONTEXT('2D SPACE',''
  ) );
#6883 = ORIENTED_EDGE('',*,*,#1891,.T.);
#6884 = ORIENTED_EDGE('',*,*,#6781,.T.);
#6885 = ORIENTED_EDGE('',*,*,#6886,.T.);
#6886 = EDGE_CURVE('',#6782,#6887,#6889,.T.);
#6887 = VERTEX_POINT('',#6888);
#6888 = CARTESIAN_POINT('',(3.6,88.9,4.));
#6889 = SURFACE_CURVE('',#6890,(#6895,#6902),.PCURVE_S1.);
#6890 = CIRCLE('',#6891,3.6);
#6891 = AXIS2_PLACEMENT_3D('',#6892,#6893,#6894);
#6892 = CARTESIAN_POINT('',(3.6,85.3,4.));
#6893 = DIRECTION('',(0.,0.,-1.));
#6894 = DIRECTION('',(-1.,0.,0.));
#6895 = PCURVE('',#1912,#6896);
#6896 = DEFINITIONAL_REPRESENTATION('',(#6897),#6901);
#6897 = LINE('',#6898,#6899);
#6898 = CARTESIAN_POINT('',(0.,-4.));
#6899 = VECTOR('',#6900,1.);
#6900 = DIRECTION('',(1.,0.));
#6901 = ( GEOMETRIC_REPRESENTATION_CONTEXT(2) 
PARAMETRIC_REPRESENTATION_CONTEXT() REPRESENTATION_CONTEXT('2D SPACE',''
  ) );
#6902 = PCURVE('',#2044,#6903);
#6903 = DEFINITIONAL_REPRESENTATION('',(#6904),#6912);
#6904 = ( BOUNDED_CURVE() B_SPLINE_CURVE(2,(#6905,#6906,#6907,#6908,
#6909,#6910,#6911),.UNSPECIFIED.,.T.,.F.) B_SPLINE_CURVE_WITH_KNOTS((1,2
    ,2,2,2,1),(-2.094395102393,0.,2.094395102393,4.188790204786,
6.28318530718,8.377580409573),.UNSPECIFIED.) CURVE() 
GEOMETRIC_REPRESENTATION_ITEM() RATIONAL_B_SPLINE_CURVE((1.,0.5,1.,0.5,
1.,0.5,1.)) REPRESENTATION_ITEM('') );
#6905 = CARTESIAN_POINT('',(-3.5,9.999999999991E-03));
#6906 = CARTESIAN_POINT('',(-3.5,6.245382907248));
#6907 = CARTESIAN_POINT('',(1.9,3.127691453624));
#6908 = CARTESIAN_POINT('',(7.3,9.999999999992E-03));
#6909 = CARTESIAN_POINT('',(1.9,-3.107691453624));
#6910 = CARTESIAN_POINT('',(-3.5,-6.225382907248));
#6911 = CARTESIAN_POINT('',(-3.5,9.999999999991E-03));
#6912 = ( GEOMETRIC_REPRESENTATION_CONTEXT(2) 
PARAMETRIC_REPRESENTATION_CONTEXT() REPRESENTATION_CONTEXT('2D SPACE',''
  ) );
#6913 = ORIENTED_EDGE('',*,*,#6914,.F.);
#6914 = EDGE_CURVE('',#6831,#6887,#6915,.T.);
#6915 = SURFACE_CURVE('',#6916,(#6920,#6927),.PCURVE_S1.);
#6916 = LINE('',#6917,#6918);
#6917 = CARTESIAN_POINT('',(3.6,88.9,0.));
#6918 = VECTOR('',#6919,1.);
#6919 = DIRECTION('',(0.,0.,1.));
#6920 = PCURVE('',#1912,#6921);
#6921 = DEFINITIONAL_REPRESENTATION('',(#6922),#6926);
#6922 = LINE('',#6923,#6924);
#6923 = CARTESIAN_POINT('',(1.570796326795,0.));
#6924 = VECTOR('',#6925,1.);
#6925 = DIRECTION('',(0.,-1.));
#6926 = ( GEOMETRIC_REPRESENTATION_CONTEXT(2) 
PARAMETRIC_REPRESENTATION_CONTEXT() REPRESENTATION_CONTEXT('2D SPACE',''
  ) );
#6927 = PCURVE('',#6928,#6933);
#6928 = PLANE('',#6929);
#6929 = AXIS2_PLACEMENT_3D('',#6930,#6931,#6932);
#6930 = CARTESIAN_POINT('',(3.6,88.9,0.));
#6931 = DIRECTION('',(0.,1.,0.));
#6932 = DIRECTION('',(1.,0.,0.));
#6933 = DEFINITIONAL_REPRESENTATION('',(#6934),#6938);
#6934 = LINE('',#6935,#6936);
#6935 = CARTESIAN_POINT('',(0.,0.));
#6936 = VECTOR('',#6937,1.);
#6937 = DIRECTION('',(0.,-1.));
#6938 = ( GEOMETRIC_REPRESENTATION_CONTEXT(2) 
PARAMETRIC_REPRESENTATION_CONTEXT() REPRESENTATION_CONTEXT('2D SPACE',''
  ) );
#6939 = ADVANCED_FACE('',(#6940,#6988,#6995,#7002,#7009,#7016,#7023,
    #7030,#7037,#7044,#7051),#1880,.F.);
#6940 = FACE_BOUND('',#6941,.F.);
#6941 = EDGE_LOOP('',(#6942,#6965,#6986,#6987));
#6942 = ORIENTED_EDGE('',*,*,#6943,.F.);
#6943 = EDGE_CURVE('',#6944,#6829,#6946,.T.);
#6944 = VERTEX_POINT('',#6945);
#6945 = CARTESIAN_POINT('',(0.,3.6,0.));
#6946 = SURFACE_CURVE('',#6947,(#6951,#6958),.PCURVE_S1.);
#6947 = LINE('',#6948,#6949);
#6948 = CARTESIAN_POINT('',(0.,44.45,0.));
#6949 = VECTOR('',#6950,1.);
#6950 = DIRECTION('',(0.,1.,0.));
#6951 = PCURVE('',#1880,#6952);
#6952 = DEFINITIONAL_REPRESENTATION('',(#6953),#6957);
#6953 = LINE('',#6954,#6955);
#6954 = CARTESIAN_POINT('',(40.85,0.));
#6955 = VECTOR('',#6956,1.);
#6956 = DIRECTION('',(1.,0.));
#6957 = ( GEOMETRIC_REPRESENTATION_CONTEXT(2) 
PARAMETRIC_REPRESENTATION_CONTEXT() REPRESENTATION_CONTEXT('2D SPACE',''
  ) );
#6958 = PCURVE('',#6847,#6959);
#6959 = DEFINITIONAL_REPRESENTATION('',(#6960),#6964);
#6960 = LINE('',#6961,#6962);
#6961 = CARTESIAN_POINT('',(-31.,-5.917942504985E-15));
#6962 = VECTOR('',#6963,1.);
#6963 = DIRECTION('',(0.,1.));
#6964 = ( GEOMETRIC_REPRESENTATION_CONTEXT(2) 
PARAMETRIC_REPRESENTATION_CONTEXT() REPRESENTATION_CONTEXT('2D SPACE',''
  ) );
#6965 = ORIENTED_EDGE('',*,*,#6966,.T.);
#6966 = EDGE_CURVE('',#6944,#1833,#6967,.T.);
#6967 = SURFACE_CURVE('',#6968,(#6972,#6979),.PCURVE_S1.);
#6968 = LINE('',#6969,#6970);
#6969 = CARTESIAN_POINT('',(0.,3.6,0.));
#6970 = VECTOR('',#6971,1.);
#6971 = DIRECTION('',(0.,0.,1.));
#6972 = PCURVE('',#1880,#6973);
#6973 = DEFINITIONAL_REPRESENTATION('',(#6974),#6978);
#6974 = LINE('',#6975,#6976);
#6975 = CARTESIAN_POINT('',(7.105427357601E-15,0.));
#6976 = VECTOR('',#6977,1.);
#6977 = DIRECTION('',(0.,-1.));
#6978 = ( GEOMETRIC_REPRESENTATION_CONTEXT(2) 
PARAMETRIC_REPRESENTATION_CONTEXT() REPRESENTATION_CONTEXT('2D SPACE',''
  ) );
#6979 = PCURVE('',#1853,#6980);
#6980 = DEFINITIONAL_REPRESENTATION('',(#6981),#6985);
#6981 = LINE('',#6982,#6983);
#6982 = CARTESIAN_POINT('',(6.28318530718,0.));
#6983 = VECTOR('',#6984,1.);
#6984 = DIRECTION('',(0.,-1.));
#6985 = ( GEOMETRIC_REPRESENTATION_CONTEXT(2) 
PARAMETRIC_REPRESENTATION_CONTEXT() REPRESENTATION_CONTEXT('2D SPACE',''
  ) );
#6986 = ORIENTED_EDGE('',*,*,#1865,.F.);
#6987 = ORIENTED_EDGE('',*,*,#6863,.F.);
#6988 = FACE_BOUND('',#6989,.F.);
#6989 = EDGE_LOOP('',(#6990,#6991,#6992,#6993,#6994));
#6990 = ORIENTED_EDGE('',*,*,#2084,.F.);
#6991 = ORIENTED_EDGE('',*,*,#2294,.F.);
#6992 = ORIENTED_EDGE('',*,*,#2247,.F.);
#6993 = ORIENTED_EDGE('',*,*,#2200,.F.);
#6994 = ORIENTED_EDGE('',*,*,#2153,.F.);
#6995 = FACE_BOUND('',#6996,.F.);
#6996 = EDGE_LOOP('',(#6997,#6998,#6999,#7000,#7001));
#6997 = ORIENTED_EDGE('',*,*,#2319,.F.);
#6998 = ORIENTED_EDGE('',*,*,#2529,.F.);
#6999 = ORIENTED_EDGE('',*,*,#2482,.F.);
#7000 = ORIENTED_EDGE('',*,*,#2435,.F.);
#7001 = ORIENTED_EDGE('',*,*,#2388,.F.);
#7002 = FACE_BOUND('',#7003,.F.);
#7003 = EDGE_LOOP('',(#7004,#7005,#7006,#7007,#7008));
#7004 = ORIENTED_EDGE('',*,*,#2554,.F.);
#7005 = ORIENTED_EDGE('',*,*,#2764,.F.);
#7006 = ORIENTED_EDGE('',*,*,#2717,.F.);
#7007 = ORIENTED_EDGE('',*,*,#2670,.F.);
#7008 = ORIENTED_EDGE('',*,*,#2623,.F.);
#7009 = FACE_BOUND('',#7010,.F.);
#7010 = EDGE_LOOP('',(#7011,#7012,#7013,#7014,#7015));
#7011 = ORIENTED_EDGE('',*,*,#2789,.F.);
#7012 = ORIENTED_EDGE('',*,*,#2999,.F.);
#7013 = ORIENTED_EDGE('',*,*,#2952,.F.);
#7014 = ORIENTED_EDGE('',*,*,#2905,.F.);
#7015 = ORIENTED_EDGE('',*,*,#2858,.F.);
#7016 = FACE_BOUND('',#7017,.F.);
#7017 = EDGE_LOOP('',(#7018,#7019,#7020,#7021,#7022));
#7018 = ORIENTED_EDGE('',*,*,#3024,.F.);
#7019 = ORIENTED_EDGE('',*,*,#3234,.F.);
#7020 = ORIENTED_EDGE('',*,*,#3187,.F.);
#7021 = ORIENTED_EDGE('',*,*,#3140,.F.);
#7022 = ORIENTED_EDGE('',*,*,#3093,.F.);
#7023 = FACE_BOUND('',#7024,.F.);
#7024 = EDGE_LOOP('',(#7025,#7026,#7027,#7028,#7029));
#7025 = ORIENTED_EDGE('',*,*,#3259,.F.);
#7026 = ORIENTED_EDGE('',*,*,#3469,.F.);
#7027 = ORIENTED_EDGE('',*,*,#3422,.F.);
#7028 = ORIENTED_EDGE('',*,*,#3375,.F.);
#7029 = ORIENTED_EDGE('',*,*,#3328,.F.);
#7030 = FACE_BOUND('',#7031,.F.);
#7031 = EDGE_LOOP('',(#7032,#7033,#7034,#7035,#7036));
#7032 = ORIENTED_EDGE('',*,*,#3494,.F.);
#7033 = ORIENTED_EDGE('',*,*,#3704,.F.);
#7034 = ORIENTED_EDGE('',*,*,#3657,.F.);
#7035 = ORIENTED_EDGE('',*,*,#3610,.F.);
#7036 = ORIENTED_EDGE('',*,*,#3563,.F.);
#7037 = FACE_BOUND('',#7038,.F.);
#7038 = EDGE_LOOP('',(#7039,#7040,#7041,#7042,#7043));
#7039 = ORIENTED_EDGE('',*,*,#3729,.F.);
#7040 = ORIENTED_EDGE('',*,*,#3939,.F.);
#7041 = ORIENTED_EDGE('',*,*,#3892,.F.);
#7042 = ORIENTED_EDGE('',*,*,#3845,.F.);
#7043 = ORIENTED_EDGE('',*,*,#3798,.F.);
#7044 = FACE_BOUND('',#7045,.F.);
#7045 = EDGE_LOOP('',(#7046,#7047,#7048,#7049,#7050));
#7046 = ORIENTED_EDGE('',*,*,#3964,.F.);
#7047 = ORIENTED_EDGE('',*,*,#4174,.F.);
#7048 = ORIENTED_EDGE('',*,*,#4127,.F.);
#7049 = ORIENTED_EDGE('',*,*,#4080,.F.);
#7050 = ORIENTED_EDGE('',*,*,#4033,.F.);
#7051 = FACE_BOUND('',#7052,.F.);
#7052 = EDGE_LOOP('',(#7053,#7054,#7055,#7056,#7057));
#7053 = ORIENTED_EDGE('',*,*,#4199,.F.);
#7054 = ORIENTED_EDGE('',*,*,#4409,.F.);
#7055 = ORIENTED_EDGE('',*,*,#4362,.F.);
#7056 = ORIENTED_EDGE('',*,*,#4315,.F.);
#7057 = ORIENTED_EDGE('',*,*,#4268,.F.);
#7058 = ADVANCED_FACE('',(#7059),#1853,.F.);
#7059 = FACE_BOUND('',#7060,.F.);
#7060 = EDGE_LOOP('',(#7061,#7089,#7110,#7111));
#7061 = ORIENTED_EDGE('',*,*,#7062,.F.);
#7062 = EDGE_CURVE('',#7063,#6944,#7065,.T.);
#7063 = VERTEX_POINT('',#7064);
#7064 = CARTESIAN_POINT('',(3.6,-7.105427357601E-15,0.));
#7065 = SURFACE_CURVE('',#7066,(#7071,#7078),.PCURVE_S1.);
#7066 = CIRCLE('',#7067,3.6);
#7067 = AXIS2_PLACEMENT_3D('',#7068,#7069,#7070);
#7068 = CARTESIAN_POINT('',(3.6,3.6,0.));
#7069 = DIRECTION('',(0.,0.,-1.));
#7070 = DIRECTION('',(-1.,0.,0.));
#7071 = PCURVE('',#1853,#7072);
#7072 = DEFINITIONAL_REPRESENTATION('',(#7073),#7077);
#7073 = LINE('',#7074,#7075);
#7074 = CARTESIAN_POINT('',(0.,0.));
#7075 = VECTOR('',#7076,1.);
#7076 = DIRECTION('',(1.,0.));
#7077 = ( GEOMETRIC_REPRESENTATION_CONTEXT(2) 
PARAMETRIC_REPRESENTATION_CONTEXT() REPRESENTATION_CONTEXT('2D SPACE',''
  ) );
#7078 = PCURVE('',#6847,#7079);
#7079 = DEFINITIONAL_REPRESENTATION('',(#7080),#7088);
#7080 = ( BOUNDED_CURVE() B_SPLINE_CURVE(2,(#7081,#7082,#7083,#7084,
#7085,#7086,#7087),.UNSPECIFIED.,.T.,.F.) B_SPLINE_CURVE_WITH_KNOTS((1,2
    ,2,2,2,1),(-2.094395102393,0.,2.094395102393,4.188790204786,
6.28318530718,8.377580409573),.UNSPECIFIED.) CURVE() 
GEOMETRIC_REPRESENTATION_ITEM() RATIONAL_B_SPLINE_CURVE((1.,0.5,1.,0.5,
1.,0.5,1.)) REPRESENTATION_ITEM('') );
#7081 = CARTESIAN_POINT('',(-31.,-40.85));
#7082 = CARTESIAN_POINT('',(-31.,-34.61461709275));
#7083 = CARTESIAN_POINT('',(-25.6,-37.73230854637));
#7084 = CARTESIAN_POINT('',(-20.2,-40.85));
#7085 = CARTESIAN_POINT('',(-25.6,-43.96769145362));
#7086 = CARTESIAN_POINT('',(-31.,-47.08538290724));
#7087 = CARTESIAN_POINT('',(-31.,-40.85));
#7088 = ( GEOMETRIC_REPRESENTATION_CONTEXT(2) 
PARAMETRIC_REPRESENTATION_CONTEXT() REPRESENTATION_CONTEXT('2D SPACE',''
  ) );
#7089 = ORIENTED_EDGE('',*,*,#7090,.T.);
#7090 = EDGE_CURVE('',#7063,#1807,#7091,.T.);
#7091 = SURFACE_CURVE('',#7092,(#7096,#7103),.PCURVE_S1.);
#7092 = LINE('',#7093,#7094);
#7093 = CARTESIAN_POINT('',(3.6,-7.105427357601E-15,0.));
#7094 = VECTOR('',#7095,1.);
#7095 = DIRECTION('',(0.,0.,1.));
#7096 = PCURVE('',#1853,#7097);
#7097 = DEFINITIONAL_REPRESENTATION('',(#7098),#7102);
#7098 = LINE('',#7099,#7100);
#7099 = CARTESIAN_POINT('',(4.712388980385,0.));
#7100 = VECTOR('',#7101,1.);
#7101 = DIRECTION('',(0.,-1.));
#7102 = ( GEOMETRIC_REPRESENTATION_CONTEXT(2) 
PARAMETRIC_REPRESENTATION_CONTEXT() REPRESENTATION_CONTEXT('2D SPACE',''
  ) );
#7103 = PCURVE('',#1821,#7104);
#7104 = DEFINITIONAL_REPRESENTATION('',(#7105),#7109);
#7105 = LINE('',#7106,#7107);
#7106 = CARTESIAN_POINT('',(0.,0.));
#7107 = VECTOR('',#7108,1.);
#7108 = DIRECTION('',(0.,-1.));
#7109 = ( GEOMETRIC_REPRESENTATION_CONTEXT(2) 
PARAMETRIC_REPRESENTATION_CONTEXT() REPRESENTATION_CONTEXT('2D SPACE',''
  ) );
#7110 = ORIENTED_EDGE('',*,*,#1832,.T.);
#7111 = ORIENTED_EDGE('',*,*,#6966,.F.);
#7112 = ADVANCED_FACE('',(#7113,#7161),#1821,.T.);
#7113 = FACE_BOUND('',#7114,.T.);
#7114 = EDGE_LOOP('',(#7115,#7138,#7139,#7140));
#7115 = ORIENTED_EDGE('',*,*,#7116,.F.);
#7116 = EDGE_CURVE('',#7063,#7117,#7119,.T.);
#7117 = VERTEX_POINT('',#7118);
#7118 = CARTESIAN_POINT('',(58.4,-7.105427357601E-15,0.));
#7119 = SURFACE_CURVE('',#7120,(#7124,#7131),.PCURVE_S1.);
#7120 = LINE('',#7121,#7122);
#7121 = CARTESIAN_POINT('',(31.,-1.42108547152E-14,0.));
#7122 = VECTOR('',#7123,1.);
#7123 = DIRECTION('',(1.,0.,0.));
#7124 = PCURVE('',#1821,#7125);
#7125 = DEFINITIONAL_REPRESENTATION('',(#7126),#7130);
#7126 = LINE('',#7127,#7128);
#7127 = CARTESIAN_POINT('',(27.4,0.));
#7128 = VECTOR('',#7129,1.);
#7129 = DIRECTION('',(1.,0.));
#7130 = ( GEOMETRIC_REPRESENTATION_CONTEXT(2) 
PARAMETRIC_REPRESENTATION_CONTEXT() REPRESENTATION_CONTEXT('2D SPACE',''
  ) );
#7131 = PCURVE('',#6847,#7132);
#7132 = DEFINITIONAL_REPRESENTATION('',(#7133),#7137);
#7133 = LINE('',#7134,#7135);
#7134 = CARTESIAN_POINT('',(-1.804250763715E-15,-44.45));
#7135 = VECTOR('',#7136,1.);
#7136 = DIRECTION('',(1.,0.));
#7137 = ( GEOMETRIC_REPRESENTATION_CONTEXT(2) 
PARAMETRIC_REPRESENTATION_CONTEXT() REPRESENTATION_CONTEXT('2D SPACE',''
  ) );
#7138 = ORIENTED_EDGE('',*,*,#7090,.T.);
#7139 = ORIENTED_EDGE('',*,*,#1806,.F.);
#7140 = ORIENTED_EDGE('',*,*,#7141,.F.);
#7141 = EDGE_CURVE('',#7117,#1774,#7142,.T.);
#7142 = SURFACE_CURVE('',#7143,(#7147,#7154),.PCURVE_S1.);
#7143 = LINE('',#7144,#7145);
#7144 = CARTESIAN_POINT('',(58.4,-7.105427357601E-15,0.));
#7145 = VECTOR('',#7146,1.);
#7146 = DIRECTION('',(0.,0.,1.));
#7147 = PCURVE('',#1821,#7148);
#7148 = DEFINITIONAL_REPRESENTATION('',(#7149),#7153);
#7149 = LINE('',#7150,#7151);
#7150 = CARTESIAN_POINT('',(54.8,0.));
#7151 = VECTOR('',#7152,1.);
#7152 = DIRECTION('',(0.,-1.));
#7153 = ( GEOMETRIC_REPRESENTATION_CONTEXT(2) 
PARAMETRIC_REPRESENTATION_CONTEXT() REPRESENTATION_CONTEXT('2D SPACE',''
  ) );
#7154 = PCURVE('',#1794,#7155);
#7155 = DEFINITIONAL_REPRESENTATION('',(#7156),#7160);
#7156 = LINE('',#7157,#7158);
#7157 = CARTESIAN_POINT('',(4.712388980385,0.));
#7158 = VECTOR('',#7159,1.);
#7159 = DIRECTION('',(0.,-1.));
#7160 = ( GEOMETRIC_REPRESENTATION_CONTEXT(2) 
PARAMETRIC_REPRESENTATION_CONTEXT() REPRESENTATION_CONTEXT('2D SPACE',''
  ) );
#7161 = FACE_BOUND('',#7162,.T.);
#7162 = EDGE_LOOP('',(#7163,#7186,#7207,#7228,#7249));
#7163 = ORIENTED_EDGE('',*,*,#7164,.T.);
#7164 = EDGE_CURVE('',#7165,#7167,#7169,.T.);
#7165 = VERTEX_POINT('',#7166);
#7166 = CARTESIAN_POINT('',(23.49,-7.105427357601E-15,4.8));
#7167 = VERTEX_POINT('',#7168);
#7168 = CARTESIAN_POINT('',(23.49,-7.105427357601E-15,1.));
#7169 = SURFACE_CURVE('',#7170,(#7174,#7180),.PCURVE_S1.);
#7170 = LINE('',#7171,#7172);
#7171 = CARTESIAN_POINT('',(23.49,-7.105427357601E-15,2.4));
#7172 = VECTOR('',#7173,1.);
#7173 = DIRECTION('',(0.,0.,-1.));
#7174 = PCURVE('',#1821,#7175);
#7175 = DEFINITIONAL_REPRESENTATION('',(#7176),#7179);
#7176 = B_SPLINE_CURVE_WITH_KNOTS('',1,(#7177,#7178),.UNSPECIFIED.,.F.,
  .F.,(2,2),(-2.4,1.4),.PIECEWISE_BEZIER_KNOTS.);
#7177 = CARTESIAN_POINT('',(19.89,-4.8));
#7178 = CARTESIAN_POINT('',(19.89,-1.));
#7179 = ( GEOMETRIC_REPRESENTATION_CONTEXT(2) 
PARAMETRIC_REPRESENTATION_CONTEXT() REPRESENTATION_CONTEXT('2D SPACE',''
  ) );
#7180 = PCURVE('',#4556,#7181);
#7181 = DEFINITIONAL_REPRESENTATION('',(#7182),#7185);
#7182 = B_SPLINE_CURVE_WITH_KNOTS('',1,(#7183,#7184),.UNSPECIFIED.,.F.,
  .F.,(2,2),(-2.4,1.4),.PIECEWISE_BEZIER_KNOTS.);
#7183 = CARTESIAN_POINT('',(0.,-1.000000000001E-02));
#7184 = CARTESIAN_POINT('',(3.8,-1.000000000001E-02));
#7185 = ( GEOMETRIC_REPRESENTATION_CONTEXT(2) 
PARAMETRIC_REPRESENTATION_CONTEXT() REPRESENTATION_CONTEXT('2D SPACE',''
  ) );
#7186 = ORIENTED_EDGE('',*,*,#7187,.T.);
#7187 = EDGE_CURVE('',#7167,#7188,#7190,.T.);
#7188 = VERTEX_POINT('',#7189);
#7189 = CARTESIAN_POINT('',(38.49,-7.105427357601E-15,1.));
#7190 = SURFACE_CURVE('',#7191,(#7195,#7201),.PCURVE_S1.);
#7191 = LINE('',#7192,#7193);
#7192 = CARTESIAN_POINT('',(13.545,-7.105427357601E-15,1.));
#7193 = VECTOR('',#7194,1.);
#7194 = DIRECTION('',(1.,-0.,0.));
#7195 = PCURVE('',#1821,#7196);
#7196 = DEFINITIONAL_REPRESENTATION('',(#7197),#7200);
#7197 = B_SPLINE_CURVE_WITH_KNOTS('',1,(#7198,#7199),.UNSPECIFIED.,.F.,
  .F.,(2,2),(9.945,24.945),.PIECEWISE_BEZIER_KNOTS.);
#7198 = CARTESIAN_POINT('',(19.89,-1.));
#7199 = CARTESIAN_POINT('',(34.89,-1.));
#7200 = ( GEOMETRIC_REPRESENTATION_CONTEXT(2) 
PARAMETRIC_REPRESENTATION_CONTEXT() REPRESENTATION_CONTEXT('2D SPACE',''
  ) );
#7201 = PCURVE('',#4582,#7202);
#7202 = DEFINITIONAL_REPRESENTATION('',(#7203),#7206);
#7203 = B_SPLINE_CURVE_WITH_KNOTS('',1,(#7204,#7205),.UNSPECIFIED.,.F.,
  .F.,(2,2),(9.945,24.945),.PIECEWISE_BEZIER_KNOTS.);
#7204 = CARTESIAN_POINT('',(0.,-1.000000000001E-02));
#7205 = CARTESIAN_POINT('',(15.,-1.000000000001E-02));
#7206 = ( GEOMETRIC_REPRESENTATION_CONTEXT(2) 
PARAMETRIC_REPRESENTATION_CONTEXT() REPRESENTATION_CONTEXT('2D SPACE',''
  ) );
#7207 = ORIENTED_EDGE('',*,*,#7208,.T.);
#7208 = EDGE_CURVE('',#7188,#7209,#7211,.T.);
#7209 = VERTEX_POINT('',#7210);
#7210 = CARTESIAN_POINT('',(38.49,-7.105427357601E-15,4.8));
#7211 = SURFACE_CURVE('',#7212,(#7216,#7222),.PCURVE_S1.);
#7212 = LINE('',#7213,#7214);
#7213 = CARTESIAN_POINT('',(38.49,-7.105427357601E-15,0.5));
#7214 = VECTOR('',#7215,1.);
#7215 = DIRECTION('',(0.,-0.,1.));
#7216 = PCURVE('',#1821,#7217);
#7217 = DEFINITIONAL_REPRESENTATION('',(#7218),#7221);
#7218 = B_SPLINE_CURVE_WITH_KNOTS('',1,(#7219,#7220),.UNSPECIFIED.,.F.,
  .F.,(2,2),(0.5,4.3),.PIECEWISE_BEZIER_KNOTS.);
#7219 = CARTESIAN_POINT('',(34.89,-1.));
#7220 = CARTESIAN_POINT('',(34.89,-4.8));
#7221 = ( GEOMETRIC_REPRESENTATION_CONTEXT(2) 
PARAMETRIC_REPRESENTATION_CONTEXT() REPRESENTATION_CONTEXT('2D SPACE',''
  ) );
#7222 = PCURVE('',#4608,#7223);
#7223 = DEFINITIONAL_REPRESENTATION('',(#7224),#7227);
#7224 = B_SPLINE_CURVE_WITH_KNOTS('',1,(#7225,#7226),.UNSPECIFIED.,.F.,
  .F.,(2,2),(0.5,4.3),.PIECEWISE_BEZIER_KNOTS.);
#7225 = CARTESIAN_POINT('',(0.,-1.000000000001E-02));
#7226 = CARTESIAN_POINT('',(3.8,-1.000000000001E-02));
#7227 = ( GEOMETRIC_REPRESENTATION_CONTEXT(2) 
PARAMETRIC_REPRESENTATION_CONTEXT() REPRESENTATION_CONTEXT('2D SPACE',''
  ) );
#7228 = ORIENTED_EDGE('',*,*,#7229,.T.);
#7229 = EDGE_CURVE('',#7209,#7230,#7232,.T.);
#7230 = VERTEX_POINT('',#7231);
#7231 = CARTESIAN_POINT('',(30.99,-7.105427357601E-15,12.3));
#7232 = SURFACE_CURVE('',#7233,(#7237,#7243),.PCURVE_S1.);
#7233 = LINE('',#7234,#7235);
#7234 = CARTESIAN_POINT('',(30.9675,-7.106537580626E-15,12.3225));
#7235 = VECTOR('',#7236,1.);
#7236 = DIRECTION('',(-0.707106781187,0.,0.707106781187));
#7237 = PCURVE('',#1821,#7238);
#7238 = DEFINITIONAL_REPRESENTATION('',(#7239),#7242);
#7239 = B_SPLINE_CURVE_WITH_KNOTS('',1,(#7240,#7241),.UNSPECIFIED.,.F.,
  .F.,(2,2),(-10.63842152295,-3.18198051534E-02),
  .PIECEWISE_BEZIER_KNOTS.);
#7240 = CARTESIAN_POINT('',(34.89,-4.8));
#7241 = CARTESIAN_POINT('',(27.39,-12.3));
#7242 = ( GEOMETRIC_REPRESENTATION_CONTEXT(2) 
PARAMETRIC_REPRESENTATION_CONTEXT() REPRESENTATION_CONTEXT('2D SPACE',''
  ) );
#7243 = PCURVE('',#4634,#7244);
#7244 = DEFINITIONAL_REPRESENTATION('',(#7245),#7248);
#7245 = B_SPLINE_CURVE_WITH_KNOTS('',1,(#7246,#7247),.UNSPECIFIED.,.F.,
  .F.,(2,2),(-10.63842152295,-3.18198051534E-02),
  .PIECEWISE_BEZIER_KNOTS.);
#7246 = CARTESIAN_POINT('',(0.,-1.000000000001E-02));
#7247 = CARTESIAN_POINT('',(10.606601717798,-1.000000000001E-02));
#7248 = ( GEOMETRIC_REPRESENTATION_CONTEXT(2) 
PARAMETRIC_REPRESENTATION_CONTEXT() REPRESENTATION_CONTEXT('2D SPACE',''
  ) );
#7249 = ORIENTED_EDGE('',*,*,#7250,.T.);
#7250 = EDGE_CURVE('',#7230,#7165,#7251,.T.);
#7251 = SURFACE_CURVE('',#7252,(#7256,#7262),.PCURVE_S1.);
#7252 = LINE('',#7253,#7254);
#7253 = CARTESIAN_POINT('',(21.0675,-7.105427357601E-15,2.3775));
#7254 = VECTOR('',#7255,1.);
#7255 = DIRECTION('',(-0.707106781187,0.,-0.707106781187));
#7256 = PCURVE('',#1821,#7257);
#7257 = DEFINITIONAL_REPRESENTATION('',(#7258),#7261);
#7258 = B_SPLINE_CURVE_WITH_KNOTS('',1,(#7259,#7260),.UNSPECIFIED.,.F.,
  .F.,(2,2),(-14.03253407264,-3.425932354849),.PIECEWISE_BEZIER_KNOTS.);
#7259 = CARTESIAN_POINT('',(27.39,-12.3));
#7260 = CARTESIAN_POINT('',(19.89,-4.8));
#7261 = ( GEOMETRIC_REPRESENTATION_CONTEXT(2) 
PARAMETRIC_REPRESENTATION_CONTEXT() REPRESENTATION_CONTEXT('2D SPACE',''
  ) );
#7262 = PCURVE('',#4658,#7263);
#7263 = DEFINITIONAL_REPRESENTATION('',(#7264),#7267);
#7264 = B_SPLINE_CURVE_WITH_KNOTS('',1,(#7265,#7266),.UNSPECIFIED.,.F.,
  .F.,(2,2),(-14.03253407264,-3.425932354849),.PIECEWISE_BEZIER_KNOTS.);
#7265 = CARTESIAN_POINT('',(0.,-1.000000000001E-02));
#7266 = CARTESIAN_POINT('',(10.606601717798,-1.000000000001E-02));
#7267 = ( GEOMETRIC_REPRESENTATION_CONTEXT(2) 
PARAMETRIC_REPRESENTATION_CONTEXT() REPRESENTATION_CONTEXT('2D SPACE',''
  ) );
#7268 = ADVANCED_FACE('',(#7269),#1794,.F.);
#7269 = FACE_BOUND('',#7270,.F.);
#7270 = EDGE_LOOP('',(#7271,#7299,#7320,#7321));
#7271 = ORIENTED_EDGE('',*,*,#7272,.F.);
#7272 = EDGE_CURVE('',#7273,#7117,#7275,.T.);
#7273 = VERTEX_POINT('',#7274);
#7274 = CARTESIAN_POINT('',(62.,3.6,0.));
#7275 = SURFACE_CURVE('',#7276,(#7281,#7288),.PCURVE_S1.);
#7276 = CIRCLE('',#7277,3.6);
#7277 = AXIS2_PLACEMENT_3D('',#7278,#7279,#7280);
#7278 = CARTESIAN_POINT('',(58.4,3.6,0.));
#7279 = DIRECTION('',(0.,0.,-1.));
#7280 = DIRECTION('',(-1.,0.,0.));
#7281 = PCURVE('',#1794,#7282);
#7282 = DEFINITIONAL_REPRESENTATION('',(#7283),#7287);
#7283 = LINE('',#7284,#7285);
#7284 = CARTESIAN_POINT('',(0.,0.));
#7285 = VECTOR('',#7286,1.);
#7286 = DIRECTION('',(1.,0.));
#7287 = ( GEOMETRIC_REPRESENTATION_CONTEXT(2) 
PARAMETRIC_REPRESENTATION_CONTEXT() REPRESENTATION_CONTEXT('2D SPACE',''
  ) );
#7288 = PCURVE('',#6847,#7289);
#7289 = DEFINITIONAL_REPRESENTATION('',(#7290),#7298);
#7290 = ( BOUNDED_CURVE() B_SPLINE_CURVE(2,(#7291,#7292,#7293,#7294,
#7295,#7296,#7297),.UNSPECIFIED.,.T.,.F.) B_SPLINE_CURVE_WITH_KNOTS((1,2
    ,2,2,2,1),(-2.094395102393,0.,2.094395102393,4.188790204786,
6.28318530718,8.377580409573),.UNSPECIFIED.) CURVE() 
GEOMETRIC_REPRESENTATION_ITEM() RATIONAL_B_SPLINE_CURVE((1.,0.5,1.,0.5,
1.,0.5,1.)) REPRESENTATION_ITEM('') );
#7291 = CARTESIAN_POINT('',(23.8,-40.85));
#7292 = CARTESIAN_POINT('',(23.8,-34.61461709275));
#7293 = CARTESIAN_POINT('',(29.2,-37.73230854637));
#7294 = CARTESIAN_POINT('',(34.6,-40.85));
#7295 = CARTESIAN_POINT('',(29.2,-43.96769145362));
#7296 = CARTESIAN_POINT('',(23.8,-47.08538290724));
#7297 = CARTESIAN_POINT('',(23.8,-40.85));
#7298 = ( GEOMETRIC_REPRESENTATION_CONTEXT(2) 
PARAMETRIC_REPRESENTATION_CONTEXT() REPRESENTATION_CONTEXT('2D SPACE',''
  ) );
#7299 = ORIENTED_EDGE('',*,*,#7300,.T.);
#7300 = EDGE_CURVE('',#7273,#1748,#7301,.T.);
#7301 = SURFACE_CURVE('',#7302,(#7306,#7313),.PCURVE_S1.);
#7302 = LINE('',#7303,#7304);
#7303 = CARTESIAN_POINT('',(62.,3.6,0.));
#7304 = VECTOR('',#7305,1.);
#7305 = DIRECTION('',(0.,0.,1.));
#7306 = PCURVE('',#1794,#7307);
#7307 = DEFINITIONAL_REPRESENTATION('',(#7308),#7312);
#7308 = LINE('',#7309,#7310);
#7309 = CARTESIAN_POINT('',(3.14159265359,0.));
#7310 = VECTOR('',#7311,1.);
#7311 = DIRECTION('',(0.,-1.));
#7312 = ( GEOMETRIC_REPRESENTATION_CONTEXT(2) 
PARAMETRIC_REPRESENTATION_CONTEXT() REPRESENTATION_CONTEXT('2D SPACE',''
  ) );
#7313 = PCURVE('',#1762,#7314);
#7314 = DEFINITIONAL_REPRESENTATION('',(#7315),#7319);
#7315 = LINE('',#7316,#7317);
#7316 = CARTESIAN_POINT('',(7.105427357601E-15,0.));
#7317 = VECTOR('',#7318,1.);
#7318 = DIRECTION('',(0.,-1.));
#7319 = ( GEOMETRIC_REPRESENTATION_CONTEXT(2) 
PARAMETRIC_REPRESENTATION_CONTEXT() REPRESENTATION_CONTEXT('2D SPACE',''
  ) );
#7320 = ORIENTED_EDGE('',*,*,#1773,.T.);
#7321 = ORIENTED_EDGE('',*,*,#7141,.F.);
#7322 = ADVANCED_FACE('',(#7323,#7418),#1762,.T.);
#7323 = FACE_BOUND('',#7324,.T.);
#7324 = EDGE_LOOP('',(#7325,#7348,#7349,#7350,#7371,#7392));
#7325 = ORIENTED_EDGE('',*,*,#7326,.F.);
#7326 = EDGE_CURVE('',#7273,#7327,#7329,.T.);
#7327 = VERTEX_POINT('',#7328);
#7328 = CARTESIAN_POINT('',(62.,85.3,0.));
#7329 = SURFACE_CURVE('',#7330,(#7334,#7341),.PCURVE_S1.);
#7330 = LINE('',#7331,#7332);
#7331 = CARTESIAN_POINT('',(62.,44.45,0.));
#7332 = VECTOR('',#7333,1.);
#7333 = DIRECTION('',(0.,1.,0.));
#7334 = PCURVE('',#1762,#7335);
#7335 = DEFINITIONAL_REPRESENTATION('',(#7336),#7340);
#7336 = LINE('',#7337,#7338);
#7337 = CARTESIAN_POINT('',(40.85,0.));
#7338 = VECTOR('',#7339,1.);
#7339 = DIRECTION('',(1.,0.));
#7340 = ( GEOMETRIC_REPRESENTATION_CONTEXT(2) 
PARAMETRIC_REPRESENTATION_CONTEXT() REPRESENTATION_CONTEXT('2D SPACE',''
  ) );
#7341 = PCURVE('',#6847,#7342);
#7342 = DEFINITIONAL_REPRESENTATION('',(#7343),#7347);
#7343 = LINE('',#7344,#7345);
#7344 = CARTESIAN_POINT('',(31.,-5.917942504985E-15));
#7345 = VECTOR('',#7346,1.);
#7346 = DIRECTION('',(0.,1.));
#7347 = ( GEOMETRIC_REPRESENTATION_CONTEXT(2) 
PARAMETRIC_REPRESENTATION_CONTEXT() REPRESENTATION_CONTEXT('2D SPACE',''
  ) );
#7348 = ORIENTED_EDGE('',*,*,#7300,.T.);
#7349 = ORIENTED_EDGE('',*,*,#1747,.F.);
#7350 = ORIENTED_EDGE('',*,*,#7351,.T.);
#7351 = EDGE_CURVE('',#1722,#7352,#7354,.T.);
#7352 = VERTEX_POINT('',#7353);
#7353 = CARTESIAN_POINT('',(62.,85.29,4.));
#7354 = SURFACE_CURVE('',#7355,(#7359,#7365),.PCURVE_S1.);
#7355 = LINE('',#7356,#7357);
#7356 = CARTESIAN_POINT('',(62.,85.29,2.));
#7357 = VECTOR('',#7358,1.);
#7358 = DIRECTION('',(0.,0.,-1.));
#7359 = PCURVE('',#1762,#7360);
#7360 = DEFINITIONAL_REPRESENTATION('',(#7361),#7364);
#7361 = B_SPLINE_CURVE_WITH_KNOTS('',1,(#7362,#7363),.UNSPECIFIED.,.F.,
  .F.,(2,2),(-22.2,-2.),.PIECEWISE_BEZIER_KNOTS.);
#7362 = CARTESIAN_POINT('',(81.69,-24.2));
#7363 = CARTESIAN_POINT('',(81.69,-4.));
#7364 = ( GEOMETRIC_REPRESENTATION_CONTEXT(2) 
PARAMETRIC_REPRESENTATION_CONTEXT() REPRESENTATION_CONTEXT('2D SPACE',''
  ) );
#7365 = PCURVE('',#1736,#7366);
#7366 = DEFINITIONAL_REPRESENTATION('',(#7367),#7370);
#7367 = B_SPLINE_CURVE_WITH_KNOTS('',1,(#7368,#7369),.UNSPECIFIED.,.F.,
  .F.,(2,2),(-22.2,-2.),.PIECEWISE_BEZIER_KNOTS.);
#7368 = CARTESIAN_POINT('',(20.2,58.5));
#7369 = CARTESIAN_POINT('',(0.,58.5));
#7370 = ( GEOMETRIC_REPRESENTATION_CONTEXT(2) 
PARAMETRIC_REPRESENTATION_CONTEXT() REPRESENTATION_CONTEXT('2D SPACE',''
  ) );
#7371 = ORIENTED_EDGE('',*,*,#7372,.T.);
#7372 = EDGE_CURVE('',#7352,#7373,#7375,.T.);
#7373 = VERTEX_POINT('',#7374);
#7374 = CARTESIAN_POINT('',(62.,85.3,4.));
#7375 = SURFACE_CURVE('',#7376,(#7380,#7386),.PCURVE_S1.);
#7376 = LINE('',#7377,#7378);
#7377 = CARTESIAN_POINT('',(62.,44.445,4.));
#7378 = VECTOR('',#7379,1.);
#7379 = DIRECTION('',(0.,1.,-0.));
#7380 = PCURVE('',#1762,#7381);
#7381 = DEFINITIONAL_REPRESENTATION('',(#7382),#7385);
#7382 = B_SPLINE_CURVE_WITH_KNOTS('',1,(#7383,#7384),.UNSPECIFIED.,.F.,
  .F.,(2,2),(40.845,40.855),.PIECEWISE_BEZIER_KNOTS.);
#7383 = CARTESIAN_POINT('',(81.69,-4.));
#7384 = CARTESIAN_POINT('',(81.7,-4.));
#7385 = ( GEOMETRIC_REPRESENTATION_CONTEXT(2) 
PARAMETRIC_REPRESENTATION_CONTEXT() REPRESENTATION_CONTEXT('2D SPACE',''
  ) );
#7386 = PCURVE('',#2044,#7387);
#7387 = DEFINITIONAL_REPRESENTATION('',(#7388),#7391);
#7388 = B_SPLINE_CURVE_WITH_KNOTS('',1,(#7389,#7390),.UNSPECIFIED.,.F.,
  .F.,(2,2),(40.845,40.855),.PIECEWISE_BEZIER_KNOTS.);
#7389 = CARTESIAN_POINT('',(58.5,0.));
#7390 = CARTESIAN_POINT('',(58.5,9.999999999991E-03));
#7391 = ( GEOMETRIC_REPRESENTATION_CONTEXT(2) 
PARAMETRIC_REPRESENTATION_CONTEXT() REPRESENTATION_CONTEXT('2D SPACE',''
  ) );
#7392 = ORIENTED_EDGE('',*,*,#7393,.F.);
#7393 = EDGE_CURVE('',#7327,#7373,#7394,.T.);
#7394 = SURFACE_CURVE('',#7395,(#7399,#7406),.PCURVE_S1.);
#7395 = LINE('',#7396,#7397);
#7396 = CARTESIAN_POINT('',(62.,85.3,0.));
#7397 = VECTOR('',#7398,1.);
#7398 = DIRECTION('',(0.,0.,1.));
#7399 = PCURVE('',#1762,#7400);
#7400 = DEFINITIONAL_REPRESENTATION('',(#7401),#7405);
#7401 = LINE('',#7402,#7403);
#7402 = CARTESIAN_POINT('',(81.7,0.));
#7403 = VECTOR('',#7404,1.);
#7404 = DIRECTION('',(0.,-1.));
#7405 = ( GEOMETRIC_REPRESENTATION_CONTEXT(2) 
PARAMETRIC_REPRESENTATION_CONTEXT() REPRESENTATION_CONTEXT('2D SPACE',''
  ) );
#7406 = PCURVE('',#7407,#7412);
#7407 = CYLINDRICAL_SURFACE('',#7408,3.6);
#7408 = AXIS2_PLACEMENT_3D('',#7409,#7410,#7411);
#7409 = CARTESIAN_POINT('',(58.4,85.3,0.));
#7410 = DIRECTION('',(0.,0.,-1.));
#7411 = DIRECTION('',(-1.,0.,0.));
#7412 = DEFINITIONAL_REPRESENTATION('',(#7413),#7417);
#7413 = LINE('',#7414,#7415);
#7414 = CARTESIAN_POINT('',(3.14159265359,0.));
#7415 = VECTOR('',#7416,1.);
#7416 = DIRECTION('',(0.,-1.));
#7417 = ( GEOMETRIC_REPRESENTATION_CONTEXT(2) 
PARAMETRIC_REPRESENTATION_CONTEXT() REPRESENTATION_CONTEXT('2D SPACE',''
  ) );
#7418 = FACE_BOUND('',#7419,.T.);
#7419 = EDGE_LOOP('',(#7420,#7448,#7474,#7500,#7526));
#7420 = ORIENTED_EDGE('',*,*,#7421,.T.);
#7421 = EDGE_CURVE('',#7422,#7424,#7426,.T.);
#7422 = VERTEX_POINT('',#7423);
#7423 = CARTESIAN_POINT('',(62.,7.5,12.1));
#7424 = VERTEX_POINT('',#7425);
#7425 = CARTESIAN_POINT('',(62.,7.5,4.1));
#7426 = SURFACE_CURVE('',#7427,(#7431,#7437),.PCURVE_S1.);
#7427 = LINE('',#7428,#7429);
#7428 = CARTESIAN_POINT('',(62.,7.5,6.05));
#7429 = VECTOR('',#7430,1.);
#7430 = DIRECTION('',(0.,0.,-1.));
#7431 = PCURVE('',#1762,#7432);
#7432 = DEFINITIONAL_REPRESENTATION('',(#7433),#7436);
#7433 = B_SPLINE_CURVE_WITH_KNOTS('',1,(#7434,#7435),.UNSPECIFIED.,.F.,
  .F.,(2,2),(-6.05,1.95),.PIECEWISE_BEZIER_KNOTS.);
#7434 = CARTESIAN_POINT('',(3.9,-12.1));
#7435 = CARTESIAN_POINT('',(3.9,-4.1));
#7436 = ( GEOMETRIC_REPRESENTATION_CONTEXT(2) 
PARAMETRIC_REPRESENTATION_CONTEXT() REPRESENTATION_CONTEXT('2D SPACE',''
  ) );
#7437 = PCURVE('',#7438,#7443);
#7438 = PLANE('',#7439);
#7439 = AXIS2_PLACEMENT_3D('',#7440,#7441,#7442);
#7440 = CARTESIAN_POINT('',(61.99,7.5,12.1));
#7441 = DIRECTION('',(-0.,1.,0.));
#7442 = DIRECTION('',(0.,0.,-1.));
#7443 = DEFINITIONAL_REPRESENTATION('',(#7444),#7447);
#7444 = B_SPLINE_CURVE_WITH_KNOTS('',1,(#7445,#7446),.UNSPECIFIED.,.F.,
  .F.,(2,2),(-6.05,1.95),.PIECEWISE_BEZIER_KNOTS.);
#7445 = CARTESIAN_POINT('',(0.,-9.999999999998E-03));
#7446 = CARTESIAN_POINT('',(8.,-9.999999999998E-03));
#7447 = ( GEOMETRIC_REPRESENTATION_CONTEXT(2) 
PARAMETRIC_REPRESENTATION_CONTEXT() REPRESENTATION_CONTEXT('2D SPACE',''
  ) );
#7448 = ORIENTED_EDGE('',*,*,#7449,.T.);
#7449 = EDGE_CURVE('',#7424,#7450,#7452,.T.);
#7450 = VERTEX_POINT('',#7451);
#7451 = CARTESIAN_POINT('',(62.,20.5,4.1));
#7452 = SURFACE_CURVE('',#7453,(#7457,#7463),.PCURVE_S1.);
#7453 = LINE('',#7454,#7455);
#7454 = CARTESIAN_POINT('',(62.,5.55,4.1));
#7455 = VECTOR('',#7456,1.);
#7456 = DIRECTION('',(0.,1.,-0.));
#7457 = PCURVE('',#1762,#7458);
#7458 = DEFINITIONAL_REPRESENTATION('',(#7459),#7462);
#7459 = B_SPLINE_CURVE_WITH_KNOTS('',1,(#7460,#7461),.UNSPECIFIED.,.F.,
  .F.,(2,2),(1.95,14.95),.PIECEWISE_BEZIER_KNOTS.);
#7460 = CARTESIAN_POINT('',(3.9,-4.1));
#7461 = CARTESIAN_POINT('',(16.9,-4.1));
#7462 = ( GEOMETRIC_REPRESENTATION_CONTEXT(2) 
PARAMETRIC_REPRESENTATION_CONTEXT() REPRESENTATION_CONTEXT('2D SPACE',''
  ) );
#7463 = PCURVE('',#7464,#7469);
#7464 = PLANE('',#7465);
#7465 = AXIS2_PLACEMENT_3D('',#7466,#7467,#7468);
#7466 = CARTESIAN_POINT('',(61.99,7.5,4.1));
#7467 = DIRECTION('',(0.,0.,1.));
#7468 = DIRECTION('',(0.,1.,0.));
#7469 = DEFINITIONAL_REPRESENTATION('',(#7470),#7473);
#7470 = B_SPLINE_CURVE_WITH_KNOTS('',1,(#7471,#7472),.UNSPECIFIED.,.F.,
  .F.,(2,2),(1.95,14.95),.PIECEWISE_BEZIER_KNOTS.);
#7471 = CARTESIAN_POINT('',(0.,-9.999999999998E-03));
#7472 = CARTESIAN_POINT('',(13.,-9.999999999998E-03));
#7473 = ( GEOMETRIC_REPRESENTATION_CONTEXT(2) 
PARAMETRIC_REPRESENTATION_CONTEXT() REPRESENTATION_CONTEXT('2D SPACE',''
  ) );
#7474 = ORIENTED_EDGE('',*,*,#7475,.T.);
#7475 = EDGE_CURVE('',#7450,#7476,#7478,.T.);
#7476 = VERTEX_POINT('',#7477);
#7477 = CARTESIAN_POINT('',(62.,20.5,12.1));
#7478 = SURFACE_CURVE('',#7479,(#7483,#7489),.PCURVE_S1.);
#7479 = LINE('',#7480,#7481);
#7480 = CARTESIAN_POINT('',(62.,20.5,2.05));
#7481 = VECTOR('',#7482,1.);
#7482 = DIRECTION('',(0.,0.,1.));
#7483 = PCURVE('',#1762,#7484);
#7484 = DEFINITIONAL_REPRESENTATION('',(#7485),#7488);
#7485 = B_SPLINE_CURVE_WITH_KNOTS('',1,(#7486,#7487),.UNSPECIFIED.,.F.,
  .F.,(2,2),(2.05,10.05),.PIECEWISE_BEZIER_KNOTS.);
#7486 = CARTESIAN_POINT('',(16.9,-4.1));
#7487 = CARTESIAN_POINT('',(16.9,-12.1));
#7488 = ( GEOMETRIC_REPRESENTATION_CONTEXT(2) 
PARAMETRIC_REPRESENTATION_CONTEXT() REPRESENTATION_CONTEXT('2D SPACE',''
  ) );
#7489 = PCURVE('',#7490,#7495);
#7490 = PLANE('',#7491);
#7491 = AXIS2_PLACEMENT_3D('',#7492,#7493,#7494);
#7492 = CARTESIAN_POINT('',(61.99,20.5,4.1));
#7493 = DIRECTION('',(0.,-1.,0.));
#7494 = DIRECTION('',(0.,0.,1.));
#7495 = DEFINITIONAL_REPRESENTATION('',(#7496),#7499);
#7496 = B_SPLINE_CURVE_WITH_KNOTS('',1,(#7497,#7498),.UNSPECIFIED.,.F.,
  .F.,(2,2),(2.05,10.05),.PIECEWISE_BEZIER_KNOTS.);
#7497 = CARTESIAN_POINT('',(0.,-9.999999999998E-03));
#7498 = CARTESIAN_POINT('',(8.,-9.999999999998E-03));
#7499 = ( GEOMETRIC_REPRESENTATION_CONTEXT(2) 
PARAMETRIC_REPRESENTATION_CONTEXT() REPRESENTATION_CONTEXT('2D SPACE',''
  ) );
#7500 = ORIENTED_EDGE('',*,*,#7501,.T.);
#7501 = EDGE_CURVE('',#7476,#7502,#7504,.T.);
#7502 = VERTEX_POINT('',#7503);
#7503 = CARTESIAN_POINT('',(62.,14.,18.6));
#7504 = SURFACE_CURVE('',#7505,(#7509,#7515),.PCURVE_S1.);
#7505 = LINE('',#7506,#7507);
#7506 = CARTESIAN_POINT('',(62.,19.3,13.3));
#7507 = VECTOR('',#7508,1.);
#7508 = DIRECTION('',(0.,-0.707106781187,0.707106781187));
#7509 = PCURVE('',#1762,#7510);
#7510 = DEFINITIONAL_REPRESENTATION('',(#7511),#7514);
#7511 = B_SPLINE_CURVE_WITH_KNOTS('',1,(#7512,#7513),.UNSPECIFIED.,.F.,
  .F.,(2,2),(-1.697056274848,7.495331880577),.PIECEWISE_BEZIER_KNOTS.);
#7512 = CARTESIAN_POINT('',(16.9,-12.1));
#7513 = CARTESIAN_POINT('',(10.4,-18.6));
#7514 = ( GEOMETRIC_REPRESENTATION_CONTEXT(2) 
PARAMETRIC_REPRESENTATION_CONTEXT() REPRESENTATION_CONTEXT('2D SPACE',''
  ) );
#7515 = PCURVE('',#7516,#7521);
#7516 = PLANE('',#7517);
#7517 = AXIS2_PLACEMENT_3D('',#7518,#7519,#7520);
#7518 = CARTESIAN_POINT('',(61.99,20.5,12.1));
#7519 = DIRECTION('',(0.,-0.707106781187,-0.707106781187));
#7520 = DIRECTION('',(0.,-0.707106781187,0.707106781187));
#7521 = DEFINITIONAL_REPRESENTATION('',(#7522),#7525);
#7522 = B_SPLINE_CURVE_WITH_KNOTS('',1,(#7523,#7524),.UNSPECIFIED.,.F.,
  .F.,(2,2),(-1.697056274848,7.495331880577),.PIECEWISE_BEZIER_KNOTS.);
#7523 = CARTESIAN_POINT('',(0.,-9.999999999998E-03));
#7524 = CARTESIAN_POINT('',(9.192388155425,-9.999999999998E-03));
#7525 = ( GEOMETRIC_REPRESENTATION_CONTEXT(2) 
PARAMETRIC_REPRESENTATION_CONTEXT() REPRESENTATION_CONTEXT('2D SPACE',''
  ) );
#7526 = ORIENTED_EDGE('',*,*,#7527,.T.);
#7527 = EDGE_CURVE('',#7502,#7422,#7528,.T.);
#7528 = SURFACE_CURVE('',#7529,(#7533,#7539),.PCURVE_S1.);
#7529 = LINE('',#7530,#7531);
#7530 = CARTESIAN_POINT('',(62.,6.75,11.35));
#7531 = VECTOR('',#7532,1.);
#7532 = DIRECTION('',(-0.,-0.707106781187,-0.707106781187));
#7533 = PCURVE('',#1762,#7534);
#7534 = DEFINITIONAL_REPRESENTATION('',(#7535),#7538);
#7535 = B_SPLINE_CURVE_WITH_KNOTS('',1,(#7536,#7537),.UNSPECIFIED.,.F.,
  .F.,(2,2),(-10.2530483272,-1.06066017178),.PIECEWISE_BEZIER_KNOTS.);
#7536 = CARTESIAN_POINT('',(10.4,-18.6));
#7537 = CARTESIAN_POINT('',(3.9,-12.1));
#7538 = ( GEOMETRIC_REPRESENTATION_CONTEXT(2) 
PARAMETRIC_REPRESENTATION_CONTEXT() REPRESENTATION_CONTEXT('2D SPACE',''
  ) );
#7539 = PCURVE('',#7540,#7545);
#7540 = PLANE('',#7541);
#7541 = AXIS2_PLACEMENT_3D('',#7542,#7543,#7544);
#7542 = CARTESIAN_POINT('',(61.99,14.,18.6));
#7543 = DIRECTION('',(0.,0.707106781187,-0.707106781187));
#7544 = DIRECTION('',(0.,-0.707106781187,-0.707106781187));
#7545 = DEFINITIONAL_REPRESENTATION('',(#7546),#7549);
#7546 = B_SPLINE_CURVE_WITH_KNOTS('',1,(#7547,#7548),.UNSPECIFIED.,.F.,
  .F.,(2,2),(-10.2530483272,-1.06066017178),.PIECEWISE_BEZIER_KNOTS.);
#7547 = CARTESIAN_POINT('',(0.,-9.999999999998E-03));
#7548 = CARTESIAN_POINT('',(9.192388155425,-9.999999999998E-03));
#7549 = ( GEOMETRIC_REPRESENTATION_CONTEXT(2) 
PARAMETRIC_REPRESENTATION_CONTEXT() REPRESENTATION_CONTEXT('2D SPACE',''
  ) );
#7550 = ADVANCED_FACE('',(#7551),#1736,.T.);
#7551 = FACE_BOUND('',#7552,.T.);
#7552 = EDGE_LOOP('',(#7553,#7576,#7577,#7578));
#7553 = ORIENTED_EDGE('',*,*,#7554,.F.);
#7554 = EDGE_CURVE('',#7352,#7555,#7557,.T.);
#7555 = VERTEX_POINT('',#7556);
#7556 = CARTESIAN_POINT('',(64.4,85.29,4.));
#7557 = SURFACE_CURVE('',#7558,(#7562,#7569),.PCURVE_S1.);
#7558 = LINE('',#7559,#7560);
#7559 = CARTESIAN_POINT('',(3.5,85.29,4.));
#7560 = VECTOR('',#7561,1.);
#7561 = DIRECTION('',(1.,0.,-0.));
#7562 = PCURVE('',#1736,#7563);
#7563 = DEFINITIONAL_REPRESENTATION('',(#7564),#7568);
#7564 = LINE('',#7565,#7566);
#7565 = CARTESIAN_POINT('',(0.,0.));
#7566 = VECTOR('',#7567,1.);
#7567 = DIRECTION('',(0.,1.));
#7568 = ( GEOMETRIC_REPRESENTATION_CONTEXT(2) 
PARAMETRIC_REPRESENTATION_CONTEXT() REPRESENTATION_CONTEXT('2D SPACE',''
  ) );
#7569 = PCURVE('',#2044,#7570);
#7570 = DEFINITIONAL_REPRESENTATION('',(#7571),#7575);
#7571 = LINE('',#7572,#7573);
#7572 = CARTESIAN_POINT('',(0.,0.));
#7573 = VECTOR('',#7574,1.);
#7574 = DIRECTION('',(1.,0.));
#7575 = ( GEOMETRIC_REPRESENTATION_CONTEXT(2) 
PARAMETRIC_REPRESENTATION_CONTEXT() REPRESENTATION_CONTEXT('2D SPACE',''
  ) );
#7576 = ORIENTED_EDGE('',*,*,#7351,.F.);
#7577 = ORIENTED_EDGE('',*,*,#1721,.F.);
#7578 = ORIENTED_EDGE('',*,*,#7579,.T.);
#7579 = EDGE_CURVE('',#1694,#7555,#7580,.T.);
#7580 = SURFACE_CURVE('',#7581,(#7585,#7591),.PCURVE_S1.);
#7581 = LINE('',#7582,#7583);
#7582 = CARTESIAN_POINT('',(64.4,85.29,0.8));
#7583 = VECTOR('',#7584,1.);
#7584 = DIRECTION('',(0.,0.,-1.));
#7585 = PCURVE('',#1736,#7586);
#7586 = DEFINITIONAL_REPRESENTATION('',(#7587),#7590);
#7587 = B_SPLINE_CURVE_WITH_KNOTS('',1,(#7588,#7589),.UNSPECIFIED.,.F.,
  .F.,(2,2),(-23.4,-3.2),.PIECEWISE_BEZIER_KNOTS.);
#7588 = CARTESIAN_POINT('',(20.2,60.9));
#7589 = CARTESIAN_POINT('',(0.,60.9));
#7590 = ( GEOMETRIC_REPRESENTATION_CONTEXT(2) 
PARAMETRIC_REPRESENTATION_CONTEXT() REPRESENTATION_CONTEXT('2D SPACE',''
  ) );
#7591 = PCURVE('',#1709,#7592);
#7592 = DEFINITIONAL_REPRESENTATION('',(#7593),#7596);
#7593 = B_SPLINE_CURVE_WITH_KNOTS('',1,(#7594,#7595),.UNSPECIFIED.,.F.,
  .F.,(2,2),(-23.4,-3.2),.PIECEWISE_BEZIER_KNOTS.);
#7594 = CARTESIAN_POINT('',(81.69,-26.6));
#7595 = CARTESIAN_POINT('',(81.69,-6.4));
#7596 = ( GEOMETRIC_REPRESENTATION_CONTEXT(2) 
PARAMETRIC_REPRESENTATION_CONTEXT() REPRESENTATION_CONTEXT('2D SPACE',''
  ) );
#7597 = ADVANCED_FACE('',(#7598,#7695),#1709,.F.);
#7598 = FACE_BOUND('',#7599,.F.);
#7599 = EDGE_LOOP('',(#7600,#7625,#7646,#7647,#7648,#7669));
#7600 = ORIENTED_EDGE('',*,*,#7601,.T.);
#7601 = EDGE_CURVE('',#7602,#7604,#7606,.T.);
#7602 = VERTEX_POINT('',#7603);
#7603 = CARTESIAN_POINT('',(64.4,85.3,-1.6));
#7604 = VERTEX_POINT('',#7605);
#7605 = CARTESIAN_POINT('',(64.4,3.6,-1.6));
#7606 = SURFACE_CURVE('',#7607,(#7611,#7618),.PCURVE_S1.);
#7607 = LINE('',#7608,#7609);
#7608 = CARTESIAN_POINT('',(64.4,85.3,-1.6));
#7609 = VECTOR('',#7610,1.);
#7610 = DIRECTION('',(-0.,-1.,-0.));
#7611 = PCURVE('',#1709,#7612);
#7612 = DEFINITIONAL_REPRESENTATION('',(#7613),#7617);
#7613 = LINE('',#7614,#7615);
#7614 = CARTESIAN_POINT('',(81.7,-0.8));
#7615 = VECTOR('',#7616,1.);
#7616 = DIRECTION('',(-1.,0.));
#7617 = ( GEOMETRIC_REPRESENTATION_CONTEXT(2) 
PARAMETRIC_REPRESENTATION_CONTEXT() REPRESENTATION_CONTEXT('2D SPACE',''
  ) );
#7618 = PCURVE('',#4746,#7619);
#7619 = DEFINITIONAL_REPRESENTATION('',(#7620),#7624);
#7620 = LINE('',#7621,#7622);
#7621 = CARTESIAN_POINT('',(0.,-0.565685424949));
#7622 = VECTOR('',#7623,1.);
#7623 = DIRECTION('',(1.,0.));
#7624 = ( GEOMETRIC_REPRESENTATION_CONTEXT(2) 
PARAMETRIC_REPRESENTATION_CONTEXT() REPRESENTATION_CONTEXT('2D SPACE',''
  ) );
#7625 = ORIENTED_EDGE('',*,*,#7626,.T.);
#7626 = EDGE_CURVE('',#7604,#1665,#7627,.T.);
#7627 = SURFACE_CURVE('',#7628,(#7632,#7639),.PCURVE_S1.);
#7628 = LINE('',#7629,#7630);
#7629 = CARTESIAN_POINT('',(64.4,3.6,-2.4));
#7630 = VECTOR('',#7631,1.);
#7631 = DIRECTION('',(0.,0.,1.));
#7632 = PCURVE('',#1709,#7633);
#7633 = DEFINITIONAL_REPRESENTATION('',(#7634),#7638);
#7634 = LINE('',#7635,#7636);
#7635 = CARTESIAN_POINT('',(0.,0.));
#7636 = VECTOR('',#7637,1.);
#7637 = DIRECTION('',(0.,-1.));
#7638 = ( GEOMETRIC_REPRESENTATION_CONTEXT(2) 
PARAMETRIC_REPRESENTATION_CONTEXT() REPRESENTATION_CONTEXT('2D SPACE',''
  ) );
#7639 = PCURVE('',#1681,#7640);
#7640 = DEFINITIONAL_REPRESENTATION('',(#7641),#7645);
#7641 = LINE('',#7642,#7643);
#7642 = CARTESIAN_POINT('',(-6.28318530718,0.));
#7643 = VECTOR('',#7644,1.);
#7644 = DIRECTION('',(-0.,-1.));
#7645 = ( GEOMETRIC_REPRESENTATION_CONTEXT(2) 
PARAMETRIC_REPRESENTATION_CONTEXT() REPRESENTATION_CONTEXT('2D SPACE',''
  ) );
#7646 = ORIENTED_EDGE('',*,*,#1693,.T.);
#7647 = ORIENTED_EDGE('',*,*,#7579,.T.);
#7648 = ORIENTED_EDGE('',*,*,#7649,.T.);
#7649 = EDGE_CURVE('',#7555,#7650,#7652,.T.);
#7650 = VERTEX_POINT('',#7651);
#7651 = CARTESIAN_POINT('',(64.4,85.3,4.));
#7652 = SURFACE_CURVE('',#7653,(#7657,#7663),.PCURVE_S1.);
#7653 = LINE('',#7654,#7655);
#7654 = CARTESIAN_POINT('',(64.4,44.445,4.));
#7655 = VECTOR('',#7656,1.);
#7656 = DIRECTION('',(0.,1.,-0.));
#7657 = PCURVE('',#1709,#7658);
#7658 = DEFINITIONAL_REPRESENTATION('',(#7659),#7662);
#7659 = B_SPLINE_CURVE_WITH_KNOTS('',1,(#7660,#7661),.UNSPECIFIED.,.F.,
  .F.,(2,2),(40.845,40.855),.PIECEWISE_BEZIER_KNOTS.);
#7660 = CARTESIAN_POINT('',(81.69,-6.4));
#7661 = CARTESIAN_POINT('',(81.7,-6.4));
#7662 = ( GEOMETRIC_REPRESENTATION_CONTEXT(2) 
PARAMETRIC_REPRESENTATION_CONTEXT() REPRESENTATION_CONTEXT('2D SPACE',''
  ) );
#7663 = PCURVE('',#2044,#7664);
#7664 = DEFINITIONAL_REPRESENTATION('',(#7665),#7668);
#7665 = B_SPLINE_CURVE_WITH_KNOTS('',1,(#7666,#7667),.UNSPECIFIED.,.F.,
  .F.,(2,2),(40.845,40.855),.PIECEWISE_BEZIER_KNOTS.);
#7666 = CARTESIAN_POINT('',(60.9,0.));
#7667 = CARTESIAN_POINT('',(60.9,1.000000000001E-02));
#7668 = ( GEOMETRIC_REPRESENTATION_CONTEXT(2) 
PARAMETRIC_REPRESENTATION_CONTEXT() REPRESENTATION_CONTEXT('2D SPACE',''
  ) );
#7669 = ORIENTED_EDGE('',*,*,#7670,.F.);
#7670 = EDGE_CURVE('',#7602,#7650,#7671,.T.);
#7671 = SURFACE_CURVE('',#7672,(#7676,#7683),.PCURVE_S1.);
#7672 = LINE('',#7673,#7674);
#7673 = CARTESIAN_POINT('',(64.4,85.3,-2.4));
#7674 = VECTOR('',#7675,1.);
#7675 = DIRECTION('',(0.,0.,1.));
#7676 = PCURVE('',#1709,#7677);
#7677 = DEFINITIONAL_REPRESENTATION('',(#7678),#7682);
#7678 = LINE('',#7679,#7680);
#7679 = CARTESIAN_POINT('',(81.7,0.));
#7680 = VECTOR('',#7681,1.);
#7681 = DIRECTION('',(0.,-1.));
#7682 = ( GEOMETRIC_REPRESENTATION_CONTEXT(2) 
PARAMETRIC_REPRESENTATION_CONTEXT() REPRESENTATION_CONTEXT('2D SPACE',''
  ) );
#7683 = PCURVE('',#7684,#7689);
#7684 = CYLINDRICAL_SURFACE('',#7685,6.);
#7685 = AXIS2_PLACEMENT_3D('',#7686,#7687,#7688);
#7686 = CARTESIAN_POINT('',(58.4,85.3,-2.4));
#7687 = DIRECTION('',(-0.,-0.,-1.));
#7688 = DIRECTION('',(1.,0.,0.));
#7689 = DEFINITIONAL_REPRESENTATION('',(#7690),#7694);
#7690 = LINE('',#7691,#7692);
#7691 = CARTESIAN_POINT('',(-0.,0.));
#7692 = VECTOR('',#7693,1.);
#7693 = DIRECTION('',(-0.,-1.));
#7694 = ( GEOMETRIC_REPRESENTATION_CONTEXT(2) 
PARAMETRIC_REPRESENTATION_CONTEXT() REPRESENTATION_CONTEXT('2D SPACE',''
  ) );
#7695 = FACE_BOUND('',#7696,.F.);
#7696 = EDGE_LOOP('',(#7697,#7720,#7741,#7762,#7783));
#7697 = ORIENTED_EDGE('',*,*,#7698,.T.);
#7698 = EDGE_CURVE('',#7699,#7701,#7703,.T.);
#7699 = VERTEX_POINT('',#7700);
#7700 = CARTESIAN_POINT('',(64.4,7.5,12.1));
#7701 = VERTEX_POINT('',#7702);
#7702 = CARTESIAN_POINT('',(64.4,7.5,4.1));
#7703 = SURFACE_CURVE('',#7704,(#7708,#7714),.PCURVE_S1.);
#7704 = LINE('',#7705,#7706);
#7705 = CARTESIAN_POINT('',(64.4,7.5,4.85));
#7706 = VECTOR('',#7707,1.);
#7707 = DIRECTION('',(0.,0.,-1.));
#7708 = PCURVE('',#1709,#7709);
#7709 = DEFINITIONAL_REPRESENTATION('',(#7710),#7713);
#7710 = B_SPLINE_CURVE_WITH_KNOTS('',1,(#7711,#7712),.UNSPECIFIED.,.F.,
  .F.,(2,2),(-7.25,0.75),.PIECEWISE_BEZIER_KNOTS.);
#7711 = CARTESIAN_POINT('',(3.9,-14.5));
#7712 = CARTESIAN_POINT('',(3.9,-6.5));
#7713 = ( GEOMETRIC_REPRESENTATION_CONTEXT(2) 
PARAMETRIC_REPRESENTATION_CONTEXT() REPRESENTATION_CONTEXT('2D SPACE',''
  ) );
#7714 = PCURVE('',#7438,#7715);
#7715 = DEFINITIONAL_REPRESENTATION('',(#7716),#7719);
#7716 = B_SPLINE_CURVE_WITH_KNOTS('',1,(#7717,#7718),.UNSPECIFIED.,.F.,
  .F.,(2,2),(-7.25,0.75),.PIECEWISE_BEZIER_KNOTS.);
#7717 = CARTESIAN_POINT('',(0.,-2.41));
#7718 = CARTESIAN_POINT('',(8.,-2.41));
#7719 = ( GEOMETRIC_REPRESENTATION_CONTEXT(2) 
PARAMETRIC_REPRESENTATION_CONTEXT() REPRESENTATION_CONTEXT('2D SPACE',''
  ) );
#7720 = ORIENTED_EDGE('',*,*,#7721,.T.);
#7721 = EDGE_CURVE('',#7701,#7722,#7724,.T.);
#7722 = VERTEX_POINT('',#7723);
#7723 = CARTESIAN_POINT('',(64.4,20.5,4.1));
#7724 = SURFACE_CURVE('',#7725,(#7729,#7735),.PCURVE_S1.);
#7725 = LINE('',#7726,#7727);
#7726 = CARTESIAN_POINT('',(64.4,5.55,4.1));
#7727 = VECTOR('',#7728,1.);
#7728 = DIRECTION('',(0.,1.,-0.));
#7729 = PCURVE('',#1709,#7730);
#7730 = DEFINITIONAL_REPRESENTATION('',(#7731),#7734);
#7731 = B_SPLINE_CURVE_WITH_KNOTS('',1,(#7732,#7733),.UNSPECIFIED.,.F.,
  .F.,(2,2),(1.95,14.95),.PIECEWISE_BEZIER_KNOTS.);
#7732 = CARTESIAN_POINT('',(3.9,-6.5));
#7733 = CARTESIAN_POINT('',(16.9,-6.5));
#7734 = ( GEOMETRIC_REPRESENTATION_CONTEXT(2) 
PARAMETRIC_REPRESENTATION_CONTEXT() REPRESENTATION_CONTEXT('2D SPACE',''
  ) );
#7735 = PCURVE('',#7464,#7736);
#7736 = DEFINITIONAL_REPRESENTATION('',(#7737),#7740);
#7737 = B_SPLINE_CURVE_WITH_KNOTS('',1,(#7738,#7739),.UNSPECIFIED.,.F.,
  .F.,(2,2),(1.95,14.95),.PIECEWISE_BEZIER_KNOTS.);
#7738 = CARTESIAN_POINT('',(0.,-2.41));
#7739 = CARTESIAN_POINT('',(13.,-2.41));
#7740 = ( GEOMETRIC_REPRESENTATION_CONTEXT(2) 
PARAMETRIC_REPRESENTATION_CONTEXT() REPRESENTATION_CONTEXT('2D SPACE',''
  ) );
#7741 = ORIENTED_EDGE('',*,*,#7742,.T.);
#7742 = EDGE_CURVE('',#7722,#7743,#7745,.T.);
#7743 = VERTEX_POINT('',#7744);
#7744 = CARTESIAN_POINT('',(64.4,20.5,12.1));
#7745 = SURFACE_CURVE('',#7746,(#7750,#7756),.PCURVE_S1.);
#7746 = LINE('',#7747,#7748);
#7747 = CARTESIAN_POINT('',(64.4,20.5,0.85));
#7748 = VECTOR('',#7749,1.);
#7749 = DIRECTION('',(0.,0.,1.));
#7750 = PCURVE('',#1709,#7751);
#7751 = DEFINITIONAL_REPRESENTATION('',(#7752),#7755);
#7752 = B_SPLINE_CURVE_WITH_KNOTS('',1,(#7753,#7754),.UNSPECIFIED.,.F.,
  .F.,(2,2),(3.25,11.25),.PIECEWISE_BEZIER_KNOTS.);
#7753 = CARTESIAN_POINT('',(16.9,-6.5));
#7754 = CARTESIAN_POINT('',(16.9,-14.5));
#7755 = ( GEOMETRIC_REPRESENTATION_CONTEXT(2) 
PARAMETRIC_REPRESENTATION_CONTEXT() REPRESENTATION_CONTEXT('2D SPACE',''
  ) );
#7756 = PCURVE('',#7490,#7757);
#7757 = DEFINITIONAL_REPRESENTATION('',(#7758),#7761);
#7758 = B_SPLINE_CURVE_WITH_KNOTS('',1,(#7759,#7760),.UNSPECIFIED.,.F.,
  .F.,(2,2),(3.25,11.25),.PIECEWISE_BEZIER_KNOTS.);
#7759 = CARTESIAN_POINT('',(0.,-2.41));
#7760 = CARTESIAN_POINT('',(8.,-2.41));
#7761 = ( GEOMETRIC_REPRESENTATION_CONTEXT(2) 
PARAMETRIC_REPRESENTATION_CONTEXT() REPRESENTATION_CONTEXT('2D SPACE',''
  ) );
#7762 = ORIENTED_EDGE('',*,*,#7763,.T.);
#7763 = EDGE_CURVE('',#7743,#7764,#7766,.T.);
#7764 = VERTEX_POINT('',#7765);
#7765 = CARTESIAN_POINT('',(64.4,14.,18.6));
#7766 = SURFACE_CURVE('',#7767,(#7771,#7777),.PCURVE_S1.);
#7767 = LINE('',#7768,#7769);
#7768 = CARTESIAN_POINT('',(64.4,19.9,12.7));
#7769 = VECTOR('',#7770,1.);
#7770 = DIRECTION('',(0.,-0.707106781187,0.707106781187));
#7771 = PCURVE('',#1709,#7772);
#7772 = DEFINITIONAL_REPRESENTATION('',(#7773),#7776);
#7773 = B_SPLINE_CURVE_WITH_KNOTS('',1,(#7774,#7775),.UNSPECIFIED.,.F.,
  .F.,(2,2),(-0.848528137424,8.343860018001),.PIECEWISE_BEZIER_KNOTS.);
#7774 = CARTESIAN_POINT('',(16.9,-14.5));
#7775 = CARTESIAN_POINT('',(10.4,-21.));
#7776 = ( GEOMETRIC_REPRESENTATION_CONTEXT(2) 
PARAMETRIC_REPRESENTATION_CONTEXT() REPRESENTATION_CONTEXT('2D SPACE',''
  ) );
#7777 = PCURVE('',#7516,#7778);
#7778 = DEFINITIONAL_REPRESENTATION('',(#7779),#7782);
#7779 = B_SPLINE_CURVE_WITH_KNOTS('',1,(#7780,#7781),.UNSPECIFIED.,.F.,
  .F.,(2,2),(-0.848528137424,8.343860018001),.PIECEWISE_BEZIER_KNOTS.);
#7780 = CARTESIAN_POINT('',(0.,-2.41));
#7781 = CARTESIAN_POINT('',(9.192388155425,-2.41));
#7782 = ( GEOMETRIC_REPRESENTATION_CONTEXT(2) 
PARAMETRIC_REPRESENTATION_CONTEXT() REPRESENTATION_CONTEXT('2D SPACE',''
  ) );
#7783 = ORIENTED_EDGE('',*,*,#7784,.T.);
#7784 = EDGE_CURVE('',#7764,#7699,#7785,.T.);
#7785 = SURFACE_CURVE('',#7786,(#7790,#7796),.PCURVE_S1.);
#7786 = LINE('',#7787,#7788);
#7787 = CARTESIAN_POINT('',(64.4,6.15,10.75));
#7788 = VECTOR('',#7789,1.);
#7789 = DIRECTION('',(-0.,-0.707106781187,-0.707106781187));
#7790 = PCURVE('',#1709,#7791);
#7791 = DEFINITIONAL_REPRESENTATION('',(#7792),#7795);
#7792 = B_SPLINE_CURVE_WITH_KNOTS('',1,(#7793,#7794),.UNSPECIFIED.,.F.,
  .F.,(2,2),(-11.10157646462,-1.909188309204),.PIECEWISE_BEZIER_KNOTS.);
#7793 = CARTESIAN_POINT('',(10.4,-21.));
#7794 = CARTESIAN_POINT('',(3.9,-14.5));
#7795 = ( GEOMETRIC_REPRESENTATION_CONTEXT(2) 
PARAMETRIC_REPRESENTATION_CONTEXT() REPRESENTATION_CONTEXT('2D SPACE',''
  ) );
#7796 = PCURVE('',#7540,#7797);
#7797 = DEFINITIONAL_REPRESENTATION('',(#7798),#7801);
#7798 = B_SPLINE_CURVE_WITH_KNOTS('',1,(#7799,#7800),.UNSPECIFIED.,.F.,
  .F.,(2,2),(-11.10157646462,-1.909188309204),.PIECEWISE_BEZIER_KNOTS.);
#7799 = CARTESIAN_POINT('',(0.,-2.41));
#7800 = CARTESIAN_POINT('',(9.192388155425,-2.41));
#7801 = ( GEOMETRIC_REPRESENTATION_CONTEXT(2) 
PARAMETRIC_REPRESENTATION_CONTEXT() REPRESENTATION_CONTEXT('2D SPACE',''
  ) );
#7802 = ADVANCED_FACE('',(#7803),#1681,.T.);
#7803 = FACE_BOUND('',#7804,.F.);
#7804 = EDGE_LOOP('',(#7805,#7806,#7807,#7808));
#7805 = ORIENTED_EDGE('',*,*,#4493,.T.);
#7806 = ORIENTED_EDGE('',*,*,#1664,.T.);
#7807 = ORIENTED_EDGE('',*,*,#7626,.F.);
#7808 = ORIENTED_EDGE('',*,*,#7809,.T.);
#7809 = EDGE_CURVE('',#7604,#4494,#7810,.T.);
#7810 = SURFACE_CURVE('',#7811,(#7816,#7823),.PCURVE_S1.);
#7811 = CIRCLE('',#7812,6.);
#7812 = AXIS2_PLACEMENT_3D('',#7813,#7814,#7815);
#7813 = CARTESIAN_POINT('',(58.4,3.6,-1.6));
#7814 = DIRECTION('',(0.,-0.,-1.));
#7815 = DIRECTION('',(1.,0.,-0.));
#7816 = PCURVE('',#1681,#7817);
#7817 = DEFINITIONAL_REPRESENTATION('',(#7818),#7822);
#7818 = LINE('',#7819,#7820);
#7819 = CARTESIAN_POINT('',(-6.28318530718,-0.8));
#7820 = VECTOR('',#7821,1.);
#7821 = DIRECTION('',(1.,-0.));
#7822 = ( GEOMETRIC_REPRESENTATION_CONTEXT(2) 
PARAMETRIC_REPRESENTATION_CONTEXT() REPRESENTATION_CONTEXT('2D SPACE',''
  ) );
#7823 = PCURVE('',#4718,#7824);
#7824 = DEFINITIONAL_REPRESENTATION('',(#7825),#7829);
#7825 = LINE('',#7826,#7827);
#7826 = CARTESIAN_POINT('',(-0.,-0.));
#7827 = VECTOR('',#7828,1.);
#7828 = DIRECTION('',(-1.,-0.));
#7829 = ( GEOMETRIC_REPRESENTATION_CONTEXT(2) 
PARAMETRIC_REPRESENTATION_CONTEXT() REPRESENTATION_CONTEXT('2D SPACE',''
  ) );
#7830 = ADVANCED_FACE('',(#7831),#2044,.T.);
#7831 = FACE_BOUND('',#7832,.T.);
#7832 = EDGE_LOOP('',(#7833,#7834,#7835,#7856,#7882,#7883,#7884,#7885,
    #7913,#7932));
#7833 = ORIENTED_EDGE('',*,*,#6802,.F.);
#7834 = ORIENTED_EDGE('',*,*,#6886,.T.);
#7835 = ORIENTED_EDGE('',*,*,#7836,.T.);
#7836 = EDGE_CURVE('',#6887,#7837,#7839,.T.);
#7837 = VERTEX_POINT('',#7838);
#7838 = CARTESIAN_POINT('',(58.4,88.9,4.));
#7839 = SURFACE_CURVE('',#7840,(#7844,#7850),.PCURVE_S1.);
#7840 = LINE('',#7841,#7842);
#7841 = CARTESIAN_POINT('',(3.55,88.9,4.));
#7842 = VECTOR('',#7843,1.);
#7843 = DIRECTION('',(1.,0.,0.));
#7844 = PCURVE('',#2044,#7845);
#7845 = DEFINITIONAL_REPRESENTATION('',(#7846),#7849);
#7846 = B_SPLINE_CURVE_WITH_KNOTS('',1,(#7847,#7848),.UNSPECIFIED.,.F.,
  .F.,(2,2),(5.E-02,54.85),.PIECEWISE_BEZIER_KNOTS.);
#7847 = CARTESIAN_POINT('',(0.1,3.61));
#7848 = CARTESIAN_POINT('',(54.9,3.61));
#7849 = ( GEOMETRIC_REPRESENTATION_CONTEXT(2) 
PARAMETRIC_REPRESENTATION_CONTEXT() REPRESENTATION_CONTEXT('2D SPACE',''
  ) );
#7850 = PCURVE('',#6928,#7851);
#7851 = DEFINITIONAL_REPRESENTATION('',(#7852),#7855);
#7852 = B_SPLINE_CURVE_WITH_KNOTS('',1,(#7853,#7854),.UNSPECIFIED.,.F.,
  .F.,(2,2),(5.E-02,54.85),.PIECEWISE_BEZIER_KNOTS.);
#7853 = CARTESIAN_POINT('',(0.,-4.));
#7854 = CARTESIAN_POINT('',(54.8,-4.));
#7855 = ( GEOMETRIC_REPRESENTATION_CONTEXT(2) 
PARAMETRIC_REPRESENTATION_CONTEXT() REPRESENTATION_CONTEXT('2D SPACE',''
  ) );
#7856 = ORIENTED_EDGE('',*,*,#7857,.T.);
#7857 = EDGE_CURVE('',#7837,#7373,#7858,.T.);
#7858 = SURFACE_CURVE('',#7859,(#7864,#7875),.PCURVE_S1.);
#7859 = CIRCLE('',#7860,3.6);
#7860 = AXIS2_PLACEMENT_3D('',#7861,#7862,#7863);
#7861 = CARTESIAN_POINT('',(58.4,85.3,4.));
#7862 = DIRECTION('',(0.,0.,-1.));
#7863 = DIRECTION('',(-1.,0.,0.));
#7864 = PCURVE('',#2044,#7865);
#7865 = DEFINITIONAL_REPRESENTATION('',(#7866),#7874);
#7866 = ( BOUNDED_CURVE() B_SPLINE_CURVE(2,(#7867,#7868,#7869,#7870,
#7871,#7872,#7873),.UNSPECIFIED.,.T.,.F.) B_SPLINE_CURVE_WITH_KNOTS((1,2
    ,2,2,2,1),(-2.094395102393,0.,2.094395102393,4.188790204786,
6.28318530718,8.377580409573),.UNSPECIFIED.) CURVE() 
GEOMETRIC_REPRESENTATION_ITEM() RATIONAL_B_SPLINE_CURVE((1.,0.5,1.,0.5,
1.,0.5,1.)) REPRESENTATION_ITEM('') );
#7867 = CARTESIAN_POINT('',(51.3,9.999999999991E-03));
#7868 = CARTESIAN_POINT('',(51.3,6.245382907248));
#7869 = CARTESIAN_POINT('',(56.7,3.127691453624));
#7870 = CARTESIAN_POINT('',(62.1,9.999999999992E-03));
#7871 = CARTESIAN_POINT('',(56.7,-3.107691453624));
#7872 = CARTESIAN_POINT('',(51.3,-6.225382907248));
#7873 = CARTESIAN_POINT('',(51.3,9.999999999991E-03));
#7874 = ( GEOMETRIC_REPRESENTATION_CONTEXT(2) 
PARAMETRIC_REPRESENTATION_CONTEXT() REPRESENTATION_CONTEXT('2D SPACE',''
  ) );
#7875 = PCURVE('',#7407,#7876);
#7876 = DEFINITIONAL_REPRESENTATION('',(#7877),#7881);
#7877 = LINE('',#7878,#7879);
#7878 = CARTESIAN_POINT('',(0.,-4.));
#7879 = VECTOR('',#7880,1.);
#7880 = DIRECTION('',(1.,0.));
#7881 = ( GEOMETRIC_REPRESENTATION_CONTEXT(2) 
PARAMETRIC_REPRESENTATION_CONTEXT() REPRESENTATION_CONTEXT('2D SPACE',''
  ) );
#7882 = ORIENTED_EDGE('',*,*,#7372,.F.);
#7883 = ORIENTED_EDGE('',*,*,#7554,.T.);
#7884 = ORIENTED_EDGE('',*,*,#7649,.T.);
#7885 = ORIENTED_EDGE('',*,*,#7886,.F.);
#7886 = EDGE_CURVE('',#7887,#7650,#7889,.T.);
#7887 = VERTEX_POINT('',#7888);
#7888 = CARTESIAN_POINT('',(58.4,91.3,4.));
#7889 = SURFACE_CURVE('',#7890,(#7895,#7906),.PCURVE_S1.);
#7890 = CIRCLE('',#7891,6.);
#7891 = AXIS2_PLACEMENT_3D('',#7892,#7893,#7894);
#7892 = CARTESIAN_POINT('',(58.4,85.3,4.));
#7893 = DIRECTION('',(0.,0.,-1.));
#7894 = DIRECTION('',(1.,0.,0.));
#7895 = PCURVE('',#2044,#7896);
#7896 = DEFINITIONAL_REPRESENTATION('',(#7897),#7905);
#7897 = ( BOUNDED_CURVE() B_SPLINE_CURVE(2,(#7898,#7899,#7900,#7901,
#7902,#7903,#7904),.UNSPECIFIED.,.T.,.F.) B_SPLINE_CURVE_WITH_KNOTS((1,2
    ,2,2,2,1),(-2.094395102393,0.,2.094395102393,4.188790204786,
6.28318530718,8.377580409573),.UNSPECIFIED.) CURVE() 
GEOMETRIC_REPRESENTATION_ITEM() RATIONAL_B_SPLINE_CURVE((1.,0.5,1.,0.5,
1.,0.5,1.)) REPRESENTATION_ITEM('') );
#7898 = CARTESIAN_POINT('',(60.9,1.000000000001E-02));
#7899 = CARTESIAN_POINT('',(60.9,-10.38230484541));
#7900 = CARTESIAN_POINT('',(51.9,-5.186152422707));
#7901 = CARTESIAN_POINT('',(42.9,1.E-02));
#7902 = CARTESIAN_POINT('',(51.9,5.206152422707));
#7903 = CARTESIAN_POINT('',(60.9,10.402304845413));
#7904 = CARTESIAN_POINT('',(60.9,1.000000000001E-02));
#7905 = ( GEOMETRIC_REPRESENTATION_CONTEXT(2) 
PARAMETRIC_REPRESENTATION_CONTEXT() REPRESENTATION_CONTEXT('2D SPACE',''
  ) );
#7906 = PCURVE('',#7684,#7907);
#7907 = DEFINITIONAL_REPRESENTATION('',(#7908),#7912);
#7908 = LINE('',#7909,#7910);
#7909 = CARTESIAN_POINT('',(-6.28318530718,-6.4));
#7910 = VECTOR('',#7911,1.);
#7911 = DIRECTION('',(1.,-0.));
#7912 = ( GEOMETRIC_REPRESENTATION_CONTEXT(2) 
PARAMETRIC_REPRESENTATION_CONTEXT() REPRESENTATION_CONTEXT('2D SPACE',''
  ) );
#7913 = ORIENTED_EDGE('',*,*,#7914,.F.);
#7914 = EDGE_CURVE('',#2000,#7887,#7915,.T.);
#7915 = SURFACE_CURVE('',#7916,(#7920,#7926),.PCURVE_S1.);
#7916 = LINE('',#7917,#7918);
#7917 = CARTESIAN_POINT('',(3.55,91.3,4.));
#7918 = VECTOR('',#7919,1.);
#7919 = DIRECTION('',(1.,0.,0.));
#7920 = PCURVE('',#2044,#7921);
#7921 = DEFINITIONAL_REPRESENTATION('',(#7922),#7925);
#7922 = B_SPLINE_CURVE_WITH_KNOTS('',1,(#7923,#7924),.UNSPECIFIED.,.F.,
  .F.,(2,2),(5.E-02,54.85),.PIECEWISE_BEZIER_KNOTS.);
#7923 = CARTESIAN_POINT('',(1.E-01,6.01));
#7924 = CARTESIAN_POINT('',(54.9,6.01));
#7925 = ( GEOMETRIC_REPRESENTATION_CONTEXT(2) 
PARAMETRIC_REPRESENTATION_CONTEXT() REPRESENTATION_CONTEXT('2D SPACE',''
  ) );
#7926 = PCURVE('',#2015,#7927);
#7927 = DEFINITIONAL_REPRESENTATION('',(#7928),#7931);
#7928 = B_SPLINE_CURVE_WITH_KNOTS('',1,(#7929,#7930),.UNSPECIFIED.,.F.,
  .F.,(2,2),(5.E-02,54.85),.PIECEWISE_BEZIER_KNOTS.);
#7929 = CARTESIAN_POINT('',(0.,-6.4));
#7930 = CARTESIAN_POINT('',(54.8,-6.4));
#7931 = ( GEOMETRIC_REPRESENTATION_CONTEXT(2) 
PARAMETRIC_REPRESENTATION_CONTEXT() REPRESENTATION_CONTEXT('2D SPACE',''
  ) );
#7932 = ORIENTED_EDGE('',*,*,#2027,.F.);
#7933 = ADVANCED_FACE('',(#7934),#2015,.T.);
#7934 = FACE_BOUND('',#7935,.T.);
#7935 = EDGE_LOOP('',(#7936,#7959,#7960,#7961));
#7936 = ORIENTED_EDGE('',*,*,#7937,.F.);
#7937 = EDGE_CURVE('',#1976,#7938,#7940,.T.);
#7938 = VERTEX_POINT('',#7939);
#7939 = CARTESIAN_POINT('',(58.4,91.3,-1.6));
#7940 = SURFACE_CURVE('',#7941,(#7945,#7952),.PCURVE_S1.);
#7941 = LINE('',#7942,#7943);
#7942 = CARTESIAN_POINT('',(3.6,91.3,-1.6));
#7943 = VECTOR('',#7944,1.);
#7944 = DIRECTION('',(1.,0.,0.));
#7945 = PCURVE('',#2015,#7946);
#7946 = DEFINITIONAL_REPRESENTATION('',(#7947),#7951);
#7947 = LINE('',#7948,#7949);
#7948 = CARTESIAN_POINT('',(0.,-0.8));
#7949 = VECTOR('',#7950,1.);
#7950 = DIRECTION('',(1.,0.));
#7951 = ( GEOMETRIC_REPRESENTATION_CONTEXT(2) 
PARAMETRIC_REPRESENTATION_CONTEXT() REPRESENTATION_CONTEXT('2D SPACE',''
  ) );
#7952 = PCURVE('',#4807,#7953);
#7953 = DEFINITIONAL_REPRESENTATION('',(#7954),#7958);
#7954 = LINE('',#7955,#7956);
#7955 = CARTESIAN_POINT('',(-0.,-0.565685424949));
#7956 = VECTOR('',#7957,1.);
#7957 = DIRECTION('',(-1.,0.));
#7958 = ( GEOMETRIC_REPRESENTATION_CONTEXT(2) 
PARAMETRIC_REPRESENTATION_CONTEXT() REPRESENTATION_CONTEXT('2D SPACE',''
  ) );
#7959 = ORIENTED_EDGE('',*,*,#1999,.T.);
#7960 = ORIENTED_EDGE('',*,*,#7914,.T.);
#7961 = ORIENTED_EDGE('',*,*,#7962,.F.);
#7962 = EDGE_CURVE('',#7938,#7887,#7963,.T.);
#7963 = SURFACE_CURVE('',#7964,(#7968,#7975),.PCURVE_S1.);
#7964 = LINE('',#7965,#7966);
#7965 = CARTESIAN_POINT('',(58.4,91.3,-2.4));
#7966 = VECTOR('',#7967,1.);
#7967 = DIRECTION('',(0.,0.,1.));
#7968 = PCURVE('',#2015,#7969);
#7969 = DEFINITIONAL_REPRESENTATION('',(#7970),#7974);
#7970 = LINE('',#7971,#7972);
#7971 = CARTESIAN_POINT('',(54.8,0.));
#7972 = VECTOR('',#7973,1.);
#7973 = DIRECTION('',(0.,-1.));
#7974 = ( GEOMETRIC_REPRESENTATION_CONTEXT(2) 
PARAMETRIC_REPRESENTATION_CONTEXT() REPRESENTATION_CONTEXT('2D SPACE',''
  ) );
#7975 = PCURVE('',#7684,#7976);
#7976 = DEFINITIONAL_REPRESENTATION('',(#7977),#7981);
#7977 = LINE('',#7978,#7979);
#7978 = CARTESIAN_POINT('',(-1.570796326795,0.));
#7979 = VECTOR('',#7980,1.);
#7980 = DIRECTION('',(-0.,-1.));
#7981 = ( GEOMETRIC_REPRESENTATION_CONTEXT(2) 
PARAMETRIC_REPRESENTATION_CONTEXT() REPRESENTATION_CONTEXT('2D SPACE',''
  ) );
#7982 = ADVANCED_FACE('',(#7983),#4449,.T.);
#7983 = FACE_BOUND('',#7984,.T.);
#7984 = EDGE_LOOP('',(#7985,#8004,#8005,#8006));
#7985 = ORIENTED_EDGE('',*,*,#7986,.F.);
#7986 = EDGE_CURVE('',#4494,#4675,#7987,.T.);
#7987 = SURFACE_CURVE('',#7988,(#7992,#7998),.PCURVE_S1.);
#7988 = LINE('',#7989,#7990);
#7989 = CARTESIAN_POINT('',(58.4,-2.4,-1.6));
#7990 = VECTOR('',#7991,1.);
#7991 = DIRECTION('',(-4.329780281177E-17,0.707106781187,-0.707106781187
    ));
#7992 = PCURVE('',#4449,#7993);
#7993 = DEFINITIONAL_REPRESENTATION('',(#7994),#7997);
#7994 = B_SPLINE_CURVE_WITH_KNOTS('',1,(#7995,#7996),.UNSPECIFIED.,.F.,
  .F.,(2,2),(0.,1.131370849898),.PIECEWISE_BEZIER_KNOTS.);
#7995 = CARTESIAN_POINT('',(0.,-0.565685424949));
#7996 = CARTESIAN_POINT('',(0.,0.565685424949));
#7997 = ( GEOMETRIC_REPRESENTATION_CONTEXT(2) 
PARAMETRIC_REPRESENTATION_CONTEXT() REPRESENTATION_CONTEXT('2D SPACE',''
  ) );
#7998 = PCURVE('',#4718,#7999);
#7999 = DEFINITIONAL_REPRESENTATION('',(#8000),#8003);
#8000 = B_SPLINE_CURVE_WITH_KNOTS('',1,(#8001,#8002),.UNSPECIFIED.,.F.,
  .F.,(2,2),(0.,1.131370849898),.PIECEWISE_BEZIER_KNOTS.);
#8001 = CARTESIAN_POINT('',(-1.570796326795,0.));
#8002 = CARTESIAN_POINT('',(-1.570796326795,-0.8));
#8003 = ( GEOMETRIC_REPRESENTATION_CONTEXT(2) 
PARAMETRIC_REPRESENTATION_CONTEXT() REPRESENTATION_CONTEXT('2D SPACE',''
  ) );
#8004 = ORIENTED_EDGE('',*,*,#4516,.T.);
#8005 = ORIENTED_EDGE('',*,*,#4434,.T.);
#8006 = ORIENTED_EDGE('',*,*,#4674,.F.);
#8007 = ADVANCED_FACE('',(#8008),#4556,.T.);
#8008 = FACE_BOUND('',#8009,.T.);
#8009 = EDGE_LOOP('',(#8010,#8011,#8032,#8033));
#8010 = ORIENTED_EDGE('',*,*,#7164,.F.);
#8011 = ORIENTED_EDGE('',*,*,#8012,.T.);
#8012 = EDGE_CURVE('',#7165,#4540,#8013,.T.);
#8013 = SURFACE_CURVE('',#8014,(#8018,#8025),.PCURVE_S1.);
#8014 = LINE('',#8015,#8016);
#8015 = CARTESIAN_POINT('',(23.49,1.E-02,4.8));
#8016 = VECTOR('',#8017,1.);
#8017 = DIRECTION('',(0.,-1.,0.));
#8018 = PCURVE('',#4556,#8019);
#8019 = DEFINITIONAL_REPRESENTATION('',(#8020),#8024);
#8020 = LINE('',#8021,#8022);
#8021 = CARTESIAN_POINT('',(0.,0.));
#8022 = VECTOR('',#8023,1.);
#8023 = DIRECTION('',(0.,-1.));
#8024 = ( GEOMETRIC_REPRESENTATION_CONTEXT(2) 
PARAMETRIC_REPRESENTATION_CONTEXT() REPRESENTATION_CONTEXT('2D SPACE',''
  ) );
#8025 = PCURVE('',#4658,#8026);
#8026 = DEFINITIONAL_REPRESENTATION('',(#8027),#8031);
#8027 = LINE('',#8028,#8029);
#8028 = CARTESIAN_POINT('',(10.606601717798,0.));
#8029 = VECTOR('',#8030,1.);
#8030 = DIRECTION('',(-0.,-1.));
#8031 = ( GEOMETRIC_REPRESENTATION_CONTEXT(2) 
PARAMETRIC_REPRESENTATION_CONTEXT() REPRESENTATION_CONTEXT('2D SPACE',''
  ) );
#8032 = ORIENTED_EDGE('',*,*,#4539,.T.);
#8033 = ORIENTED_EDGE('',*,*,#8034,.F.);
#8034 = EDGE_CURVE('',#7167,#4542,#8035,.T.);
#8035 = SURFACE_CURVE('',#8036,(#8040,#8047),.PCURVE_S1.);
#8036 = LINE('',#8037,#8038);
#8037 = CARTESIAN_POINT('',(23.49,1.E-02,1.));
#8038 = VECTOR('',#8039,1.);
#8039 = DIRECTION('',(0.,-1.,0.));
#8040 = PCURVE('',#4556,#8041);
#8041 = DEFINITIONAL_REPRESENTATION('',(#8042),#8046);
#8042 = LINE('',#8043,#8044);
#8043 = CARTESIAN_POINT('',(3.8,0.));
#8044 = VECTOR('',#8045,1.);
#8045 = DIRECTION('',(0.,-1.));
#8046 = ( GEOMETRIC_REPRESENTATION_CONTEXT(2) 
PARAMETRIC_REPRESENTATION_CONTEXT() REPRESENTATION_CONTEXT('2D SPACE',''
  ) );
#8047 = PCURVE('',#4582,#8048);
#8048 = DEFINITIONAL_REPRESENTATION('',(#8049),#8053);
#8049 = LINE('',#8050,#8051);
#8050 = CARTESIAN_POINT('',(0.,0.));
#8051 = VECTOR('',#8052,1.);
#8052 = DIRECTION('',(0.,-1.));
#8053 = ( GEOMETRIC_REPRESENTATION_CONTEXT(2) 
PARAMETRIC_REPRESENTATION_CONTEXT() REPRESENTATION_CONTEXT('2D SPACE',''
  ) );
#8054 = ADVANCED_FACE('',(#8055),#4658,.T.);
#8055 = FACE_BOUND('',#8056,.T.);
#8056 = EDGE_LOOP('',(#8057,#8058,#8079,#8080));
#8057 = ORIENTED_EDGE('',*,*,#7250,.F.);
#8058 = ORIENTED_EDGE('',*,*,#8059,.T.);
#8059 = EDGE_CURVE('',#7230,#4620,#8060,.T.);
#8060 = SURFACE_CURVE('',#8061,(#8065,#8072),.PCURVE_S1.);
#8061 = LINE('',#8062,#8063);
#8062 = CARTESIAN_POINT('',(30.99,1.E-02,12.3));
#8063 = VECTOR('',#8064,1.);
#8064 = DIRECTION('',(0.,-1.,0.));
#8065 = PCURVE('',#4658,#8066);
#8066 = DEFINITIONAL_REPRESENTATION('',(#8067),#8071);
#8067 = LINE('',#8068,#8069);
#8068 = CARTESIAN_POINT('',(0.,0.));
#8069 = VECTOR('',#8070,1.);
#8070 = DIRECTION('',(-0.,-1.));
#8071 = ( GEOMETRIC_REPRESENTATION_CONTEXT(2) 
PARAMETRIC_REPRESENTATION_CONTEXT() REPRESENTATION_CONTEXT('2D SPACE',''
  ) );
#8072 = PCURVE('',#4634,#8073);
#8073 = DEFINITIONAL_REPRESENTATION('',(#8074),#8078);
#8074 = LINE('',#8075,#8076);
#8075 = CARTESIAN_POINT('',(10.606601717798,0.));
#8076 = VECTOR('',#8077,1.);
#8077 = DIRECTION('',(0.,-1.));
#8078 = ( GEOMETRIC_REPRESENTATION_CONTEXT(2) 
PARAMETRIC_REPRESENTATION_CONTEXT() REPRESENTATION_CONTEXT('2D SPACE',''
  ) );
#8079 = ORIENTED_EDGE('',*,*,#4645,.T.);
#8080 = ORIENTED_EDGE('',*,*,#8012,.F.);
#8081 = ADVANCED_FACE('',(#8082),#4634,.T.);
#8082 = FACE_BOUND('',#8083,.T.);
#8083 = EDGE_LOOP('',(#8084,#8085,#8106,#8107));
#8084 = ORIENTED_EDGE('',*,*,#7229,.F.);
#8085 = ORIENTED_EDGE('',*,*,#8086,.T.);
#8086 = EDGE_CURVE('',#7209,#4594,#8087,.T.);
#8087 = SURFACE_CURVE('',#8088,(#8092,#8099),.PCURVE_S1.);
#8088 = LINE('',#8089,#8090);
#8089 = CARTESIAN_POINT('',(38.49,1.E-02,4.8));
#8090 = VECTOR('',#8091,1.);
#8091 = DIRECTION('',(0.,-1.,0.));
#8092 = PCURVE('',#4634,#8093);
#8093 = DEFINITIONAL_REPRESENTATION('',(#8094),#8098);
#8094 = LINE('',#8095,#8096);
#8095 = CARTESIAN_POINT('',(0.,0.));
#8096 = VECTOR('',#8097,1.);
#8097 = DIRECTION('',(0.,-1.));
#8098 = ( GEOMETRIC_REPRESENTATION_CONTEXT(2) 
PARAMETRIC_REPRESENTATION_CONTEXT() REPRESENTATION_CONTEXT('2D SPACE',''
  ) );
#8099 = PCURVE('',#4608,#8100);
#8100 = DEFINITIONAL_REPRESENTATION('',(#8101),#8105);
#8101 = LINE('',#8102,#8103);
#8102 = CARTESIAN_POINT('',(3.8,0.));
#8103 = VECTOR('',#8104,1.);
#8104 = DIRECTION('',(0.,-1.));
#8105 = ( GEOMETRIC_REPRESENTATION_CONTEXT(2) 
PARAMETRIC_REPRESENTATION_CONTEXT() REPRESENTATION_CONTEXT('2D SPACE',''
  ) );
#8106 = ORIENTED_EDGE('',*,*,#4619,.T.);
#8107 = ORIENTED_EDGE('',*,*,#8059,.F.);
#8108 = ADVANCED_FACE('',(#8109),#4608,.T.);
#8109 = FACE_BOUND('',#8110,.T.);
#8110 = EDGE_LOOP('',(#8111,#8112,#8133,#8134));
#8111 = ORIENTED_EDGE('',*,*,#7208,.F.);
#8112 = ORIENTED_EDGE('',*,*,#8113,.T.);
#8113 = EDGE_CURVE('',#7188,#4568,#8114,.T.);
#8114 = SURFACE_CURVE('',#8115,(#8119,#8126),.PCURVE_S1.);
#8115 = LINE('',#8116,#8117);
#8116 = CARTESIAN_POINT('',(38.49,1.E-02,1.));
#8117 = VECTOR('',#8118,1.);
#8118 = DIRECTION('',(0.,-1.,0.));
#8119 = PCURVE('',#4608,#8120);
#8120 = DEFINITIONAL_REPRESENTATION('',(#8121),#8125);
#8121 = LINE('',#8122,#8123);
#8122 = CARTESIAN_POINT('',(0.,0.));
#8123 = VECTOR('',#8124,1.);
#8124 = DIRECTION('',(0.,-1.));
#8125 = ( GEOMETRIC_REPRESENTATION_CONTEXT(2) 
PARAMETRIC_REPRESENTATION_CONTEXT() REPRESENTATION_CONTEXT('2D SPACE',''
  ) );
#8126 = PCURVE('',#4582,#8127);
#8127 = DEFINITIONAL_REPRESENTATION('',(#8128),#8132);
#8128 = LINE('',#8129,#8130);
#8129 = CARTESIAN_POINT('',(15.,0.));
#8130 = VECTOR('',#8131,1.);
#8131 = DIRECTION('',(0.,-1.));
#8132 = ( GEOMETRIC_REPRESENTATION_CONTEXT(2) 
PARAMETRIC_REPRESENTATION_CONTEXT() REPRESENTATION_CONTEXT('2D SPACE',''
  ) );
#8133 = ORIENTED_EDGE('',*,*,#4593,.T.);
#8134 = ORIENTED_EDGE('',*,*,#8086,.F.);
#8135 = ADVANCED_FACE('',(#8136),#4582,.T.);
#8136 = FACE_BOUND('',#8137,.T.);
#8137 = EDGE_LOOP('',(#8138,#8139,#8140,#8141));
#8138 = ORIENTED_EDGE('',*,*,#7187,.F.);
#8139 = ORIENTED_EDGE('',*,*,#8034,.T.);
#8140 = ORIENTED_EDGE('',*,*,#4567,.T.);
#8141 = ORIENTED_EDGE('',*,*,#8113,.F.);
#8142 = ADVANCED_FACE('',(#8143),#4807,.F.);
#8143 = FACE_BOUND('',#8144,.T.);
#8144 = EDGE_LOOP('',(#8145,#8146,#8147,#8166));
#8145 = ORIENTED_EDGE('',*,*,#6758,.F.);
#8146 = ORIENTED_EDGE('',*,*,#7937,.T.);
#8147 = ORIENTED_EDGE('',*,*,#8148,.T.);
#8148 = EDGE_CURVE('',#7938,#4759,#8149,.T.);
#8149 = SURFACE_CURVE('',#8150,(#8154,#8160),.PCURVE_S1.);
#8150 = LINE('',#8151,#8152);
#8151 = CARTESIAN_POINT('',(58.4,90.9,-2.));
#8152 = VECTOR('',#8153,1.);
#8153 = DIRECTION('',(-1.64146469693E-34,-0.707106781187,-0.707106781187
    ));
#8154 = PCURVE('',#4807,#8155);
#8155 = DEFINITIONAL_REPRESENTATION('',(#8156),#8159);
#8156 = B_SPLINE_CURVE_WITH_KNOTS('',1,(#8157,#8158),.UNSPECIFIED.,.F.,
  .F.,(2,2),(-0.565685424949,0.565685424949),.PIECEWISE_BEZIER_KNOTS.);
#8157 = CARTESIAN_POINT('',(-54.8,-0.565685424949));
#8158 = CARTESIAN_POINT('',(-54.8,0.565685424949));
#8159 = ( GEOMETRIC_REPRESENTATION_CONTEXT(2) 
PARAMETRIC_REPRESENTATION_CONTEXT() REPRESENTATION_CONTEXT('2D SPACE',''
  ) );
#8160 = PCURVE('',#4779,#8161);
#8161 = DEFINITIONAL_REPRESENTATION('',(#8162),#8165);
#8162 = B_SPLINE_CURVE_WITH_KNOTS('',1,(#8163,#8164),.UNSPECIFIED.,.F.,
  .F.,(2,2),(-0.565685424949,0.565685424949),.PIECEWISE_BEZIER_KNOTS.);
#8163 = CARTESIAN_POINT('',(0.,0.));
#8164 = CARTESIAN_POINT('',(0.,-0.8));
#8165 = ( GEOMETRIC_REPRESENTATION_CONTEXT(2) 
PARAMETRIC_REPRESENTATION_CONTEXT() REPRESENTATION_CONTEXT('2D SPACE',''
  ) );
#8166 = ORIENTED_EDGE('',*,*,#4791,.F.);
#8167 = ADVANCED_FACE('',(#8168),#4718,.T.);
#8168 = FACE_BOUND('',#8169,.T.);
#8169 = EDGE_LOOP('',(#8170,#8189,#8190,#8191));
#8170 = ORIENTED_EDGE('',*,*,#8171,.F.);
#8171 = EDGE_CURVE('',#7604,#4698,#8172,.T.);
#8172 = SURFACE_CURVE('',#8173,(#8177,#8183),.PCURVE_S1.);
#8173 = LINE('',#8174,#8175);
#8174 = CARTESIAN_POINT('',(64.,3.6,-2.));
#8175 = VECTOR('',#8176,1.);
#8176 = DIRECTION('',(-0.707106781187,-1.663817143064E-34,
    -0.707106781187));
#8177 = PCURVE('',#4718,#8178);
#8178 = DEFINITIONAL_REPRESENTATION('',(#8179),#8182);
#8179 = B_SPLINE_CURVE_WITH_KNOTS('',1,(#8180,#8181),.UNSPECIFIED.,.F.,
  .F.,(2,2),(-0.565685424949,0.565685424949),.PIECEWISE_BEZIER_KNOTS.);
#8180 = CARTESIAN_POINT('',(0.,0.));
#8181 = CARTESIAN_POINT('',(0.,-0.8));
#8182 = ( GEOMETRIC_REPRESENTATION_CONTEXT(2) 
PARAMETRIC_REPRESENTATION_CONTEXT() REPRESENTATION_CONTEXT('2D SPACE',''
  ) );
#8183 = PCURVE('',#4746,#8184);
#8184 = DEFINITIONAL_REPRESENTATION('',(#8185),#8188);
#8185 = B_SPLINE_CURVE_WITH_KNOTS('',1,(#8186,#8187),.UNSPECIFIED.,.F.,
  .F.,(2,2),(-0.565685424949,0.565685424949),.PIECEWISE_BEZIER_KNOTS.);
#8186 = CARTESIAN_POINT('',(81.7,-0.565685424949));
#8187 = CARTESIAN_POINT('',(81.7,0.565685424949));
#8188 = ( GEOMETRIC_REPRESENTATION_CONTEXT(2) 
PARAMETRIC_REPRESENTATION_CONTEXT() REPRESENTATION_CONTEXT('2D SPACE',''
  ) );
#8189 = ORIENTED_EDGE('',*,*,#7809,.T.);
#8190 = ORIENTED_EDGE('',*,*,#7986,.T.);
#8191 = ORIENTED_EDGE('',*,*,#4697,.F.);
#8192 = ADVANCED_FACE('',(#8193),#4779,.T.);
#8193 = FACE_BOUND('',#8194,.T.);
#8194 = EDGE_LOOP('',(#8195,#8196,#8218,#8237));
#8195 = ORIENTED_EDGE('',*,*,#8148,.F.);
#8196 = ORIENTED_EDGE('',*,*,#8197,.T.);
#8197 = EDGE_CURVE('',#7938,#7602,#8198,.T.);
#8198 = SURFACE_CURVE('',#8199,(#8204,#8211),.PCURVE_S1.);
#8199 = CIRCLE('',#8200,6.);
#8200 = AXIS2_PLACEMENT_3D('',#8201,#8202,#8203);
#8201 = CARTESIAN_POINT('',(58.4,85.3,-1.6));
#8202 = DIRECTION('',(0.,-0.,-1.));
#8203 = DIRECTION('',(0.,1.,-0.));
#8204 = PCURVE('',#4779,#8205);
#8205 = DEFINITIONAL_REPRESENTATION('',(#8206),#8210);
#8206 = LINE('',#8207,#8208);
#8207 = CARTESIAN_POINT('',(-0.,-0.));
#8208 = VECTOR('',#8209,1.);
#8209 = DIRECTION('',(-1.,-0.));
#8210 = ( GEOMETRIC_REPRESENTATION_CONTEXT(2) 
PARAMETRIC_REPRESENTATION_CONTEXT() REPRESENTATION_CONTEXT('2D SPACE',''
  ) );
#8211 = PCURVE('',#7684,#8212);
#8212 = DEFINITIONAL_REPRESENTATION('',(#8213),#8217);
#8213 = LINE('',#8214,#8215);
#8214 = CARTESIAN_POINT('',(-1.570796326795,-0.8));
#8215 = VECTOR('',#8216,1.);
#8216 = DIRECTION('',(1.,-0.));
#8217 = ( GEOMETRIC_REPRESENTATION_CONTEXT(2) 
PARAMETRIC_REPRESENTATION_CONTEXT() REPRESENTATION_CONTEXT('2D SPACE',''
  ) );
#8218 = ORIENTED_EDGE('',*,*,#8219,.T.);
#8219 = EDGE_CURVE('',#7602,#4731,#8220,.T.);
#8220 = SURFACE_CURVE('',#8221,(#8225,#8231),.PCURVE_S1.);
#8221 = LINE('',#8222,#8223);
#8222 = CARTESIAN_POINT('',(64.4,85.3,-1.6));
#8223 = VECTOR('',#8224,1.);
#8224 = DIRECTION('',(-0.707106781187,-4.329780281177E-17,
    -0.707106781187));
#8225 = PCURVE('',#4779,#8226);
#8226 = DEFINITIONAL_REPRESENTATION('',(#8227),#8230);
#8227 = B_SPLINE_CURVE_WITH_KNOTS('',1,(#8228,#8229),.UNSPECIFIED.,.F.,
  .F.,(2,2),(0.,1.131370849898),.PIECEWISE_BEZIER_KNOTS.);
#8228 = CARTESIAN_POINT('',(-1.570796326795,0.));
#8229 = CARTESIAN_POINT('',(-1.570796326795,-0.8));
#8230 = ( GEOMETRIC_REPRESENTATION_CONTEXT(2) 
PARAMETRIC_REPRESENTATION_CONTEXT() REPRESENTATION_CONTEXT('2D SPACE',''
  ) );
#8231 = PCURVE('',#4746,#8232);
#8232 = DEFINITIONAL_REPRESENTATION('',(#8233),#8236);
#8233 = B_SPLINE_CURVE_WITH_KNOTS('',1,(#8234,#8235),.UNSPECIFIED.,.F.,
  .F.,(2,2),(0.,1.131370849898),.PIECEWISE_BEZIER_KNOTS.);
#8234 = CARTESIAN_POINT('',(0.,-0.565685424949));
#8235 = CARTESIAN_POINT('',(0.,0.565685424949));
#8236 = ( GEOMETRIC_REPRESENTATION_CONTEXT(2) 
PARAMETRIC_REPRESENTATION_CONTEXT() REPRESENTATION_CONTEXT('2D SPACE',''
  ) );
#8237 = ORIENTED_EDGE('',*,*,#4758,.F.);
#8238 = ADVANCED_FACE('',(#8239),#4746,.T.);
#8239 = FACE_BOUND('',#8240,.T.);
#8240 = EDGE_LOOP('',(#8241,#8242,#8243,#8244));
#8241 = ORIENTED_EDGE('',*,*,#8219,.F.);
#8242 = ORIENTED_EDGE('',*,*,#7601,.T.);
#8243 = ORIENTED_EDGE('',*,*,#8171,.T.);
#8244 = ORIENTED_EDGE('',*,*,#4730,.F.);
#8245 = ADVANCED_FACE('',(#8246),#4864,.T.);
#8246 = FACE_BOUND('',#8247,.T.);
#8247 = EDGE_LOOP('',(#8248,#8271,#8272,#8295));
#8248 = ORIENTED_EDGE('',*,*,#8249,.F.);
#8249 = EDGE_CURVE('',#4848,#8250,#8252,.T.);
#8250 = VERTEX_POINT('',#8251);
#8251 = CARTESIAN_POINT('',(28.3,0.3,-2.));
#8252 = SURFACE_CURVE('',#8253,(#8257,#8264),.PCURVE_S1.);
#8253 = LINE('',#8254,#8255);
#8254 = CARTESIAN_POINT('',(28.3,0.3,-2.41));
#8255 = VECTOR('',#8256,1.);
#8256 = DIRECTION('',(0.,0.,1.));
#8257 = PCURVE('',#4864,#8258);
#8258 = DEFINITIONAL_REPRESENTATION('',(#8259),#8263);
#8259 = LINE('',#8260,#8261);
#8260 = CARTESIAN_POINT('',(0.,28.));
#8261 = VECTOR('',#8262,1.);
#8262 = DIRECTION('',(1.,0.));
#8263 = ( GEOMETRIC_REPRESENTATION_CONTEXT(2) 
PARAMETRIC_REPRESENTATION_CONTEXT() REPRESENTATION_CONTEXT('2D SPACE',''
  ) );
#8264 = PCURVE('',#4940,#8265);
#8265 = DEFINITIONAL_REPRESENTATION('',(#8266),#8270);
#8266 = LINE('',#8267,#8268);
#8267 = CARTESIAN_POINT('',(0.,0.));
#8268 = VECTOR('',#8269,1.);
#8269 = DIRECTION('',(1.,0.));
#8270 = ( GEOMETRIC_REPRESENTATION_CONTEXT(2) 
PARAMETRIC_REPRESENTATION_CONTEXT() REPRESENTATION_CONTEXT('2D SPACE',''
  ) );
#8271 = ORIENTED_EDGE('',*,*,#4847,.T.);
#8272 = ORIENTED_EDGE('',*,*,#8273,.T.);
#8273 = EDGE_CURVE('',#4850,#8274,#8276,.T.);
#8274 = VERTEX_POINT('',#8275);
#8275 = CARTESIAN_POINT('',(0.3,0.3,-2.));
#8276 = SURFACE_CURVE('',#8277,(#8281,#8288),.PCURVE_S1.);
#8277 = LINE('',#8278,#8279);
#8278 = CARTESIAN_POINT('',(0.3,0.3,-2.41));
#8279 = VECTOR('',#8280,1.);
#8280 = DIRECTION('',(0.,0.,1.));
#8281 = PCURVE('',#4864,#8282);
#8282 = DEFINITIONAL_REPRESENTATION('',(#8283),#8287);
#8283 = LINE('',#8284,#8285);
#8284 = CARTESIAN_POINT('',(0.,0.));
#8285 = VECTOR('',#8286,1.);
#8286 = DIRECTION('',(1.,0.));
#8287 = ( GEOMETRIC_REPRESENTATION_CONTEXT(2) 
PARAMETRIC_REPRESENTATION_CONTEXT() REPRESENTATION_CONTEXT('2D SPACE',''
  ) );
#8288 = PCURVE('',#4890,#8289);
#8289 = DEFINITIONAL_REPRESENTATION('',(#8290),#8294);
#8290 = LINE('',#8291,#8292);
#8291 = CARTESIAN_POINT('',(0.,0.));
#8292 = VECTOR('',#8293,1.);
#8293 = DIRECTION('',(1.,0.));
#8294 = ( GEOMETRIC_REPRESENTATION_CONTEXT(2) 
PARAMETRIC_REPRESENTATION_CONTEXT() REPRESENTATION_CONTEXT('2D SPACE',''
  ) );
#8295 = ORIENTED_EDGE('',*,*,#8296,.T.);
#8296 = EDGE_CURVE('',#8274,#8250,#8297,.T.);
#8297 = SURFACE_CURVE('',#8298,(#8302,#8309),.PCURVE_S1.);
#8298 = LINE('',#8299,#8300);
#8299 = CARTESIAN_POINT('',(0.3,0.3,-2.));
#8300 = VECTOR('',#8301,1.);
#8301 = DIRECTION('',(1.,0.,-0.));
#8302 = PCURVE('',#4864,#8303);
#8303 = DEFINITIONAL_REPRESENTATION('',(#8304),#8308);
#8304 = LINE('',#8305,#8306);
#8305 = CARTESIAN_POINT('',(0.41,0.));
#8306 = VECTOR('',#8307,1.);
#8307 = DIRECTION('',(0.,1.));
#8308 = ( GEOMETRIC_REPRESENTATION_CONTEXT(2) 
PARAMETRIC_REPRESENTATION_CONTEXT() REPRESENTATION_CONTEXT('2D SPACE',''
  ) );
#8309 = PCURVE('',#8310,#8315);
#8310 = PLANE('',#8311);
#8311 = AXIS2_PLACEMENT_3D('',#8312,#8313,#8314);
#8312 = CARTESIAN_POINT('',(0.3,0.3,-2.));
#8313 = DIRECTION('',(0.,0.,1.));
#8314 = DIRECTION('',(1.,0.,-0.));
#8315 = DEFINITIONAL_REPRESENTATION('',(#8316),#8320);
#8316 = LINE('',#8317,#8318);
#8317 = CARTESIAN_POINT('',(0.,0.));
#8318 = VECTOR('',#8319,1.);
#8319 = DIRECTION('',(1.,0.));
#8320 = ( GEOMETRIC_REPRESENTATION_CONTEXT(2) 
PARAMETRIC_REPRESENTATION_CONTEXT() REPRESENTATION_CONTEXT('2D SPACE',''
  ) );
#8321 = ADVANCED_FACE('',(#8322),#4940,.F.);
#8322 = FACE_BOUND('',#8323,.F.);
#8323 = EDGE_LOOP('',(#8324,#8325,#8326,#8349));
#8324 = ORIENTED_EDGE('',*,*,#8249,.F.);
#8325 = ORIENTED_EDGE('',*,*,#4927,.T.);
#8326 = ORIENTED_EDGE('',*,*,#8327,.T.);
#8327 = EDGE_CURVE('',#4902,#8328,#8330,.T.);
#8328 = VERTEX_POINT('',#8329);
#8329 = CARTESIAN_POINT('',(28.3,28.3,-2.));
#8330 = SURFACE_CURVE('',#8331,(#8335,#8342),.PCURVE_S1.);
#8331 = LINE('',#8332,#8333);
#8332 = CARTESIAN_POINT('',(28.3,28.3,-2.41));
#8333 = VECTOR('',#8334,1.);
#8334 = DIRECTION('',(0.,0.,1.));
#8335 = PCURVE('',#4940,#8336);
#8336 = DEFINITIONAL_REPRESENTATION('',(#8337),#8341);
#8337 = LINE('',#8338,#8339);
#8338 = CARTESIAN_POINT('',(0.,-28.));
#8339 = VECTOR('',#8340,1.);
#8340 = DIRECTION('',(1.,0.));
#8341 = ( GEOMETRIC_REPRESENTATION_CONTEXT(2) 
PARAMETRIC_REPRESENTATION_CONTEXT() REPRESENTATION_CONTEXT('2D SPACE',''
  ) );
#8342 = PCURVE('',#4916,#8343);
#8343 = DEFINITIONAL_REPRESENTATION('',(#8344),#8348);
#8344 = LINE('',#8345,#8346);
#8345 = CARTESIAN_POINT('',(0.,28.));
#8346 = VECTOR('',#8347,1.);
#8347 = DIRECTION('',(1.,0.));
#8348 = ( GEOMETRIC_REPRESENTATION_CONTEXT(2) 
PARAMETRIC_REPRESENTATION_CONTEXT() REPRESENTATION_CONTEXT('2D SPACE',''
  ) );
#8349 = ORIENTED_EDGE('',*,*,#8350,.F.);
#8350 = EDGE_CURVE('',#8250,#8328,#8351,.T.);
#8351 = SURFACE_CURVE('',#8352,(#8356,#8363),.PCURVE_S1.);
#8352 = LINE('',#8353,#8354);
#8353 = CARTESIAN_POINT('',(28.3,0.3,-2.));
#8354 = VECTOR('',#8355,1.);
#8355 = DIRECTION('',(-0.,1.,0.));
#8356 = PCURVE('',#4940,#8357);
#8357 = DEFINITIONAL_REPRESENTATION('',(#8358),#8362);
#8358 = LINE('',#8359,#8360);
#8359 = CARTESIAN_POINT('',(0.41,0.));
#8360 = VECTOR('',#8361,1.);
#8361 = DIRECTION('',(0.,-1.));
#8362 = ( GEOMETRIC_REPRESENTATION_CONTEXT(2) 
PARAMETRIC_REPRESENTATION_CONTEXT() REPRESENTATION_CONTEXT('2D SPACE',''
  ) );
#8363 = PCURVE('',#8310,#8364);
#8364 = DEFINITIONAL_REPRESENTATION('',(#8365),#8369);
#8365 = LINE('',#8366,#8367);
#8366 = CARTESIAN_POINT('',(28.,0.));
#8367 = VECTOR('',#8368,1.);
#8368 = DIRECTION('',(0.,1.));
#8369 = ( GEOMETRIC_REPRESENTATION_CONTEXT(2) 
PARAMETRIC_REPRESENTATION_CONTEXT() REPRESENTATION_CONTEXT('2D SPACE',''
  ) );
#8370 = ADVANCED_FACE('',(#8371),#4916,.F.);
#8371 = FACE_BOUND('',#8372,.F.);
#8372 = EDGE_LOOP('',(#8373,#8374,#8375,#8398));
#8373 = ORIENTED_EDGE('',*,*,#8327,.F.);
#8374 = ORIENTED_EDGE('',*,*,#4901,.T.);
#8375 = ORIENTED_EDGE('',*,*,#8376,.T.);
#8376 = EDGE_CURVE('',#4876,#8377,#8379,.T.);
#8377 = VERTEX_POINT('',#8378);
#8378 = CARTESIAN_POINT('',(0.3,28.3,-2.));
#8379 = SURFACE_CURVE('',#8380,(#8384,#8391),.PCURVE_S1.);
#8380 = LINE('',#8381,#8382);
#8381 = CARTESIAN_POINT('',(0.3,28.3,-2.41));
#8382 = VECTOR('',#8383,1.);
#8383 = DIRECTION('',(0.,0.,1.));
#8384 = PCURVE('',#4916,#8385);
#8385 = DEFINITIONAL_REPRESENTATION('',(#8386),#8390);
#8386 = LINE('',#8387,#8388);
#8387 = CARTESIAN_POINT('',(0.,0.));
#8388 = VECTOR('',#8389,1.);
#8389 = DIRECTION('',(1.,0.));
#8390 = ( GEOMETRIC_REPRESENTATION_CONTEXT(2) 
PARAMETRIC_REPRESENTATION_CONTEXT() REPRESENTATION_CONTEXT('2D SPACE',''
  ) );
#8391 = PCURVE('',#4890,#8392);
#8392 = DEFINITIONAL_REPRESENTATION('',(#8393),#8397);
#8393 = LINE('',#8394,#8395);
#8394 = CARTESIAN_POINT('',(0.,-28.));
#8395 = VECTOR('',#8396,1.);
#8396 = DIRECTION('',(1.,0.));
#8397 = ( GEOMETRIC_REPRESENTATION_CONTEXT(2) 
PARAMETRIC_REPRESENTATION_CONTEXT() REPRESENTATION_CONTEXT('2D SPACE',''
  ) );
#8398 = ORIENTED_EDGE('',*,*,#8399,.T.);
#8399 = EDGE_CURVE('',#8377,#8328,#8400,.T.);
#8400 = SURFACE_CURVE('',#8401,(#8405,#8412),.PCURVE_S1.);
#8401 = LINE('',#8402,#8403);
#8402 = CARTESIAN_POINT('',(0.3,28.3,-2.));
#8403 = VECTOR('',#8404,1.);
#8404 = DIRECTION('',(1.,0.,-0.));
#8405 = PCURVE('',#4916,#8406);
#8406 = DEFINITIONAL_REPRESENTATION('',(#8407),#8411);
#8407 = LINE('',#8408,#8409);
#8408 = CARTESIAN_POINT('',(0.41,0.));
#8409 = VECTOR('',#8410,1.);
#8410 = DIRECTION('',(0.,1.));
#8411 = ( GEOMETRIC_REPRESENTATION_CONTEXT(2) 
PARAMETRIC_REPRESENTATION_CONTEXT() REPRESENTATION_CONTEXT('2D SPACE',''
  ) );
#8412 = PCURVE('',#8310,#8413);
#8413 = DEFINITIONAL_REPRESENTATION('',(#8414),#8418);
#8414 = LINE('',#8415,#8416);
#8415 = CARTESIAN_POINT('',(0.,28.));
#8416 = VECTOR('',#8417,1.);
#8417 = DIRECTION('',(1.,0.));
#8418 = ( GEOMETRIC_REPRESENTATION_CONTEXT(2) 
PARAMETRIC_REPRESENTATION_CONTEXT() REPRESENTATION_CONTEXT('2D SPACE',''
  ) );
#8419 = ADVANCED_FACE('',(#8420),#4890,.T.);
#8420 = FACE_BOUND('',#8421,.T.);
#8421 = EDGE_LOOP('',(#8422,#8423,#8424,#8425));
#8422 = ORIENTED_EDGE('',*,*,#8273,.F.);
#8423 = ORIENTED_EDGE('',*,*,#4875,.T.);
#8424 = ORIENTED_EDGE('',*,*,#8376,.T.);
#8425 = ORIENTED_EDGE('',*,*,#8426,.F.);
#8426 = EDGE_CURVE('',#8274,#8377,#8427,.T.);
#8427 = SURFACE_CURVE('',#8428,(#8432,#8439),.PCURVE_S1.);
#8428 = LINE('',#8429,#8430);
#8429 = CARTESIAN_POINT('',(0.3,0.3,-2.));
#8430 = VECTOR('',#8431,1.);
#8431 = DIRECTION('',(-0.,1.,0.));
#8432 = PCURVE('',#4890,#8433);
#8433 = DEFINITIONAL_REPRESENTATION('',(#8434),#8438);
#8434 = LINE('',#8435,#8436);
#8435 = CARTESIAN_POINT('',(0.41,0.));
#8436 = VECTOR('',#8437,1.);
#8437 = DIRECTION('',(0.,-1.));
#8438 = ( GEOMETRIC_REPRESENTATION_CONTEXT(2) 
PARAMETRIC_REPRESENTATION_CONTEXT() REPRESENTATION_CONTEXT('2D SPACE',''
  ) );
#8439 = PCURVE('',#8310,#8440);
#8440 = DEFINITIONAL_REPRESENTATION('',(#8441),#8445);
#8441 = LINE('',#8442,#8443);
#8442 = CARTESIAN_POINT('',(0.,0.));
#8443 = VECTOR('',#8444,1.);
#8444 = DIRECTION('',(0.,1.));
#8445 = ( GEOMETRIC_REPRESENTATION_CONTEXT(2) 
PARAMETRIC_REPRESENTATION_CONTEXT() REPRESENTATION_CONTEXT('2D SPACE',''
  ) );
#8446 = ADVANCED_FACE('',(#8447),#4970,.T.);
#8447 = FACE_BOUND('',#8448,.T.);
#8448 = EDGE_LOOP('',(#8449,#8472,#8473,#8496));
#8449 = ORIENTED_EDGE('',*,*,#8450,.F.);
#8450 = EDGE_CURVE('',#4954,#8451,#8453,.T.);
#8451 = VERTEX_POINT('',#8452);
#8452 = CARTESIAN_POINT('',(29.,30.3,0.));
#8453 = SURFACE_CURVE('',#8454,(#8458,#8465),.PCURVE_S1.);
#8454 = LINE('',#8455,#8456);
#8455 = CARTESIAN_POINT('',(29.,30.3,-2.41));
#8456 = VECTOR('',#8457,1.);
#8457 = DIRECTION('',(0.,0.,1.));
#8458 = PCURVE('',#4970,#8459);
#8459 = DEFINITIONAL_REPRESENTATION('',(#8460),#8464);
#8460 = LINE('',#8461,#8462);
#8461 = CARTESIAN_POINT('',(0.,20.));
#8462 = VECTOR('',#8463,1.);
#8463 = DIRECTION('',(1.,0.));
#8464 = ( GEOMETRIC_REPRESENTATION_CONTEXT(2) 
PARAMETRIC_REPRESENTATION_CONTEXT() REPRESENTATION_CONTEXT('2D SPACE',''
  ) );
#8465 = PCURVE('',#5046,#8466);
#8466 = DEFINITIONAL_REPRESENTATION('',(#8467),#8471);
#8467 = LINE('',#8468,#8469);
#8468 = CARTESIAN_POINT('',(0.,0.));
#8469 = VECTOR('',#8470,1.);
#8470 = DIRECTION('',(1.,0.));
#8471 = ( GEOMETRIC_REPRESENTATION_CONTEXT(2) 
PARAMETRIC_REPRESENTATION_CONTEXT() REPRESENTATION_CONTEXT('2D SPACE',''
  ) );
#8472 = ORIENTED_EDGE('',*,*,#4953,.T.);
#8473 = ORIENTED_EDGE('',*,*,#8474,.T.);
#8474 = EDGE_CURVE('',#4956,#8475,#8477,.T.);
#8475 = VERTEX_POINT('',#8476);
#8476 = CARTESIAN_POINT('',(9.,30.3,0.));
#8477 = SURFACE_CURVE('',#8478,(#8482,#8489),.PCURVE_S1.);
#8478 = LINE('',#8479,#8480);
#8479 = CARTESIAN_POINT('',(9.,30.3,-2.41));
#8480 = VECTOR('',#8481,1.);
#8481 = DIRECTION('',(0.,0.,1.));
#8482 = PCURVE('',#4970,#8483);
#8483 = DEFINITIONAL_REPRESENTATION('',(#8484),#8488);
#8484 = LINE('',#8485,#8486);
#8485 = CARTESIAN_POINT('',(0.,0.));
#8486 = VECTOR('',#8487,1.);
#8487 = DIRECTION('',(1.,0.));
#8488 = ( GEOMETRIC_REPRESENTATION_CONTEXT(2) 
PARAMETRIC_REPRESENTATION_CONTEXT() REPRESENTATION_CONTEXT('2D SPACE',''
  ) );
#8489 = PCURVE('',#4996,#8490);
#8490 = DEFINITIONAL_REPRESENTATION('',(#8491),#8495);
#8491 = LINE('',#8492,#8493);
#8492 = CARTESIAN_POINT('',(0.,0.));
#8493 = VECTOR('',#8494,1.);
#8494 = DIRECTION('',(1.,0.));
#8495 = ( GEOMETRIC_REPRESENTATION_CONTEXT(2) 
PARAMETRIC_REPRESENTATION_CONTEXT() REPRESENTATION_CONTEXT('2D SPACE',''
  ) );
#8496 = ORIENTED_EDGE('',*,*,#8497,.F.);
#8497 = EDGE_CURVE('',#8451,#8475,#8498,.T.);
#8498 = SURFACE_CURVE('',#8499,(#8503,#8509),.PCURVE_S1.);
#8499 = LINE('',#8500,#8501);
#8500 = CARTESIAN_POINT('',(20.,30.3,0.));
#8501 = VECTOR('',#8502,1.);
#8502 = DIRECTION('',(-1.,-0.,0.));
#8503 = PCURVE('',#4970,#8504);
#8504 = DEFINITIONAL_REPRESENTATION('',(#8505),#8508);
#8505 = B_SPLINE_CURVE_WITH_KNOTS('',1,(#8506,#8507),.UNSPECIFIED.,.F.,
  .F.,(2,2),(-9.,11.),.PIECEWISE_BEZIER_KNOTS.);
#8506 = CARTESIAN_POINT('',(2.41,20.));
#8507 = CARTESIAN_POINT('',(2.41,0.));
#8508 = ( GEOMETRIC_REPRESENTATION_CONTEXT(2) 
PARAMETRIC_REPRESENTATION_CONTEXT() REPRESENTATION_CONTEXT('2D SPACE',''
  ) );
#8509 = PCURVE('',#6847,#8510);
#8510 = DEFINITIONAL_REPRESENTATION('',(#8511),#8514);
#8511 = B_SPLINE_CURVE_WITH_KNOTS('',1,(#8512,#8513),.UNSPECIFIED.,.F.,
  .F.,(2,2),(-9.,11.),.PIECEWISE_BEZIER_KNOTS.);
#8512 = CARTESIAN_POINT('',(-2.,-14.15));
#8513 = CARTESIAN_POINT('',(-22.,-14.15));
#8514 = ( GEOMETRIC_REPRESENTATION_CONTEXT(2) 
PARAMETRIC_REPRESENTATION_CONTEXT() REPRESENTATION_CONTEXT('2D SPACE',''
  ) );
#8515 = ADVANCED_FACE('',(#8516),#5046,.F.);
#8516 = FACE_BOUND('',#8517,.F.);
#8517 = EDGE_LOOP('',(#8518,#8519,#8520,#8543));
#8518 = ORIENTED_EDGE('',*,*,#8450,.F.);
#8519 = ORIENTED_EDGE('',*,*,#5033,.T.);
#8520 = ORIENTED_EDGE('',*,*,#8521,.T.);
#8521 = EDGE_CURVE('',#5008,#8522,#8524,.T.);
#8522 = VERTEX_POINT('',#8523);
#8523 = CARTESIAN_POINT('',(29.,32.3,0.));
#8524 = SURFACE_CURVE('',#8525,(#8529,#8536),.PCURVE_S1.);
#8525 = LINE('',#8526,#8527);
#8526 = CARTESIAN_POINT('',(29.,32.3,-2.41));
#8527 = VECTOR('',#8528,1.);
#8528 = DIRECTION('',(0.,0.,1.));
#8529 = PCURVE('',#5046,#8530);
#8530 = DEFINITIONAL_REPRESENTATION('',(#8531),#8535);
#8531 = LINE('',#8532,#8533);
#8532 = CARTESIAN_POINT('',(0.,-2.));
#8533 = VECTOR('',#8534,1.);
#8534 = DIRECTION('',(1.,0.));
#8535 = ( GEOMETRIC_REPRESENTATION_CONTEXT(2) 
PARAMETRIC_REPRESENTATION_CONTEXT() REPRESENTATION_CONTEXT('2D SPACE',''
  ) );
#8536 = PCURVE('',#5022,#8537);
#8537 = DEFINITIONAL_REPRESENTATION('',(#8538),#8542);
#8538 = LINE('',#8539,#8540);
#8539 = CARTESIAN_POINT('',(0.,20.));
#8540 = VECTOR('',#8541,1.);
#8541 = DIRECTION('',(1.,0.));
#8542 = ( GEOMETRIC_REPRESENTATION_CONTEXT(2) 
PARAMETRIC_REPRESENTATION_CONTEXT() REPRESENTATION_CONTEXT('2D SPACE',''
  ) );
#8543 = ORIENTED_EDGE('',*,*,#8544,.F.);
#8544 = EDGE_CURVE('',#8451,#8522,#8545,.T.);
#8545 = SURFACE_CURVE('',#8546,(#8550,#8556),.PCURVE_S1.);
#8546 = LINE('',#8547,#8548);
#8547 = CARTESIAN_POINT('',(29.,37.375,0.));
#8548 = VECTOR('',#8549,1.);
#8549 = DIRECTION('',(-0.,1.,0.));
#8550 = PCURVE('',#5046,#8551);
#8551 = DEFINITIONAL_REPRESENTATION('',(#8552),#8555);
#8552 = B_SPLINE_CURVE_WITH_KNOTS('',1,(#8553,#8554),.UNSPECIFIED.,.F.,
  .F.,(2,2),(-7.075,-5.075),.PIECEWISE_BEZIER_KNOTS.);
#8553 = CARTESIAN_POINT('',(2.41,0.));
#8554 = CARTESIAN_POINT('',(2.41,-2.));
#8555 = ( GEOMETRIC_REPRESENTATION_CONTEXT(2) 
PARAMETRIC_REPRESENTATION_CONTEXT() REPRESENTATION_CONTEXT('2D SPACE',''
  ) );
#8556 = PCURVE('',#6847,#8557);
#8557 = DEFINITIONAL_REPRESENTATION('',(#8558),#8561);
#8558 = B_SPLINE_CURVE_WITH_KNOTS('',1,(#8559,#8560),.UNSPECIFIED.,.F.,
  .F.,(2,2),(-7.075,-5.075),.PIECEWISE_BEZIER_KNOTS.);
#8559 = CARTESIAN_POINT('',(-2.,-14.15));
#8560 = CARTESIAN_POINT('',(-2.,-12.15));
#8561 = ( GEOMETRIC_REPRESENTATION_CONTEXT(2) 
PARAMETRIC_REPRESENTATION_CONTEXT() REPRESENTATION_CONTEXT('2D SPACE',''
  ) );
#8562 = ADVANCED_FACE('',(#8563),#5022,.F.);
#8563 = FACE_BOUND('',#8564,.F.);
#8564 = EDGE_LOOP('',(#8565,#8566,#8567,#8590));
#8565 = ORIENTED_EDGE('',*,*,#8521,.F.);
#8566 = ORIENTED_EDGE('',*,*,#5007,.T.);
#8567 = ORIENTED_EDGE('',*,*,#8568,.T.);
#8568 = EDGE_CURVE('',#4982,#8569,#8571,.T.);
#8569 = VERTEX_POINT('',#8570);
#8570 = CARTESIAN_POINT('',(9.,32.3,0.));
#8571 = SURFACE_CURVE('',#8572,(#8576,#8583),.PCURVE_S1.);
#8572 = LINE('',#8573,#8574);
#8573 = CARTESIAN_POINT('',(9.,32.3,-2.41));
#8574 = VECTOR('',#8575,1.);
#8575 = DIRECTION('',(0.,0.,1.));
#8576 = PCURVE('',#5022,#8577);
#8577 = DEFINITIONAL_REPRESENTATION('',(#8578),#8582);
#8578 = LINE('',#8579,#8580);
#8579 = CARTESIAN_POINT('',(0.,0.));
#8580 = VECTOR('',#8581,1.);
#8581 = DIRECTION('',(1.,0.));
#8582 = ( GEOMETRIC_REPRESENTATION_CONTEXT(2) 
PARAMETRIC_REPRESENTATION_CONTEXT() REPRESENTATION_CONTEXT('2D SPACE',''
  ) );
#8583 = PCURVE('',#4996,#8584);
#8584 = DEFINITIONAL_REPRESENTATION('',(#8585),#8589);
#8585 = LINE('',#8586,#8587);
#8586 = CARTESIAN_POINT('',(0.,-2.));
#8587 = VECTOR('',#8588,1.);
#8588 = DIRECTION('',(1.,0.));
#8589 = ( GEOMETRIC_REPRESENTATION_CONTEXT(2) 
PARAMETRIC_REPRESENTATION_CONTEXT() REPRESENTATION_CONTEXT('2D SPACE',''
  ) );
#8590 = ORIENTED_EDGE('',*,*,#8591,.F.);
#8591 = EDGE_CURVE('',#8522,#8569,#8592,.T.);
#8592 = SURFACE_CURVE('',#8593,(#8597,#8603),.PCURVE_S1.);
#8593 = LINE('',#8594,#8595);
#8594 = CARTESIAN_POINT('',(20.,32.3,0.));
#8595 = VECTOR('',#8596,1.);
#8596 = DIRECTION('',(-1.,-0.,0.));
#8597 = PCURVE('',#5022,#8598);
#8598 = DEFINITIONAL_REPRESENTATION('',(#8599),#8602);
#8599 = B_SPLINE_CURVE_WITH_KNOTS('',1,(#8600,#8601),.UNSPECIFIED.,.F.,
  .F.,(2,2),(-9.,11.),.PIECEWISE_BEZIER_KNOTS.);
#8600 = CARTESIAN_POINT('',(2.41,20.));
#8601 = CARTESIAN_POINT('',(2.41,0.));
#8602 = ( GEOMETRIC_REPRESENTATION_CONTEXT(2) 
PARAMETRIC_REPRESENTATION_CONTEXT() REPRESENTATION_CONTEXT('2D SPACE',''
  ) );
#8603 = PCURVE('',#6847,#8604);
#8604 = DEFINITIONAL_REPRESENTATION('',(#8605),#8608);
#8605 = B_SPLINE_CURVE_WITH_KNOTS('',1,(#8606,#8607),.UNSPECIFIED.,.F.,
  .F.,(2,2),(-9.,11.),.PIECEWISE_BEZIER_KNOTS.);
#8606 = CARTESIAN_POINT('',(-2.,-12.15));
#8607 = CARTESIAN_POINT('',(-22.,-12.15));
#8608 = ( GEOMETRIC_REPRESENTATION_CONTEXT(2) 
PARAMETRIC_REPRESENTATION_CONTEXT() REPRESENTATION_CONTEXT('2D SPACE',''
  ) );
#8609 = ADVANCED_FACE('',(#8610),#4996,.T.);
#8610 = FACE_BOUND('',#8611,.T.);
#8611 = EDGE_LOOP('',(#8612,#8613,#8614,#8615));
#8612 = ORIENTED_EDGE('',*,*,#8474,.F.);
#8613 = ORIENTED_EDGE('',*,*,#4981,.T.);
#8614 = ORIENTED_EDGE('',*,*,#8568,.T.);
#8615 = ORIENTED_EDGE('',*,*,#8616,.F.);
#8616 = EDGE_CURVE('',#8475,#8569,#8617,.T.);
#8617 = SURFACE_CURVE('',#8618,(#8622,#8628),.PCURVE_S1.);
#8618 = LINE('',#8619,#8620);
#8619 = CARTESIAN_POINT('',(9.,37.375,0.));
#8620 = VECTOR('',#8621,1.);
#8621 = DIRECTION('',(-0.,1.,0.));
#8622 = PCURVE('',#4996,#8623);
#8623 = DEFINITIONAL_REPRESENTATION('',(#8624),#8627);
#8624 = B_SPLINE_CURVE_WITH_KNOTS('',1,(#8625,#8626),.UNSPECIFIED.,.F.,
  .F.,(2,2),(-7.075,-5.075),.PIECEWISE_BEZIER_KNOTS.);
#8625 = CARTESIAN_POINT('',(2.41,0.));
#8626 = CARTESIAN_POINT('',(2.41,-2.));
#8627 = ( GEOMETRIC_REPRESENTATION_CONTEXT(2) 
PARAMETRIC_REPRESENTATION_CONTEXT() REPRESENTATION_CONTEXT('2D SPACE',''
  ) );
#8628 = PCURVE('',#6847,#8629);
#8629 = DEFINITIONAL_REPRESENTATION('',(#8630),#8633);
#8630 = B_SPLINE_CURVE_WITH_KNOTS('',1,(#8631,#8632),.UNSPECIFIED.,.F.,
  .F.,(2,2),(-7.075,-5.075),.PIECEWISE_BEZIER_KNOTS.);
#8631 = CARTESIAN_POINT('',(-22.,-14.15));
#8632 = CARTESIAN_POINT('',(-22.,-12.15));
#8633 = ( GEOMETRIC_REPRESENTATION_CONTEXT(2) 
PARAMETRIC_REPRESENTATION_CONTEXT() REPRESENTATION_CONTEXT('2D SPACE',''
  ) );
#8634 = ADVANCED_FACE('',(#8635),#5076,.T.);
#8635 = FACE_BOUND('',#8636,.T.);
#8636 = EDGE_LOOP('',(#8637,#8660,#8661,#8684));
#8637 = ORIENTED_EDGE('',*,*,#8638,.F.);
#8638 = EDGE_CURVE('',#5060,#8639,#8641,.T.);
#8639 = VERTEX_POINT('',#8640);
#8640 = CARTESIAN_POINT('',(29.,34.3,0.));
#8641 = SURFACE_CURVE('',#8642,(#8646,#8653),.PCURVE_S1.);
#8642 = LINE('',#8643,#8644);
#8643 = CARTESIAN_POINT('',(29.,34.3,-2.41));
#8644 = VECTOR('',#8645,1.);
#8645 = DIRECTION('',(0.,0.,1.));
#8646 = PCURVE('',#5076,#8647);
#8647 = DEFINITIONAL_REPRESENTATION('',(#8648),#8652);
#8648 = LINE('',#8649,#8650);
#8649 = CARTESIAN_POINT('',(0.,20.));
#8650 = VECTOR('',#8651,1.);
#8651 = DIRECTION('',(1.,0.));
#8652 = ( GEOMETRIC_REPRESENTATION_CONTEXT(2) 
PARAMETRIC_REPRESENTATION_CONTEXT() REPRESENTATION_CONTEXT('2D SPACE',''
  ) );
#8653 = PCURVE('',#5152,#8654);
#8654 = DEFINITIONAL_REPRESENTATION('',(#8655),#8659);
#8655 = LINE('',#8656,#8657);
#8656 = CARTESIAN_POINT('',(0.,0.));
#8657 = VECTOR('',#8658,1.);
#8658 = DIRECTION('',(1.,0.));
#8659 = ( GEOMETRIC_REPRESENTATION_CONTEXT(2) 
PARAMETRIC_REPRESENTATION_CONTEXT() REPRESENTATION_CONTEXT('2D SPACE',''
  ) );
#8660 = ORIENTED_EDGE('',*,*,#5059,.T.);
#8661 = ORIENTED_EDGE('',*,*,#8662,.T.);
#8662 = EDGE_CURVE('',#5062,#8663,#8665,.T.);
#8663 = VERTEX_POINT('',#8664);
#8664 = CARTESIAN_POINT('',(9.,34.3,0.));
#8665 = SURFACE_CURVE('',#8666,(#8670,#8677),.PCURVE_S1.);
#8666 = LINE('',#8667,#8668);
#8667 = CARTESIAN_POINT('',(9.,34.3,-2.41));
#8668 = VECTOR('',#8669,1.);
#8669 = DIRECTION('',(0.,0.,1.));
#8670 = PCURVE('',#5076,#8671);
#8671 = DEFINITIONAL_REPRESENTATION('',(#8672),#8676);
#8672 = LINE('',#8673,#8674);
#8673 = CARTESIAN_POINT('',(0.,0.));
#8674 = VECTOR('',#8675,1.);
#8675 = DIRECTION('',(1.,0.));
#8676 = ( GEOMETRIC_REPRESENTATION_CONTEXT(2) 
PARAMETRIC_REPRESENTATION_CONTEXT() REPRESENTATION_CONTEXT('2D SPACE',''
  ) );
#8677 = PCURVE('',#5102,#8678);
#8678 = DEFINITIONAL_REPRESENTATION('',(#8679),#8683);
#8679 = LINE('',#8680,#8681);
#8680 = CARTESIAN_POINT('',(0.,0.));
#8681 = VECTOR('',#8682,1.);
#8682 = DIRECTION('',(1.,0.));
#8683 = ( GEOMETRIC_REPRESENTATION_CONTEXT(2) 
PARAMETRIC_REPRESENTATION_CONTEXT() REPRESENTATION_CONTEXT('2D SPACE',''
  ) );
#8684 = ORIENTED_EDGE('',*,*,#8685,.F.);
#8685 = EDGE_CURVE('',#8639,#8663,#8686,.T.);
#8686 = SURFACE_CURVE('',#8687,(#8691,#8697),.PCURVE_S1.);
#8687 = LINE('',#8688,#8689);
#8688 = CARTESIAN_POINT('',(20.,34.3,0.));
#8689 = VECTOR('',#8690,1.);
#8690 = DIRECTION('',(-1.,-0.,0.));
#8691 = PCURVE('',#5076,#8692);
#8692 = DEFINITIONAL_REPRESENTATION('',(#8693),#8696);
#8693 = B_SPLINE_CURVE_WITH_KNOTS('',1,(#8694,#8695),.UNSPECIFIED.,.F.,
  .F.,(2,2),(-9.,11.),.PIECEWISE_BEZIER_KNOTS.);
#8694 = CARTESIAN_POINT('',(2.41,20.));
#8695 = CARTESIAN_POINT('',(2.41,0.));
#8696 = ( GEOMETRIC_REPRESENTATION_CONTEXT(2) 
PARAMETRIC_REPRESENTATION_CONTEXT() REPRESENTATION_CONTEXT('2D SPACE',''
  ) );
#8697 = PCURVE('',#6847,#8698);
#8698 = DEFINITIONAL_REPRESENTATION('',(#8699),#8702);
#8699 = B_SPLINE_CURVE_WITH_KNOTS('',1,(#8700,#8701),.UNSPECIFIED.,.F.,
  .F.,(2,2),(-9.,11.),.PIECEWISE_BEZIER_KNOTS.);
#8700 = CARTESIAN_POINT('',(-2.,-10.15));
#8701 = CARTESIAN_POINT('',(-22.,-10.15));
#8702 = ( GEOMETRIC_REPRESENTATION_CONTEXT(2) 
PARAMETRIC_REPRESENTATION_CONTEXT() REPRESENTATION_CONTEXT('2D SPACE',''
  ) );
#8703 = ADVANCED_FACE('',(#8704),#5152,.F.);
#8704 = FACE_BOUND('',#8705,.F.);
#8705 = EDGE_LOOP('',(#8706,#8707,#8708,#8731));
#8706 = ORIENTED_EDGE('',*,*,#8638,.F.);
#8707 = ORIENTED_EDGE('',*,*,#5139,.T.);
#8708 = ORIENTED_EDGE('',*,*,#8709,.T.);
#8709 = EDGE_CURVE('',#5114,#8710,#8712,.T.);
#8710 = VERTEX_POINT('',#8711);
#8711 = CARTESIAN_POINT('',(29.,36.3,0.));
#8712 = SURFACE_CURVE('',#8713,(#8717,#8724),.PCURVE_S1.);
#8713 = LINE('',#8714,#8715);
#8714 = CARTESIAN_POINT('',(29.,36.3,-2.41));
#8715 = VECTOR('',#8716,1.);
#8716 = DIRECTION('',(0.,0.,1.));
#8717 = PCURVE('',#5152,#8718);
#8718 = DEFINITIONAL_REPRESENTATION('',(#8719),#8723);
#8719 = LINE('',#8720,#8721);
#8720 = CARTESIAN_POINT('',(0.,-2.));
#8721 = VECTOR('',#8722,1.);
#8722 = DIRECTION('',(1.,0.));
#8723 = ( GEOMETRIC_REPRESENTATION_CONTEXT(2) 
PARAMETRIC_REPRESENTATION_CONTEXT() REPRESENTATION_CONTEXT('2D SPACE',''
  ) );
#8724 = PCURVE('',#5128,#8725);
#8725 = DEFINITIONAL_REPRESENTATION('',(#8726),#8730);
#8726 = LINE('',#8727,#8728);
#8727 = CARTESIAN_POINT('',(0.,20.));
#8728 = VECTOR('',#8729,1.);
#8729 = DIRECTION('',(1.,0.));
#8730 = ( GEOMETRIC_REPRESENTATION_CONTEXT(2) 
PARAMETRIC_REPRESENTATION_CONTEXT() REPRESENTATION_CONTEXT('2D SPACE',''
  ) );
#8731 = ORIENTED_EDGE('',*,*,#8732,.F.);
#8732 = EDGE_CURVE('',#8639,#8710,#8733,.T.);
#8733 = SURFACE_CURVE('',#8734,(#8738,#8744),.PCURVE_S1.);
#8734 = LINE('',#8735,#8736);
#8735 = CARTESIAN_POINT('',(29.,39.375,0.));
#8736 = VECTOR('',#8737,1.);
#8737 = DIRECTION('',(-0.,1.,0.));
#8738 = PCURVE('',#5152,#8739);
#8739 = DEFINITIONAL_REPRESENTATION('',(#8740),#8743);
#8740 = B_SPLINE_CURVE_WITH_KNOTS('',1,(#8741,#8742),.UNSPECIFIED.,.F.,
  .F.,(2,2),(-5.075,-3.075),.PIECEWISE_BEZIER_KNOTS.);
#8741 = CARTESIAN_POINT('',(2.41,0.));
#8742 = CARTESIAN_POINT('',(2.41,-2.));
#8743 = ( GEOMETRIC_REPRESENTATION_CONTEXT(2) 
PARAMETRIC_REPRESENTATION_CONTEXT() REPRESENTATION_CONTEXT('2D SPACE',''
  ) );
#8744 = PCURVE('',#6847,#8745);
#8745 = DEFINITIONAL_REPRESENTATION('',(#8746),#8749);
#8746 = B_SPLINE_CURVE_WITH_KNOTS('',1,(#8747,#8748),.UNSPECIFIED.,.F.,
  .F.,(2,2),(-5.075,-3.075),.PIECEWISE_BEZIER_KNOTS.);
#8747 = CARTESIAN_POINT('',(-2.,-10.15));
#8748 = CARTESIAN_POINT('',(-2.,-8.15));
#8749 = ( GEOMETRIC_REPRESENTATION_CONTEXT(2) 
PARAMETRIC_REPRESENTATION_CONTEXT() REPRESENTATION_CONTEXT('2D SPACE',''
  ) );
#8750 = ADVANCED_FACE('',(#8751),#5128,.F.);
#8751 = FACE_BOUND('',#8752,.F.);
#8752 = EDGE_LOOP('',(#8753,#8754,#8755,#8778));
#8753 = ORIENTED_EDGE('',*,*,#8709,.F.);
#8754 = ORIENTED_EDGE('',*,*,#5113,.T.);
#8755 = ORIENTED_EDGE('',*,*,#8756,.T.);
#8756 = EDGE_CURVE('',#5088,#8757,#8759,.T.);
#8757 = VERTEX_POINT('',#8758);
#8758 = CARTESIAN_POINT('',(9.,36.3,0.));
#8759 = SURFACE_CURVE('',#8760,(#8764,#8771),.PCURVE_S1.);
#8760 = LINE('',#8761,#8762);
#8761 = CARTESIAN_POINT('',(9.,36.3,-2.41));
#8762 = VECTOR('',#8763,1.);
#8763 = DIRECTION('',(0.,0.,1.));
#8764 = PCURVE('',#5128,#8765);
#8765 = DEFINITIONAL_REPRESENTATION('',(#8766),#8770);
#8766 = LINE('',#8767,#8768);
#8767 = CARTESIAN_POINT('',(0.,0.));
#8768 = VECTOR('',#8769,1.);
#8769 = DIRECTION('',(1.,0.));
#8770 = ( GEOMETRIC_REPRESENTATION_CONTEXT(2) 
PARAMETRIC_REPRESENTATION_CONTEXT() REPRESENTATION_CONTEXT('2D SPACE',''
  ) );
#8771 = PCURVE('',#5102,#8772);
#8772 = DEFINITIONAL_REPRESENTATION('',(#8773),#8777);
#8773 = LINE('',#8774,#8775);
#8774 = CARTESIAN_POINT('',(0.,-2.));
#8775 = VECTOR('',#8776,1.);
#8776 = DIRECTION('',(1.,0.));
#8777 = ( GEOMETRIC_REPRESENTATION_CONTEXT(2) 
PARAMETRIC_REPRESENTATION_CONTEXT() REPRESENTATION_CONTEXT('2D SPACE',''
  ) );
#8778 = ORIENTED_EDGE('',*,*,#8779,.F.);
#8779 = EDGE_CURVE('',#8710,#8757,#8780,.T.);
#8780 = SURFACE_CURVE('',#8781,(#8785,#8791),.PCURVE_S1.);
#8781 = LINE('',#8782,#8783);
#8782 = CARTESIAN_POINT('',(20.,36.3,0.));
#8783 = VECTOR('',#8784,1.);
#8784 = DIRECTION('',(-1.,-0.,0.));
#8785 = PCURVE('',#5128,#8786);
#8786 = DEFINITIONAL_REPRESENTATION('',(#8787),#8790);
#8787 = B_SPLINE_CURVE_WITH_KNOTS('',1,(#8788,#8789),.UNSPECIFIED.,.F.,
  .F.,(2,2),(-9.,11.),.PIECEWISE_BEZIER_KNOTS.);
#8788 = CARTESIAN_POINT('',(2.41,20.));
#8789 = CARTESIAN_POINT('',(2.41,0.));
#8790 = ( GEOMETRIC_REPRESENTATION_CONTEXT(2) 
PARAMETRIC_REPRESENTATION_CONTEXT() REPRESENTATION_CONTEXT('2D SPACE',''
  ) );
#8791 = PCURVE('',#6847,#8792);
#8792 = DEFINITIONAL_REPRESENTATION('',(#8793),#8796);
#8793 = B_SPLINE_CURVE_WITH_KNOTS('',1,(#8794,#8795),.UNSPECIFIED.,.F.,
  .F.,(2,2),(-9.,11.),.PIECEWISE_BEZIER_KNOTS.);
#8794 = CARTESIAN_POINT('',(-2.,-8.15));
#8795 = CARTESIAN_POINT('',(-22.,-8.15));
#8796 = ( GEOMETRIC_REPRESENTATION_CONTEXT(2) 
PARAMETRIC_REPRESENTATION_CONTEXT() REPRESENTATION_CONTEXT('2D SPACE',''
  ) );
#8797 = ADVANCED_FACE('',(#8798),#5102,.T.);
#8798 = FACE_BOUND('',#8799,.T.);
#8799 = EDGE_LOOP('',(#8800,#8801,#8802,#8803));
#8800 = ORIENTED_EDGE('',*,*,#8662,.F.);
#8801 = ORIENTED_EDGE('',*,*,#5087,.T.);
#8802 = ORIENTED_EDGE('',*,*,#8756,.T.);
#8803 = ORIENTED_EDGE('',*,*,#8804,.F.);
#8804 = EDGE_CURVE('',#8663,#8757,#8805,.T.);
#8805 = SURFACE_CURVE('',#8806,(#8810,#8816),.PCURVE_S1.);
#8806 = LINE('',#8807,#8808);
#8807 = CARTESIAN_POINT('',(9.,39.375,0.));
#8808 = VECTOR('',#8809,1.);
#8809 = DIRECTION('',(-0.,1.,0.));
#8810 = PCURVE('',#5102,#8811);
#8811 = DEFINITIONAL_REPRESENTATION('',(#8812),#8815);
#8812 = B_SPLINE_CURVE_WITH_KNOTS('',1,(#8813,#8814),.UNSPECIFIED.,.F.,
  .F.,(2,2),(-5.075,-3.075),.PIECEWISE_BEZIER_KNOTS.);
#8813 = CARTESIAN_POINT('',(2.41,0.));
#8814 = CARTESIAN_POINT('',(2.41,-2.));
#8815 = ( GEOMETRIC_REPRESENTATION_CONTEXT(2) 
PARAMETRIC_REPRESENTATION_CONTEXT() REPRESENTATION_CONTEXT('2D SPACE',''
  ) );
#8816 = PCURVE('',#6847,#8817);
#8817 = DEFINITIONAL_REPRESENTATION('',(#8818),#8821);
#8818 = B_SPLINE_CURVE_WITH_KNOTS('',1,(#8819,#8820),.UNSPECIFIED.,.F.,
  .F.,(2,2),(-5.075,-3.075),.PIECEWISE_BEZIER_KNOTS.);
#8819 = CARTESIAN_POINT('',(-22.,-10.15));
#8820 = CARTESIAN_POINT('',(-22.,-8.15));
#8821 = ( GEOMETRIC_REPRESENTATION_CONTEXT(2) 
PARAMETRIC_REPRESENTATION_CONTEXT() REPRESENTATION_CONTEXT('2D SPACE',''
  ) );
#8822 = ADVANCED_FACE('',(#8823),#5182,.T.);
#8823 = FACE_BOUND('',#8824,.T.);
#8824 = EDGE_LOOP('',(#8825,#8848,#8849,#8872));
#8825 = ORIENTED_EDGE('',*,*,#8826,.F.);
#8826 = EDGE_CURVE('',#5166,#8827,#8829,.T.);
#8827 = VERTEX_POINT('',#8828);
#8828 = CARTESIAN_POINT('',(29.,38.3,0.));
#8829 = SURFACE_CURVE('',#8830,(#8834,#8841),.PCURVE_S1.);
#8830 = LINE('',#8831,#8832);
#8831 = CARTESIAN_POINT('',(29.,38.3,-2.41));
#8832 = VECTOR('',#8833,1.);
#8833 = DIRECTION('',(0.,0.,1.));
#8834 = PCURVE('',#5182,#8835);
#8835 = DEFINITIONAL_REPRESENTATION('',(#8836),#8840);
#8836 = LINE('',#8837,#8838);
#8837 = CARTESIAN_POINT('',(0.,20.));
#8838 = VECTOR('',#8839,1.);
#8839 = DIRECTION('',(1.,0.));
#8840 = ( GEOMETRIC_REPRESENTATION_CONTEXT(2) 
PARAMETRIC_REPRESENTATION_CONTEXT() REPRESENTATION_CONTEXT('2D SPACE',''
  ) );
#8841 = PCURVE('',#5258,#8842);
#8842 = DEFINITIONAL_REPRESENTATION('',(#8843),#8847);
#8843 = LINE('',#8844,#8845);
#8844 = CARTESIAN_POINT('',(0.,0.));
#8845 = VECTOR('',#8846,1.);
#8846 = DIRECTION('',(1.,0.));
#8847 = ( GEOMETRIC_REPRESENTATION_CONTEXT(2) 
PARAMETRIC_REPRESENTATION_CONTEXT() REPRESENTATION_CONTEXT('2D SPACE',''
  ) );
#8848 = ORIENTED_EDGE('',*,*,#5165,.T.);
#8849 = ORIENTED_EDGE('',*,*,#8850,.T.);
#8850 = EDGE_CURVE('',#5168,#8851,#8853,.T.);
#8851 = VERTEX_POINT('',#8852);
#8852 = CARTESIAN_POINT('',(9.,38.3,0.));
#8853 = SURFACE_CURVE('',#8854,(#8858,#8865),.PCURVE_S1.);
#8854 = LINE('',#8855,#8856);
#8855 = CARTESIAN_POINT('',(9.,38.3,-2.41));
#8856 = VECTOR('',#8857,1.);
#8857 = DIRECTION('',(0.,0.,1.));
#8858 = PCURVE('',#5182,#8859);
#8859 = DEFINITIONAL_REPRESENTATION('',(#8860),#8864);
#8860 = LINE('',#8861,#8862);
#8861 = CARTESIAN_POINT('',(0.,0.));
#8862 = VECTOR('',#8863,1.);
#8863 = DIRECTION('',(1.,0.));
#8864 = ( GEOMETRIC_REPRESENTATION_CONTEXT(2) 
PARAMETRIC_REPRESENTATION_CONTEXT() REPRESENTATION_CONTEXT('2D SPACE',''
  ) );
#8865 = PCURVE('',#5208,#8866);
#8866 = DEFINITIONAL_REPRESENTATION('',(#8867),#8871);
#8867 = LINE('',#8868,#8869);
#8868 = CARTESIAN_POINT('',(0.,0.));
#8869 = VECTOR('',#8870,1.);
#8870 = DIRECTION('',(1.,0.));
#8871 = ( GEOMETRIC_REPRESENTATION_CONTEXT(2) 
PARAMETRIC_REPRESENTATION_CONTEXT() REPRESENTATION_CONTEXT('2D SPACE',''
  ) );
#8872 = ORIENTED_EDGE('',*,*,#8873,.F.);
#8873 = EDGE_CURVE('',#8827,#8851,#8874,.T.);
#8874 = SURFACE_CURVE('',#8875,(#8879,#8885),.PCURVE_S1.);
#8875 = LINE('',#8876,#8877);
#8876 = CARTESIAN_POINT('',(20.,38.3,0.));
#8877 = VECTOR('',#8878,1.);
#8878 = DIRECTION('',(-1.,-0.,0.));
#8879 = PCURVE('',#5182,#8880);
#8880 = DEFINITIONAL_REPRESENTATION('',(#8881),#8884);
#8881 = B_SPLINE_CURVE_WITH_KNOTS('',1,(#8882,#8883),.UNSPECIFIED.,.F.,
  .F.,(2,2),(-9.,11.),.PIECEWISE_BEZIER_KNOTS.);
#8882 = CARTESIAN_POINT('',(2.41,20.));
#8883 = CARTESIAN_POINT('',(2.41,0.));
#8884 = ( GEOMETRIC_REPRESENTATION_CONTEXT(2) 
PARAMETRIC_REPRESENTATION_CONTEXT() REPRESENTATION_CONTEXT('2D SPACE',''
  ) );
#8885 = PCURVE('',#6847,#8886);
#8886 = DEFINITIONAL_REPRESENTATION('',(#8887),#8890);
#8887 = B_SPLINE_CURVE_WITH_KNOTS('',1,(#8888,#8889),.UNSPECIFIED.,.F.,
  .F.,(2,2),(-9.,11.),.PIECEWISE_BEZIER_KNOTS.);
#8888 = CARTESIAN_POINT('',(-2.,-6.15));
#8889 = CARTESIAN_POINT('',(-22.,-6.15));
#8890 = ( GEOMETRIC_REPRESENTATION_CONTEXT(2) 
PARAMETRIC_REPRESENTATION_CONTEXT() REPRESENTATION_CONTEXT('2D SPACE',''
  ) );
#8891 = ADVANCED_FACE('',(#8892),#5258,.F.);
#8892 = FACE_BOUND('',#8893,.F.);
#8893 = EDGE_LOOP('',(#8894,#8895,#8896,#8919));
#8894 = ORIENTED_EDGE('',*,*,#8826,.F.);
#8895 = ORIENTED_EDGE('',*,*,#5245,.T.);
#8896 = ORIENTED_EDGE('',*,*,#8897,.T.);
#8897 = EDGE_CURVE('',#5220,#8898,#8900,.T.);
#8898 = VERTEX_POINT('',#8899);
#8899 = CARTESIAN_POINT('',(29.,40.3,0.));
#8900 = SURFACE_CURVE('',#8901,(#8905,#8912),.PCURVE_S1.);
#8901 = LINE('',#8902,#8903);
#8902 = CARTESIAN_POINT('',(29.,40.3,-2.41));
#8903 = VECTOR('',#8904,1.);
#8904 = DIRECTION('',(0.,0.,1.));
#8905 = PCURVE('',#5258,#8906);
#8906 = DEFINITIONAL_REPRESENTATION('',(#8907),#8911);
#8907 = LINE('',#8908,#8909);
#8908 = CARTESIAN_POINT('',(0.,-2.));
#8909 = VECTOR('',#8910,1.);
#8910 = DIRECTION('',(1.,0.));
#8911 = ( GEOMETRIC_REPRESENTATION_CONTEXT(2) 
PARAMETRIC_REPRESENTATION_CONTEXT() REPRESENTATION_CONTEXT('2D SPACE',''
  ) );
#8912 = PCURVE('',#5234,#8913);
#8913 = DEFINITIONAL_REPRESENTATION('',(#8914),#8918);
#8914 = LINE('',#8915,#8916);
#8915 = CARTESIAN_POINT('',(0.,20.));
#8916 = VECTOR('',#8917,1.);
#8917 = DIRECTION('',(1.,0.));
#8918 = ( GEOMETRIC_REPRESENTATION_CONTEXT(2) 
PARAMETRIC_REPRESENTATION_CONTEXT() REPRESENTATION_CONTEXT('2D SPACE',''
  ) );
#8919 = ORIENTED_EDGE('',*,*,#8920,.F.);
#8920 = EDGE_CURVE('',#8827,#8898,#8921,.T.);
#8921 = SURFACE_CURVE('',#8922,(#8926,#8932),.PCURVE_S1.);
#8922 = LINE('',#8923,#8924);
#8923 = CARTESIAN_POINT('',(29.,41.375,0.));
#8924 = VECTOR('',#8925,1.);
#8925 = DIRECTION('',(-0.,1.,0.));
#8926 = PCURVE('',#5258,#8927);
#8927 = DEFINITIONAL_REPRESENTATION('',(#8928),#8931);
#8928 = B_SPLINE_CURVE_WITH_KNOTS('',1,(#8929,#8930),.UNSPECIFIED.,.F.,
  .F.,(2,2),(-3.075,-1.075),.PIECEWISE_BEZIER_KNOTS.);
#8929 = CARTESIAN_POINT('',(2.41,0.));
#8930 = CARTESIAN_POINT('',(2.41,-2.));
#8931 = ( GEOMETRIC_REPRESENTATION_CONTEXT(2) 
PARAMETRIC_REPRESENTATION_CONTEXT() REPRESENTATION_CONTEXT('2D SPACE',''
  ) );
#8932 = PCURVE('',#6847,#8933);
#8933 = DEFINITIONAL_REPRESENTATION('',(#8934),#8937);
#8934 = B_SPLINE_CURVE_WITH_KNOTS('',1,(#8935,#8936),.UNSPECIFIED.,.F.,
  .F.,(2,2),(-3.075,-1.075),.PIECEWISE_BEZIER_KNOTS.);
#8935 = CARTESIAN_POINT('',(-2.,-6.15));
#8936 = CARTESIAN_POINT('',(-2.,-4.15));
#8937 = ( GEOMETRIC_REPRESENTATION_CONTEXT(2) 
PARAMETRIC_REPRESENTATION_CONTEXT() REPRESENTATION_CONTEXT('2D SPACE',''
  ) );
#8938 = ADVANCED_FACE('',(#8939),#5234,.F.);
#8939 = FACE_BOUND('',#8940,.F.);
#8940 = EDGE_LOOP('',(#8941,#8942,#8943,#8966));
#8941 = ORIENTED_EDGE('',*,*,#8897,.F.);
#8942 = ORIENTED_EDGE('',*,*,#5219,.T.);
#8943 = ORIENTED_EDGE('',*,*,#8944,.T.);
#8944 = EDGE_CURVE('',#5194,#8945,#8947,.T.);
#8945 = VERTEX_POINT('',#8946);
#8946 = CARTESIAN_POINT('',(9.,40.3,0.));
#8947 = SURFACE_CURVE('',#8948,(#8952,#8959),.PCURVE_S1.);
#8948 = LINE('',#8949,#8950);
#8949 = CARTESIAN_POINT('',(9.,40.3,-2.41));
#8950 = VECTOR('',#8951,1.);
#8951 = DIRECTION('',(0.,0.,1.));
#8952 = PCURVE('',#5234,#8953);
#8953 = DEFINITIONAL_REPRESENTATION('',(#8954),#8958);
#8954 = LINE('',#8955,#8956);
#8955 = CARTESIAN_POINT('',(0.,0.));
#8956 = VECTOR('',#8957,1.);
#8957 = DIRECTION('',(1.,0.));
#8958 = ( GEOMETRIC_REPRESENTATION_CONTEXT(2) 
PARAMETRIC_REPRESENTATION_CONTEXT() REPRESENTATION_CONTEXT('2D SPACE',''
  ) );
#8959 = PCURVE('',#5208,#8960);
#8960 = DEFINITIONAL_REPRESENTATION('',(#8961),#8965);
#8961 = LINE('',#8962,#8963);
#8962 = CARTESIAN_POINT('',(0.,-2.));
#8963 = VECTOR('',#8964,1.);
#8964 = DIRECTION('',(1.,0.));
#8965 = ( GEOMETRIC_REPRESENTATION_CONTEXT(2) 
PARAMETRIC_REPRESENTATION_CONTEXT() REPRESENTATION_CONTEXT('2D SPACE',''
  ) );
#8966 = ORIENTED_EDGE('',*,*,#8967,.F.);
#8967 = EDGE_CURVE('',#8898,#8945,#8968,.T.);
#8968 = SURFACE_CURVE('',#8969,(#8973,#8979),.PCURVE_S1.);
#8969 = LINE('',#8970,#8971);
#8970 = CARTESIAN_POINT('',(20.,40.3,0.));
#8971 = VECTOR('',#8972,1.);
#8972 = DIRECTION('',(-1.,-0.,0.));
#8973 = PCURVE('',#5234,#8974);
#8974 = DEFINITIONAL_REPRESENTATION('',(#8975),#8978);
#8975 = B_SPLINE_CURVE_WITH_KNOTS('',1,(#8976,#8977),.UNSPECIFIED.,.F.,
  .F.,(2,2),(-9.,11.),.PIECEWISE_BEZIER_KNOTS.);
#8976 = CARTESIAN_POINT('',(2.41,20.));
#8977 = CARTESIAN_POINT('',(2.41,0.));
#8978 = ( GEOMETRIC_REPRESENTATION_CONTEXT(2) 
PARAMETRIC_REPRESENTATION_CONTEXT() REPRESENTATION_CONTEXT('2D SPACE',''
  ) );
#8979 = PCURVE('',#6847,#8980);
#8980 = DEFINITIONAL_REPRESENTATION('',(#8981),#8984);
#8981 = B_SPLINE_CURVE_WITH_KNOTS('',1,(#8982,#8983),.UNSPECIFIED.,.F.,
  .F.,(2,2),(-9.,11.),.PIECEWISE_BEZIER_KNOTS.);
#8982 = CARTESIAN_POINT('',(-2.,-4.15));
#8983 = CARTESIAN_POINT('',(-22.,-4.15));
#8984 = ( GEOMETRIC_REPRESENTATION_CONTEXT(2) 
PARAMETRIC_REPRESENTATION_CONTEXT() REPRESENTATION_CONTEXT('2D SPACE',''
  ) );
#8985 = ADVANCED_FACE('',(#8986),#5208,.T.);
#8986 = FACE_BOUND('',#8987,.T.);
#8987 = EDGE_LOOP('',(#8988,#8989,#8990,#8991));
#8988 = ORIENTED_EDGE('',*,*,#8850,.F.);
#8989 = ORIENTED_EDGE('',*,*,#5193,.T.);
#8990 = ORIENTED_EDGE('',*,*,#8944,.T.);
#8991 = ORIENTED_EDGE('',*,*,#8992,.F.);
#8992 = EDGE_CURVE('',#8851,#8945,#8993,.T.);
#8993 = SURFACE_CURVE('',#8994,(#8998,#9004),.PCURVE_S1.);
#8994 = LINE('',#8995,#8996);
#8995 = CARTESIAN_POINT('',(9.,41.375,0.));
#8996 = VECTOR('',#8997,1.);
#8997 = DIRECTION('',(-0.,1.,0.));
#8998 = PCURVE('',#5208,#8999);
#8999 = DEFINITIONAL_REPRESENTATION('',(#9000),#9003);
#9000 = B_SPLINE_CURVE_WITH_KNOTS('',1,(#9001,#9002),.UNSPECIFIED.,.F.,
  .F.,(2,2),(-3.075,-1.075),.PIECEWISE_BEZIER_KNOTS.);
#9001 = CARTESIAN_POINT('',(2.41,0.));
#9002 = CARTESIAN_POINT('',(2.41,-2.));
#9003 = ( GEOMETRIC_REPRESENTATION_CONTEXT(2) 
PARAMETRIC_REPRESENTATION_CONTEXT() REPRESENTATION_CONTEXT('2D SPACE',''
  ) );
#9004 = PCURVE('',#6847,#9005);
#9005 = DEFINITIONAL_REPRESENTATION('',(#9006),#9009);
#9006 = B_SPLINE_CURVE_WITH_KNOTS('',1,(#9007,#9008),.UNSPECIFIED.,.F.,
  .F.,(2,2),(-3.075,-1.075),.PIECEWISE_BEZIER_KNOTS.);
#9007 = CARTESIAN_POINT('',(-22.,-6.15));
#9008 = CARTESIAN_POINT('',(-22.,-4.15));
#9009 = ( GEOMETRIC_REPRESENTATION_CONTEXT(2) 
PARAMETRIC_REPRESENTATION_CONTEXT() REPRESENTATION_CONTEXT('2D SPACE',''
  ) );
#9010 = ADVANCED_FACE('',(#9011),#5288,.T.);
#9011 = FACE_BOUND('',#9012,.T.);
#9012 = EDGE_LOOP('',(#9013,#9036,#9037,#9060));
#9013 = ORIENTED_EDGE('',*,*,#9014,.F.);
#9014 = EDGE_CURVE('',#5272,#9015,#9017,.T.);
#9015 = VERTEX_POINT('',#9016);
#9016 = CARTESIAN_POINT('',(29.,42.3,0.));
#9017 = SURFACE_CURVE('',#9018,(#9022,#9029),.PCURVE_S1.);
#9018 = LINE('',#9019,#9020);
#9019 = CARTESIAN_POINT('',(29.,42.3,-2.41));
#9020 = VECTOR('',#9021,1.);
#9021 = DIRECTION('',(0.,0.,1.));
#9022 = PCURVE('',#5288,#9023);
#9023 = DEFINITIONAL_REPRESENTATION('',(#9024),#9028);
#9024 = LINE('',#9025,#9026);
#9025 = CARTESIAN_POINT('',(0.,20.));
#9026 = VECTOR('',#9027,1.);
#9027 = DIRECTION('',(1.,0.));
#9028 = ( GEOMETRIC_REPRESENTATION_CONTEXT(2) 
PARAMETRIC_REPRESENTATION_CONTEXT() REPRESENTATION_CONTEXT('2D SPACE',''
  ) );
#9029 = PCURVE('',#5364,#9030);
#9030 = DEFINITIONAL_REPRESENTATION('',(#9031),#9035);
#9031 = LINE('',#9032,#9033);
#9032 = CARTESIAN_POINT('',(0.,0.));
#9033 = VECTOR('',#9034,1.);
#9034 = DIRECTION('',(1.,0.));
#9035 = ( GEOMETRIC_REPRESENTATION_CONTEXT(2) 
PARAMETRIC_REPRESENTATION_CONTEXT() REPRESENTATION_CONTEXT('2D SPACE',''
  ) );
#9036 = ORIENTED_EDGE('',*,*,#5271,.T.);
#9037 = ORIENTED_EDGE('',*,*,#9038,.T.);
#9038 = EDGE_CURVE('',#5274,#9039,#9041,.T.);
#9039 = VERTEX_POINT('',#9040);
#9040 = CARTESIAN_POINT('',(9.,42.3,0.));
#9041 = SURFACE_CURVE('',#9042,(#9046,#9053),.PCURVE_S1.);
#9042 = LINE('',#9043,#9044);
#9043 = CARTESIAN_POINT('',(9.,42.3,-2.41));
#9044 = VECTOR('',#9045,1.);
#9045 = DIRECTION('',(0.,0.,1.));
#9046 = PCURVE('',#5288,#9047);
#9047 = DEFINITIONAL_REPRESENTATION('',(#9048),#9052);
#9048 = LINE('',#9049,#9050);
#9049 = CARTESIAN_POINT('',(0.,0.));
#9050 = VECTOR('',#9051,1.);
#9051 = DIRECTION('',(1.,0.));
#9052 = ( GEOMETRIC_REPRESENTATION_CONTEXT(2) 
PARAMETRIC_REPRESENTATION_CONTEXT() REPRESENTATION_CONTEXT('2D SPACE',''
  ) );
#9053 = PCURVE('',#5314,#9054);
#9054 = DEFINITIONAL_REPRESENTATION('',(#9055),#9059);
#9055 = LINE('',#9056,#9057);
#9056 = CARTESIAN_POINT('',(0.,0.));
#9057 = VECTOR('',#9058,1.);
#9058 = DIRECTION('',(1.,0.));
#9059 = ( GEOMETRIC_REPRESENTATION_CONTEXT(2) 
PARAMETRIC_REPRESENTATION_CONTEXT() REPRESENTATION_CONTEXT('2D SPACE',''
  ) );
#9060 = ORIENTED_EDGE('',*,*,#9061,.F.);
#9061 = EDGE_CURVE('',#9015,#9039,#9062,.T.);
#9062 = SURFACE_CURVE('',#9063,(#9067,#9073),.PCURVE_S1.);
#9063 = LINE('',#9064,#9065);
#9064 = CARTESIAN_POINT('',(20.,42.3,0.));
#9065 = VECTOR('',#9066,1.);
#9066 = DIRECTION('',(-1.,-0.,0.));
#9067 = PCURVE('',#5288,#9068);
#9068 = DEFINITIONAL_REPRESENTATION('',(#9069),#9072);
#9069 = B_SPLINE_CURVE_WITH_KNOTS('',1,(#9070,#9071),.UNSPECIFIED.,.F.,
  .F.,(2,2),(-9.,11.),.PIECEWISE_BEZIER_KNOTS.);
#9070 = CARTESIAN_POINT('',(2.41,20.));
#9071 = CARTESIAN_POINT('',(2.41,0.));
#9072 = ( GEOMETRIC_REPRESENTATION_CONTEXT(2) 
PARAMETRIC_REPRESENTATION_CONTEXT() REPRESENTATION_CONTEXT('2D SPACE',''
  ) );
#9073 = PCURVE('',#6847,#9074);
#9074 = DEFINITIONAL_REPRESENTATION('',(#9075),#9078);
#9075 = B_SPLINE_CURVE_WITH_KNOTS('',1,(#9076,#9077),.UNSPECIFIED.,.F.,
  .F.,(2,2),(-9.,11.),.PIECEWISE_BEZIER_KNOTS.);
#9076 = CARTESIAN_POINT('',(-2.,-2.15));
#9077 = CARTESIAN_POINT('',(-22.,-2.15));
#9078 = ( GEOMETRIC_REPRESENTATION_CONTEXT(2) 
PARAMETRIC_REPRESENTATION_CONTEXT() REPRESENTATION_CONTEXT('2D SPACE',''
  ) );
#9079 = ADVANCED_FACE('',(#9080),#5364,.F.);
#9080 = FACE_BOUND('',#9081,.F.);
#9081 = EDGE_LOOP('',(#9082,#9083,#9084,#9107));
#9082 = ORIENTED_EDGE('',*,*,#9014,.F.);
#9083 = ORIENTED_EDGE('',*,*,#5351,.T.);
#9084 = ORIENTED_EDGE('',*,*,#9085,.T.);
#9085 = EDGE_CURVE('',#5326,#9086,#9088,.T.);
#9086 = VERTEX_POINT('',#9087);
#9087 = CARTESIAN_POINT('',(29.,44.3,0.));
#9088 = SURFACE_CURVE('',#9089,(#9093,#9100),.PCURVE_S1.);
#9089 = LINE('',#9090,#9091);
#9090 = CARTESIAN_POINT('',(29.,44.3,-2.41));
#9091 = VECTOR('',#9092,1.);
#9092 = DIRECTION('',(0.,0.,1.));
#9093 = PCURVE('',#5364,#9094);
#9094 = DEFINITIONAL_REPRESENTATION('',(#9095),#9099);
#9095 = LINE('',#9096,#9097);
#9096 = CARTESIAN_POINT('',(0.,-2.));
#9097 = VECTOR('',#9098,1.);
#9098 = DIRECTION('',(1.,0.));
#9099 = ( GEOMETRIC_REPRESENTATION_CONTEXT(2) 
PARAMETRIC_REPRESENTATION_CONTEXT() REPRESENTATION_CONTEXT('2D SPACE',''
  ) );
#9100 = PCURVE('',#5340,#9101);
#9101 = DEFINITIONAL_REPRESENTATION('',(#9102),#9106);
#9102 = LINE('',#9103,#9104);
#9103 = CARTESIAN_POINT('',(0.,20.));
#9104 = VECTOR('',#9105,1.);
#9105 = DIRECTION('',(1.,0.));
#9106 = ( GEOMETRIC_REPRESENTATION_CONTEXT(2) 
PARAMETRIC_REPRESENTATION_CONTEXT() REPRESENTATION_CONTEXT('2D SPACE',''
  ) );
#9107 = ORIENTED_EDGE('',*,*,#9108,.F.);
#9108 = EDGE_CURVE('',#9015,#9086,#9109,.T.);
#9109 = SURFACE_CURVE('',#9110,(#9114,#9120),.PCURVE_S1.);
#9110 = LINE('',#9111,#9112);
#9111 = CARTESIAN_POINT('',(29.,43.375,0.));
#9112 = VECTOR('',#9113,1.);
#9113 = DIRECTION('',(-0.,1.,0.));
#9114 = PCURVE('',#5364,#9115);
#9115 = DEFINITIONAL_REPRESENTATION('',(#9116),#9119);
#9116 = B_SPLINE_CURVE_WITH_KNOTS('',1,(#9117,#9118),.UNSPECIFIED.,.F.,
  .F.,(2,2),(-1.075,0.925),.PIECEWISE_BEZIER_KNOTS.);
#9117 = CARTESIAN_POINT('',(2.41,0.));
#9118 = CARTESIAN_POINT('',(2.41,-2.));
#9119 = ( GEOMETRIC_REPRESENTATION_CONTEXT(2) 
PARAMETRIC_REPRESENTATION_CONTEXT() REPRESENTATION_CONTEXT('2D SPACE',''
  ) );
#9120 = PCURVE('',#6847,#9121);
#9121 = DEFINITIONAL_REPRESENTATION('',(#9122),#9125);
#9122 = B_SPLINE_CURVE_WITH_KNOTS('',1,(#9123,#9124),.UNSPECIFIED.,.F.,
  .F.,(2,2),(-1.075,0.925),.PIECEWISE_BEZIER_KNOTS.);
#9123 = CARTESIAN_POINT('',(-2.,-2.15));
#9124 = CARTESIAN_POINT('',(-2.,-0.15));
#9125 = ( GEOMETRIC_REPRESENTATION_CONTEXT(2) 
PARAMETRIC_REPRESENTATION_CONTEXT() REPRESENTATION_CONTEXT('2D SPACE',''
  ) );
#9126 = ADVANCED_FACE('',(#9127),#5340,.F.);
#9127 = FACE_BOUND('',#9128,.F.);
#9128 = EDGE_LOOP('',(#9129,#9130,#9131,#9154));
#9129 = ORIENTED_EDGE('',*,*,#9085,.F.);
#9130 = ORIENTED_EDGE('',*,*,#5325,.T.);
#9131 = ORIENTED_EDGE('',*,*,#9132,.T.);
#9132 = EDGE_CURVE('',#5300,#9133,#9135,.T.);
#9133 = VERTEX_POINT('',#9134);
#9134 = CARTESIAN_POINT('',(9.,44.3,0.));
#9135 = SURFACE_CURVE('',#9136,(#9140,#9147),.PCURVE_S1.);
#9136 = LINE('',#9137,#9138);
#9137 = CARTESIAN_POINT('',(9.,44.3,-2.41));
#9138 = VECTOR('',#9139,1.);
#9139 = DIRECTION('',(0.,0.,1.));
#9140 = PCURVE('',#5340,#9141);
#9141 = DEFINITIONAL_REPRESENTATION('',(#9142),#9146);
#9142 = LINE('',#9143,#9144);
#9143 = CARTESIAN_POINT('',(0.,0.));
#9144 = VECTOR('',#9145,1.);
#9145 = DIRECTION('',(1.,0.));
#9146 = ( GEOMETRIC_REPRESENTATION_CONTEXT(2) 
PARAMETRIC_REPRESENTATION_CONTEXT() REPRESENTATION_CONTEXT('2D SPACE',''
  ) );
#9147 = PCURVE('',#5314,#9148);
#9148 = DEFINITIONAL_REPRESENTATION('',(#9149),#9153);
#9149 = LINE('',#9150,#9151);
#9150 = CARTESIAN_POINT('',(0.,-2.));
#9151 = VECTOR('',#9152,1.);
#9152 = DIRECTION('',(1.,0.));
#9153 = ( GEOMETRIC_REPRESENTATION_CONTEXT(2) 
PARAMETRIC_REPRESENTATION_CONTEXT() REPRESENTATION_CONTEXT('2D SPACE',''
  ) );
#9154 = ORIENTED_EDGE('',*,*,#9155,.F.);
#9155 = EDGE_CURVE('',#9086,#9133,#9156,.T.);
#9156 = SURFACE_CURVE('',#9157,(#9161,#9167),.PCURVE_S1.);
#9157 = LINE('',#9158,#9159);
#9158 = CARTESIAN_POINT('',(20.,44.3,0.));
#9159 = VECTOR('',#9160,1.);
#9160 = DIRECTION('',(-1.,-0.,0.));
#9161 = PCURVE('',#5340,#9162);
#9162 = DEFINITIONAL_REPRESENTATION('',(#9163),#9166);
#9163 = B_SPLINE_CURVE_WITH_KNOTS('',1,(#9164,#9165),.UNSPECIFIED.,.F.,
  .F.,(2,2),(-9.,11.),.PIECEWISE_BEZIER_KNOTS.);
#9164 = CARTESIAN_POINT('',(2.41,20.));
#9165 = CARTESIAN_POINT('',(2.41,0.));
#9166 = ( GEOMETRIC_REPRESENTATION_CONTEXT(2) 
PARAMETRIC_REPRESENTATION_CONTEXT() REPRESENTATION_CONTEXT('2D SPACE',''
  ) );
#9167 = PCURVE('',#6847,#9168);
#9168 = DEFINITIONAL_REPRESENTATION('',(#9169),#9172);
#9169 = B_SPLINE_CURVE_WITH_KNOTS('',1,(#9170,#9171),.UNSPECIFIED.,.F.,
  .F.,(2,2),(-9.,11.),.PIECEWISE_BEZIER_KNOTS.);
#9170 = CARTESIAN_POINT('',(-2.,-0.15));
#9171 = CARTESIAN_POINT('',(-22.,-0.15));
#9172 = ( GEOMETRIC_REPRESENTATION_CONTEXT(2) 
PARAMETRIC_REPRESENTATION_CONTEXT() REPRESENTATION_CONTEXT('2D SPACE',''
  ) );
#9173 = ADVANCED_FACE('',(#9174),#5314,.T.);
#9174 = FACE_BOUND('',#9175,.T.);
#9175 = EDGE_LOOP('',(#9176,#9177,#9178,#9179));
#9176 = ORIENTED_EDGE('',*,*,#9038,.F.);
#9177 = ORIENTED_EDGE('',*,*,#5299,.T.);
#9178 = ORIENTED_EDGE('',*,*,#9132,.T.);
#9179 = ORIENTED_EDGE('',*,*,#9180,.F.);
#9180 = EDGE_CURVE('',#9039,#9133,#9181,.T.);
#9181 = SURFACE_CURVE('',#9182,(#9186,#9192),.PCURVE_S1.);
#9182 = LINE('',#9183,#9184);
#9183 = CARTESIAN_POINT('',(9.,43.375,0.));
#9184 = VECTOR('',#9185,1.);
#9185 = DIRECTION('',(-0.,1.,0.));
#9186 = PCURVE('',#5314,#9187);
#9187 = DEFINITIONAL_REPRESENTATION('',(#9188),#9191);
#9188 = B_SPLINE_CURVE_WITH_KNOTS('',1,(#9189,#9190),.UNSPECIFIED.,.F.,
  .F.,(2,2),(-1.075,0.925),.PIECEWISE_BEZIER_KNOTS.);
#9189 = CARTESIAN_POINT('',(2.41,0.));
#9190 = CARTESIAN_POINT('',(2.41,-2.));
#9191 = ( GEOMETRIC_REPRESENTATION_CONTEXT(2) 
PARAMETRIC_REPRESENTATION_CONTEXT() REPRESENTATION_CONTEXT('2D SPACE',''
  ) );
#9192 = PCURVE('',#6847,#9193);
#9193 = DEFINITIONAL_REPRESENTATION('',(#9194),#9197);
#9194 = B_SPLINE_CURVE_WITH_KNOTS('',1,(#9195,#9196),.UNSPECIFIED.,.F.,
  .F.,(2,2),(-1.075,0.925),.PIECEWISE_BEZIER_KNOTS.);
#9195 = CARTESIAN_POINT('',(-22.,-2.15));
#9196 = CARTESIAN_POINT('',(-22.,-0.15));
#9197 = ( GEOMETRIC_REPRESENTATION_CONTEXT(2) 
PARAMETRIC_REPRESENTATION_CONTEXT() REPRESENTATION_CONTEXT('2D SPACE',''
  ) );
#9198 = ADVANCED_FACE('',(#9199),#5394,.T.);
#9199 = FACE_BOUND('',#9200,.T.);
#9200 = EDGE_LOOP('',(#9201,#9224,#9225,#9248));
#9201 = ORIENTED_EDGE('',*,*,#9202,.F.);
#9202 = EDGE_CURVE('',#5378,#9203,#9205,.T.);
#9203 = VERTEX_POINT('',#9204);
#9204 = CARTESIAN_POINT('',(61.7,0.3,-2.));
#9205 = SURFACE_CURVE('',#9206,(#9210,#9217),.PCURVE_S1.);
#9206 = LINE('',#9207,#9208);
#9207 = CARTESIAN_POINT('',(61.7,0.3,-2.41));
#9208 = VECTOR('',#9209,1.);
#9209 = DIRECTION('',(0.,0.,1.));
#9210 = PCURVE('',#5394,#9211);
#9211 = DEFINITIONAL_REPRESENTATION('',(#9212),#9216);
#9212 = LINE('',#9213,#9214);
#9213 = CARTESIAN_POINT('',(0.,28.));
#9214 = VECTOR('',#9215,1.);
#9215 = DIRECTION('',(1.,0.));
#9216 = ( GEOMETRIC_REPRESENTATION_CONTEXT(2) 
PARAMETRIC_REPRESENTATION_CONTEXT() REPRESENTATION_CONTEXT('2D SPACE',''
  ) );
#9217 = PCURVE('',#5470,#9218);
#9218 = DEFINITIONAL_REPRESENTATION('',(#9219),#9223);
#9219 = LINE('',#9220,#9221);
#9220 = CARTESIAN_POINT('',(0.,0.));
#9221 = VECTOR('',#9222,1.);
#9222 = DIRECTION('',(1.,0.));
#9223 = ( GEOMETRIC_REPRESENTATION_CONTEXT(2) 
PARAMETRIC_REPRESENTATION_CONTEXT() REPRESENTATION_CONTEXT('2D SPACE',''
  ) );
#9224 = ORIENTED_EDGE('',*,*,#5377,.T.);
#9225 = ORIENTED_EDGE('',*,*,#9226,.T.);
#9226 = EDGE_CURVE('',#5380,#9227,#9229,.T.);
#9227 = VERTEX_POINT('',#9228);
#9228 = CARTESIAN_POINT('',(33.7,0.3,-2.));
#9229 = SURFACE_CURVE('',#9230,(#9234,#9241),.PCURVE_S1.);
#9230 = LINE('',#9231,#9232);
#9231 = CARTESIAN_POINT('',(33.7,0.3,-2.41));
#9232 = VECTOR('',#9233,1.);
#9233 = DIRECTION('',(0.,0.,1.));
#9234 = PCURVE('',#5394,#9235);
#9235 = DEFINITIONAL_REPRESENTATION('',(#9236),#9240);
#9236 = LINE('',#9237,#9238);
#9237 = CARTESIAN_POINT('',(0.,0.));
#9238 = VECTOR('',#9239,1.);
#9239 = DIRECTION('',(1.,0.));
#9240 = ( GEOMETRIC_REPRESENTATION_CONTEXT(2) 
PARAMETRIC_REPRESENTATION_CONTEXT() REPRESENTATION_CONTEXT('2D SPACE',''
  ) );
#9241 = PCURVE('',#5420,#9242);
#9242 = DEFINITIONAL_REPRESENTATION('',(#9243),#9247);
#9243 = LINE('',#9244,#9245);
#9244 = CARTESIAN_POINT('',(0.,0.));
#9245 = VECTOR('',#9246,1.);
#9246 = DIRECTION('',(1.,0.));
#9247 = ( GEOMETRIC_REPRESENTATION_CONTEXT(2) 
PARAMETRIC_REPRESENTATION_CONTEXT() REPRESENTATION_CONTEXT('2D SPACE',''
  ) );
#9248 = ORIENTED_EDGE('',*,*,#9249,.T.);
#9249 = EDGE_CURVE('',#9227,#9203,#9250,.T.);
#9250 = SURFACE_CURVE('',#9251,(#9255,#9262),.PCURVE_S1.);
#9251 = LINE('',#9252,#9253);
#9252 = CARTESIAN_POINT('',(33.7,0.3,-2.));
#9253 = VECTOR('',#9254,1.);
#9254 = DIRECTION('',(1.,0.,-0.));
#9255 = PCURVE('',#5394,#9256);
#9256 = DEFINITIONAL_REPRESENTATION('',(#9257),#9261);
#9257 = LINE('',#9258,#9259);
#9258 = CARTESIAN_POINT('',(0.41,0.));
#9259 = VECTOR('',#9260,1.);
#9260 = DIRECTION('',(0.,1.));
#9261 = ( GEOMETRIC_REPRESENTATION_CONTEXT(2) 
PARAMETRIC_REPRESENTATION_CONTEXT() REPRESENTATION_CONTEXT('2D SPACE',''
  ) );
#9262 = PCURVE('',#9263,#9268);
#9263 = PLANE('',#9264);
#9264 = AXIS2_PLACEMENT_3D('',#9265,#9266,#9267);
#9265 = CARTESIAN_POINT('',(33.7,0.3,-2.));
#9266 = DIRECTION('',(0.,0.,1.));
#9267 = DIRECTION('',(1.,0.,-0.));
#9268 = DEFINITIONAL_REPRESENTATION('',(#9269),#9273);
#9269 = LINE('',#9270,#9271);
#9270 = CARTESIAN_POINT('',(0.,0.));
#9271 = VECTOR('',#9272,1.);
#9272 = DIRECTION('',(1.,0.));
#9273 = ( GEOMETRIC_REPRESENTATION_CONTEXT(2) 
PARAMETRIC_REPRESENTATION_CONTEXT() REPRESENTATION_CONTEXT('2D SPACE',''
  ) );
#9274 = ADVANCED_FACE('',(#9275),#5470,.F.);
#9275 = FACE_BOUND('',#9276,.F.);
#9276 = EDGE_LOOP('',(#9277,#9278,#9279,#9302));
#9277 = ORIENTED_EDGE('',*,*,#9202,.F.);
#9278 = ORIENTED_EDGE('',*,*,#5457,.T.);
#9279 = ORIENTED_EDGE('',*,*,#9280,.T.);
#9280 = EDGE_CURVE('',#5432,#9281,#9283,.T.);
#9281 = VERTEX_POINT('',#9282);
#9282 = CARTESIAN_POINT('',(61.7,28.3,-2.));
#9283 = SURFACE_CURVE('',#9284,(#9288,#9295),.PCURVE_S1.);
#9284 = LINE('',#9285,#9286);
#9285 = CARTESIAN_POINT('',(61.7,28.3,-2.41));
#9286 = VECTOR('',#9287,1.);
#9287 = DIRECTION('',(0.,0.,1.));
#9288 = PCURVE('',#5470,#9289);
#9289 = DEFINITIONAL_REPRESENTATION('',(#9290),#9294);
#9290 = LINE('',#9291,#9292);
#9291 = CARTESIAN_POINT('',(0.,-28.));
#9292 = VECTOR('',#9293,1.);
#9293 = DIRECTION('',(1.,0.));
#9294 = ( GEOMETRIC_REPRESENTATION_CONTEXT(2) 
PARAMETRIC_REPRESENTATION_CONTEXT() REPRESENTATION_CONTEXT('2D SPACE',''
  ) );
#9295 = PCURVE('',#5446,#9296);
#9296 = DEFINITIONAL_REPRESENTATION('',(#9297),#9301);
#9297 = LINE('',#9298,#9299);
#9298 = CARTESIAN_POINT('',(0.,28.));
#9299 = VECTOR('',#9300,1.);
#9300 = DIRECTION('',(1.,0.));
#9301 = ( GEOMETRIC_REPRESENTATION_CONTEXT(2) 
PARAMETRIC_REPRESENTATION_CONTEXT() REPRESENTATION_CONTEXT('2D SPACE',''
  ) );
#9302 = ORIENTED_EDGE('',*,*,#9303,.F.);
#9303 = EDGE_CURVE('',#9203,#9281,#9304,.T.);
#9304 = SURFACE_CURVE('',#9305,(#9309,#9316),.PCURVE_S1.);
#9305 = LINE('',#9306,#9307);
#9306 = CARTESIAN_POINT('',(61.7,0.3,-2.));
#9307 = VECTOR('',#9308,1.);
#9308 = DIRECTION('',(-0.,1.,0.));
#9309 = PCURVE('',#5470,#9310);
#9310 = DEFINITIONAL_REPRESENTATION('',(#9311),#9315);
#9311 = LINE('',#9312,#9313);
#9312 = CARTESIAN_POINT('',(0.41,0.));
#9313 = VECTOR('',#9314,1.);
#9314 = DIRECTION('',(0.,-1.));
#9315 = ( GEOMETRIC_REPRESENTATION_CONTEXT(2) 
PARAMETRIC_REPRESENTATION_CONTEXT() REPRESENTATION_CONTEXT('2D SPACE',''
  ) );
#9316 = PCURVE('',#9263,#9317);
#9317 = DEFINITIONAL_REPRESENTATION('',(#9318),#9322);
#9318 = LINE('',#9319,#9320);
#9319 = CARTESIAN_POINT('',(28.,0.));
#9320 = VECTOR('',#9321,1.);
#9321 = DIRECTION('',(0.,1.));
#9322 = ( GEOMETRIC_REPRESENTATION_CONTEXT(2) 
PARAMETRIC_REPRESENTATION_CONTEXT() REPRESENTATION_CONTEXT('2D SPACE',''
  ) );
#9323 = ADVANCED_FACE('',(#9324),#5446,.F.);
#9324 = FACE_BOUND('',#9325,.F.);
#9325 = EDGE_LOOP('',(#9326,#9327,#9328,#9351));
#9326 = ORIENTED_EDGE('',*,*,#9280,.F.);
#9327 = ORIENTED_EDGE('',*,*,#5431,.T.);
#9328 = ORIENTED_EDGE('',*,*,#9329,.T.);
#9329 = EDGE_CURVE('',#5406,#9330,#9332,.T.);
#9330 = VERTEX_POINT('',#9331);
#9331 = CARTESIAN_POINT('',(33.7,28.3,-2.));
#9332 = SURFACE_CURVE('',#9333,(#9337,#9344),.PCURVE_S1.);
#9333 = LINE('',#9334,#9335);
#9334 = CARTESIAN_POINT('',(33.7,28.3,-2.41));
#9335 = VECTOR('',#9336,1.);
#9336 = DIRECTION('',(0.,0.,1.));
#9337 = PCURVE('',#5446,#9338);
#9338 = DEFINITIONAL_REPRESENTATION('',(#9339),#9343);
#9339 = LINE('',#9340,#9341);
#9340 = CARTESIAN_POINT('',(0.,0.));
#9341 = VECTOR('',#9342,1.);
#9342 = DIRECTION('',(1.,0.));
#9343 = ( GEOMETRIC_REPRESENTATION_CONTEXT(2) 
PARAMETRIC_REPRESENTATION_CONTEXT() REPRESENTATION_CONTEXT('2D SPACE',''
  ) );
#9344 = PCURVE('',#5420,#9345);
#9345 = DEFINITIONAL_REPRESENTATION('',(#9346),#9350);
#9346 = LINE('',#9347,#9348);
#9347 = CARTESIAN_POINT('',(0.,-28.));
#9348 = VECTOR('',#9349,1.);
#9349 = DIRECTION('',(1.,0.));
#9350 = ( GEOMETRIC_REPRESENTATION_CONTEXT(2) 
PARAMETRIC_REPRESENTATION_CONTEXT() REPRESENTATION_CONTEXT('2D SPACE',''
  ) );
#9351 = ORIENTED_EDGE('',*,*,#9352,.T.);
#9352 = EDGE_CURVE('',#9330,#9281,#9353,.T.);
#9353 = SURFACE_CURVE('',#9354,(#9358,#9365),.PCURVE_S1.);
#9354 = LINE('',#9355,#9356);
#9355 = CARTESIAN_POINT('',(33.7,28.3,-2.));
#9356 = VECTOR('',#9357,1.);
#9357 = DIRECTION('',(1.,0.,-0.));
#9358 = PCURVE('',#5446,#9359);
#9359 = DEFINITIONAL_REPRESENTATION('',(#9360),#9364);
#9360 = LINE('',#9361,#9362);
#9361 = CARTESIAN_POINT('',(0.41,0.));
#9362 = VECTOR('',#9363,1.);
#9363 = DIRECTION('',(0.,1.));
#9364 = ( GEOMETRIC_REPRESENTATION_CONTEXT(2) 
PARAMETRIC_REPRESENTATION_CONTEXT() REPRESENTATION_CONTEXT('2D SPACE',''
  ) );
#9365 = PCURVE('',#9263,#9366);
#9366 = DEFINITIONAL_REPRESENTATION('',(#9367),#9371);
#9367 = LINE('',#9368,#9369);
#9368 = CARTESIAN_POINT('',(0.,28.));
#9369 = VECTOR('',#9370,1.);
#9370 = DIRECTION('',(1.,0.));
#9371 = ( GEOMETRIC_REPRESENTATION_CONTEXT(2) 
PARAMETRIC_REPRESENTATION_CONTEXT() REPRESENTATION_CONTEXT('2D SPACE',''
  ) );
#9372 = ADVANCED_FACE('',(#9373),#5420,.T.);
#9373 = FACE_BOUND('',#9374,.T.);
#9374 = EDGE_LOOP('',(#9375,#9376,#9377,#9378));
#9375 = ORIENTED_EDGE('',*,*,#9226,.F.);
#9376 = ORIENTED_EDGE('',*,*,#5405,.T.);
#9377 = ORIENTED_EDGE('',*,*,#9329,.T.);
#9378 = ORIENTED_EDGE('',*,*,#9379,.F.);
#9379 = EDGE_CURVE('',#9227,#9330,#9380,.T.);
#9380 = SURFACE_CURVE('',#9381,(#9385,#9392),.PCURVE_S1.);
#9381 = LINE('',#9382,#9383);
#9382 = CARTESIAN_POINT('',(33.7,0.3,-2.));
#9383 = VECTOR('',#9384,1.);
#9384 = DIRECTION('',(-0.,1.,0.));
#9385 = PCURVE('',#5420,#9386);
#9386 = DEFINITIONAL_REPRESENTATION('',(#9387),#9391);
#9387 = LINE('',#9388,#9389);
#9388 = CARTESIAN_POINT('',(0.41,0.));
#9389 = VECTOR('',#9390,1.);
#9390 = DIRECTION('',(0.,-1.));
#9391 = ( GEOMETRIC_REPRESENTATION_CONTEXT(2) 
PARAMETRIC_REPRESENTATION_CONTEXT() REPRESENTATION_CONTEXT('2D SPACE',''
  ) );
#9392 = PCURVE('',#9263,#9393);
#9393 = DEFINITIONAL_REPRESENTATION('',(#9394),#9398);
#9394 = LINE('',#9395,#9396);
#9395 = CARTESIAN_POINT('',(0.,0.));
#9396 = VECTOR('',#9397,1.);
#9397 = DIRECTION('',(0.,1.));
#9398 = ( GEOMETRIC_REPRESENTATION_CONTEXT(2) 
PARAMETRIC_REPRESENTATION_CONTEXT() REPRESENTATION_CONTEXT('2D SPACE',''
  ) );
#9399 = ADVANCED_FACE('',(#9400),#5500,.T.);
#9400 = FACE_BOUND('',#9401,.T.);
#9401 = EDGE_LOOP('',(#9402,#9425,#9426,#9449));
#9402 = ORIENTED_EDGE('',*,*,#9403,.F.);
#9403 = EDGE_CURVE('',#5484,#9404,#9406,.T.);
#9404 = VERTEX_POINT('',#9405);
#9405 = CARTESIAN_POINT('',(53.,30.3,0.));
#9406 = SURFACE_CURVE('',#9407,(#9411,#9418),.PCURVE_S1.);
#9407 = LINE('',#9408,#9409);
#9408 = CARTESIAN_POINT('',(53.,30.3,-2.41));
#9409 = VECTOR('',#9410,1.);
#9410 = DIRECTION('',(0.,0.,1.));
#9411 = PCURVE('',#5500,#9412);
#9412 = DEFINITIONAL_REPRESENTATION('',(#9413),#9417);
#9413 = LINE('',#9414,#9415);
#9414 = CARTESIAN_POINT('',(0.,20.));
#9415 = VECTOR('',#9416,1.);
#9416 = DIRECTION('',(1.,0.));
#9417 = ( GEOMETRIC_REPRESENTATION_CONTEXT(2) 
PARAMETRIC_REPRESENTATION_CONTEXT() REPRESENTATION_CONTEXT('2D SPACE',''
  ) );
#9418 = PCURVE('',#5576,#9419);
#9419 = DEFINITIONAL_REPRESENTATION('',(#9420),#9424);
#9420 = LINE('',#9421,#9422);
#9421 = CARTESIAN_POINT('',(0.,0.));
#9422 = VECTOR('',#9423,1.);
#9423 = DIRECTION('',(1.,0.));
#9424 = ( GEOMETRIC_REPRESENTATION_CONTEXT(2) 
PARAMETRIC_REPRESENTATION_CONTEXT() REPRESENTATION_CONTEXT('2D SPACE',''
  ) );
#9425 = ORIENTED_EDGE('',*,*,#5483,.T.);
#9426 = ORIENTED_EDGE('',*,*,#9427,.T.);
#9427 = EDGE_CURVE('',#5486,#9428,#9430,.T.);
#9428 = VERTEX_POINT('',#9429);
#9429 = CARTESIAN_POINT('',(33.,30.3,0.));
#9430 = SURFACE_CURVE('',#9431,(#9435,#9442),.PCURVE_S1.);
#9431 = LINE('',#9432,#9433);
#9432 = CARTESIAN_POINT('',(33.,30.3,-2.41));
#9433 = VECTOR('',#9434,1.);
#9434 = DIRECTION('',(0.,0.,1.));
#9435 = PCURVE('',#5500,#9436);
#9436 = DEFINITIONAL_REPRESENTATION('',(#9437),#9441);
#9437 = LINE('',#9438,#9439);
#9438 = CARTESIAN_POINT('',(0.,0.));
#9439 = VECTOR('',#9440,1.);
#9440 = DIRECTION('',(1.,0.));
#9441 = ( GEOMETRIC_REPRESENTATION_CONTEXT(2) 
PARAMETRIC_REPRESENTATION_CONTEXT() REPRESENTATION_CONTEXT('2D SPACE',''
  ) );
#9442 = PCURVE('',#5526,#9443);
#9443 = DEFINITIONAL_REPRESENTATION('',(#9444),#9448);
#9444 = LINE('',#9445,#9446);
#9445 = CARTESIAN_POINT('',(0.,0.));
#9446 = VECTOR('',#9447,1.);
#9447 = DIRECTION('',(1.,0.));
#9448 = ( GEOMETRIC_REPRESENTATION_CONTEXT(2) 
PARAMETRIC_REPRESENTATION_CONTEXT() REPRESENTATION_CONTEXT('2D SPACE',''
  ) );
#9449 = ORIENTED_EDGE('',*,*,#9450,.F.);
#9450 = EDGE_CURVE('',#9404,#9428,#9451,.T.);
#9451 = SURFACE_CURVE('',#9452,(#9456,#9462),.PCURVE_S1.);
#9452 = LINE('',#9453,#9454);
#9453 = CARTESIAN_POINT('',(32.,30.3,0.));
#9454 = VECTOR('',#9455,1.);
#9455 = DIRECTION('',(-1.,-0.,0.));
#9456 = PCURVE('',#5500,#9457);
#9457 = DEFINITIONAL_REPRESENTATION('',(#9458),#9461);
#9458 = B_SPLINE_CURVE_WITH_KNOTS('',1,(#9459,#9460),.UNSPECIFIED.,.F.,
  .F.,(2,2),(-21.,-1.),.PIECEWISE_BEZIER_KNOTS.);
#9459 = CARTESIAN_POINT('',(2.41,20.));
#9460 = CARTESIAN_POINT('',(2.41,0.));
#9461 = ( GEOMETRIC_REPRESENTATION_CONTEXT(2) 
PARAMETRIC_REPRESENTATION_CONTEXT() REPRESENTATION_CONTEXT('2D SPACE',''
  ) );
#9462 = PCURVE('',#6847,#9463);
#9463 = DEFINITIONAL_REPRESENTATION('',(#9464),#9467);
#9464 = B_SPLINE_CURVE_WITH_KNOTS('',1,(#9465,#9466),.UNSPECIFIED.,.F.,
  .F.,(2,2),(-21.,-1.),.PIECEWISE_BEZIER_KNOTS.);
#9465 = CARTESIAN_POINT('',(22.,-14.15));
#9466 = CARTESIAN_POINT('',(2.,-14.15));
#9467 = ( GEOMETRIC_REPRESENTATION_CONTEXT(2) 
PARAMETRIC_REPRESENTATION_CONTEXT() REPRESENTATION_CONTEXT('2D SPACE',''
  ) );
#9468 = ADVANCED_FACE('',(#9469),#5576,.F.);
#9469 = FACE_BOUND('',#9470,.F.);
#9470 = EDGE_LOOP('',(#9471,#9472,#9473,#9496));
#9471 = ORIENTED_EDGE('',*,*,#9403,.F.);
#9472 = ORIENTED_EDGE('',*,*,#5563,.T.);
#9473 = ORIENTED_EDGE('',*,*,#9474,.T.);
#9474 = EDGE_CURVE('',#5538,#9475,#9477,.T.);
#9475 = VERTEX_POINT('',#9476);
#9476 = CARTESIAN_POINT('',(53.,32.3,0.));
#9477 = SURFACE_CURVE('',#9478,(#9482,#9489),.PCURVE_S1.);
#9478 = LINE('',#9479,#9480);
#9479 = CARTESIAN_POINT('',(53.,32.3,-2.41));
#9480 = VECTOR('',#9481,1.);
#9481 = DIRECTION('',(0.,0.,1.));
#9482 = PCURVE('',#5576,#9483);
#9483 = DEFINITIONAL_REPRESENTATION('',(#9484),#9488);
#9484 = LINE('',#9485,#9486);
#9485 = CARTESIAN_POINT('',(0.,-2.));
#9486 = VECTOR('',#9487,1.);
#9487 = DIRECTION('',(1.,0.));
#9488 = ( GEOMETRIC_REPRESENTATION_CONTEXT(2) 
PARAMETRIC_REPRESENTATION_CONTEXT() REPRESENTATION_CONTEXT('2D SPACE',''
  ) );
#9489 = PCURVE('',#5552,#9490);
#9490 = DEFINITIONAL_REPRESENTATION('',(#9491),#9495);
#9491 = LINE('',#9492,#9493);
#9492 = CARTESIAN_POINT('',(0.,20.));
#9493 = VECTOR('',#9494,1.);
#9494 = DIRECTION('',(1.,0.));
#9495 = ( GEOMETRIC_REPRESENTATION_CONTEXT(2) 
PARAMETRIC_REPRESENTATION_CONTEXT() REPRESENTATION_CONTEXT('2D SPACE',''
  ) );
#9496 = ORIENTED_EDGE('',*,*,#9497,.F.);
#9497 = EDGE_CURVE('',#9404,#9475,#9498,.T.);
#9498 = SURFACE_CURVE('',#9499,(#9503,#9509),.PCURVE_S1.);
#9499 = LINE('',#9500,#9501);
#9500 = CARTESIAN_POINT('',(53.,37.375,0.));
#9501 = VECTOR('',#9502,1.);
#9502 = DIRECTION('',(-0.,1.,0.));
#9503 = PCURVE('',#5576,#9504);
#9504 = DEFINITIONAL_REPRESENTATION('',(#9505),#9508);
#9505 = B_SPLINE_CURVE_WITH_KNOTS('',1,(#9506,#9507),.UNSPECIFIED.,.F.,
  .F.,(2,2),(-7.075,-5.075),.PIECEWISE_BEZIER_KNOTS.);
#9506 = CARTESIAN_POINT('',(2.41,0.));
#9507 = CARTESIAN_POINT('',(2.41,-2.));
#9508 = ( GEOMETRIC_REPRESENTATION_CONTEXT(2) 
PARAMETRIC_REPRESENTATION_CONTEXT() REPRESENTATION_CONTEXT('2D SPACE',''
  ) );
#9509 = PCURVE('',#6847,#9510);
#9510 = DEFINITIONAL_REPRESENTATION('',(#9511),#9514);
#9511 = B_SPLINE_CURVE_WITH_KNOTS('',1,(#9512,#9513),.UNSPECIFIED.,.F.,
  .F.,(2,2),(-7.075,-5.075),.PIECEWISE_BEZIER_KNOTS.);
#9512 = CARTESIAN_POINT('',(22.,-14.15));
#9513 = CARTESIAN_POINT('',(22.,-12.15));
#9514 = ( GEOMETRIC_REPRESENTATION_CONTEXT(2) 
PARAMETRIC_REPRESENTATION_CONTEXT() REPRESENTATION_CONTEXT('2D SPACE',''
  ) );
#9515 = ADVANCED_FACE('',(#9516),#5552,.F.);
#9516 = FACE_BOUND('',#9517,.F.);
#9517 = EDGE_LOOP('',(#9518,#9519,#9520,#9543));
#9518 = ORIENTED_EDGE('',*,*,#9474,.F.);
#9519 = ORIENTED_EDGE('',*,*,#5537,.T.);
#9520 = ORIENTED_EDGE('',*,*,#9521,.T.);
#9521 = EDGE_CURVE('',#5512,#9522,#9524,.T.);
#9522 = VERTEX_POINT('',#9523);
#9523 = CARTESIAN_POINT('',(33.,32.3,0.));
#9524 = SURFACE_CURVE('',#9525,(#9529,#9536),.PCURVE_S1.);
#9525 = LINE('',#9526,#9527);
#9526 = CARTESIAN_POINT('',(33.,32.3,-2.41));
#9527 = VECTOR('',#9528,1.);
#9528 = DIRECTION('',(0.,0.,1.));
#9529 = PCURVE('',#5552,#9530);
#9530 = DEFINITIONAL_REPRESENTATION('',(#9531),#9535);
#9531 = LINE('',#9532,#9533);
#9532 = CARTESIAN_POINT('',(0.,0.));
#9533 = VECTOR('',#9534,1.);
#9534 = DIRECTION('',(1.,0.));
#9535 = ( GEOMETRIC_REPRESENTATION_CONTEXT(2) 
PARAMETRIC_REPRESENTATION_CONTEXT() REPRESENTATION_CONTEXT('2D SPACE',''
  ) );
#9536 = PCURVE('',#5526,#9537);
#9537 = DEFINITIONAL_REPRESENTATION('',(#9538),#9542);
#9538 = LINE('',#9539,#9540);
#9539 = CARTESIAN_POINT('',(0.,-2.));
#9540 = VECTOR('',#9541,1.);
#9541 = DIRECTION('',(1.,0.));
#9542 = ( GEOMETRIC_REPRESENTATION_CONTEXT(2) 
PARAMETRIC_REPRESENTATION_CONTEXT() REPRESENTATION_CONTEXT('2D SPACE',''
  ) );
#9543 = ORIENTED_EDGE('',*,*,#9544,.F.);
#9544 = EDGE_CURVE('',#9475,#9522,#9545,.T.);
#9545 = SURFACE_CURVE('',#9546,(#9550,#9556),.PCURVE_S1.);
#9546 = LINE('',#9547,#9548);
#9547 = CARTESIAN_POINT('',(32.,32.3,0.));
#9548 = VECTOR('',#9549,1.);
#9549 = DIRECTION('',(-1.,-0.,0.));
#9550 = PCURVE('',#5552,#9551);
#9551 = DEFINITIONAL_REPRESENTATION('',(#9552),#9555);
#9552 = B_SPLINE_CURVE_WITH_KNOTS('',1,(#9553,#9554),.UNSPECIFIED.,.F.,
  .F.,(2,2),(-21.,-1.),.PIECEWISE_BEZIER_KNOTS.);
#9553 = CARTESIAN_POINT('',(2.41,20.));
#9554 = CARTESIAN_POINT('',(2.41,0.));
#9555 = ( GEOMETRIC_REPRESENTATION_CONTEXT(2) 
PARAMETRIC_REPRESENTATION_CONTEXT() REPRESENTATION_CONTEXT('2D SPACE',''
  ) );
#9556 = PCURVE('',#6847,#9557);
#9557 = DEFINITIONAL_REPRESENTATION('',(#9558),#9561);
#9558 = B_SPLINE_CURVE_WITH_KNOTS('',1,(#9559,#9560),.UNSPECIFIED.,.F.,
  .F.,(2,2),(-21.,-1.),.PIECEWISE_BEZIER_KNOTS.);
#9559 = CARTESIAN_POINT('',(22.,-12.15));
#9560 = CARTESIAN_POINT('',(2.,-12.15));
#9561 = ( GEOMETRIC_REPRESENTATION_CONTEXT(2) 
PARAMETRIC_REPRESENTATION_CONTEXT() REPRESENTATION_CONTEXT('2D SPACE',''
  ) );
#9562 = ADVANCED_FACE('',(#9563),#5526,.T.);
#9563 = FACE_BOUND('',#9564,.T.);
#9564 = EDGE_LOOP('',(#9565,#9566,#9567,#9568));
#9565 = ORIENTED_EDGE('',*,*,#9427,.F.);
#9566 = ORIENTED_EDGE('',*,*,#5511,.T.);
#9567 = ORIENTED_EDGE('',*,*,#9521,.T.);
#9568 = ORIENTED_EDGE('',*,*,#9569,.F.);
#9569 = EDGE_CURVE('',#9428,#9522,#9570,.T.);
#9570 = SURFACE_CURVE('',#9571,(#9575,#9581),.PCURVE_S1.);
#9571 = LINE('',#9572,#9573);
#9572 = CARTESIAN_POINT('',(33.,37.375,0.));
#9573 = VECTOR('',#9574,1.);
#9574 = DIRECTION('',(-0.,1.,0.));
#9575 = PCURVE('',#5526,#9576);
#9576 = DEFINITIONAL_REPRESENTATION('',(#9577),#9580);
#9577 = B_SPLINE_CURVE_WITH_KNOTS('',1,(#9578,#9579),.UNSPECIFIED.,.F.,
  .F.,(2,2),(-7.075,-5.075),.PIECEWISE_BEZIER_KNOTS.);
#9578 = CARTESIAN_POINT('',(2.41,0.));
#9579 = CARTESIAN_POINT('',(2.41,-2.));
#9580 = ( GEOMETRIC_REPRESENTATION_CONTEXT(2) 
PARAMETRIC_REPRESENTATION_CONTEXT() REPRESENTATION_CONTEXT('2D SPACE',''
  ) );
#9581 = PCURVE('',#6847,#9582);
#9582 = DEFINITIONAL_REPRESENTATION('',(#9583),#9586);
#9583 = B_SPLINE_CURVE_WITH_KNOTS('',1,(#9584,#9585),.UNSPECIFIED.,.F.,
  .F.,(2,2),(-7.075,-5.075),.PIECEWISE_BEZIER_KNOTS.);
#9584 = CARTESIAN_POINT('',(2.,-14.15));
#9585 = CARTESIAN_POINT('',(2.,-12.15));
#9586 = ( GEOMETRIC_REPRESENTATION_CONTEXT(2) 
PARAMETRIC_REPRESENTATION_CONTEXT() REPRESENTATION_CONTEXT('2D SPACE',''
  ) );
#9587 = ADVANCED_FACE('',(#9588),#5606,.T.);
#9588 = FACE_BOUND('',#9589,.T.);
#9589 = EDGE_LOOP('',(#9590,#9613,#9614,#9637));
#9590 = ORIENTED_EDGE('',*,*,#9591,.F.);
#9591 = EDGE_CURVE('',#5590,#9592,#9594,.T.);
#9592 = VERTEX_POINT('',#9593);
#9593 = CARTESIAN_POINT('',(53.,34.3,0.));
#9594 = SURFACE_CURVE('',#9595,(#9599,#9606),.PCURVE_S1.);
#9595 = LINE('',#9596,#9597);
#9596 = CARTESIAN_POINT('',(53.,34.3,-2.41));
#9597 = VECTOR('',#9598,1.);
#9598 = DIRECTION('',(0.,0.,1.));
#9599 = PCURVE('',#5606,#9600);
#9600 = DEFINITIONAL_REPRESENTATION('',(#9601),#9605);
#9601 = LINE('',#9602,#9603);
#9602 = CARTESIAN_POINT('',(0.,20.));
#9603 = VECTOR('',#9604,1.);
#9604 = DIRECTION('',(1.,0.));
#9605 = ( GEOMETRIC_REPRESENTATION_CONTEXT(2) 
PARAMETRIC_REPRESENTATION_CONTEXT() REPRESENTATION_CONTEXT('2D SPACE',''
  ) );
#9606 = PCURVE('',#5682,#9607);
#9607 = DEFINITIONAL_REPRESENTATION('',(#9608),#9612);
#9608 = LINE('',#9609,#9610);
#9609 = CARTESIAN_POINT('',(0.,0.));
#9610 = VECTOR('',#9611,1.);
#9611 = DIRECTION('',(1.,0.));
#9612 = ( GEOMETRIC_REPRESENTATION_CONTEXT(2) 
PARAMETRIC_REPRESENTATION_CONTEXT() REPRESENTATION_CONTEXT('2D SPACE',''
  ) );
#9613 = ORIENTED_EDGE('',*,*,#5589,.T.);
#9614 = ORIENTED_EDGE('',*,*,#9615,.T.);
#9615 = EDGE_CURVE('',#5592,#9616,#9618,.T.);
#9616 = VERTEX_POINT('',#9617);
#9617 = CARTESIAN_POINT('',(33.,34.3,0.));
#9618 = SURFACE_CURVE('',#9619,(#9623,#9630),.PCURVE_S1.);
#9619 = LINE('',#9620,#9621);
#9620 = CARTESIAN_POINT('',(33.,34.3,-2.41));
#9621 = VECTOR('',#9622,1.);
#9622 = DIRECTION('',(0.,0.,1.));
#9623 = PCURVE('',#5606,#9624);
#9624 = DEFINITIONAL_REPRESENTATION('',(#9625),#9629);
#9625 = LINE('',#9626,#9627);
#9626 = CARTESIAN_POINT('',(0.,0.));
#9627 = VECTOR('',#9628,1.);
#9628 = DIRECTION('',(1.,0.));
#9629 = ( GEOMETRIC_REPRESENTATION_CONTEXT(2) 
PARAMETRIC_REPRESENTATION_CONTEXT() REPRESENTATION_CONTEXT('2D SPACE',''
  ) );
#9630 = PCURVE('',#5632,#9631);
#9631 = DEFINITIONAL_REPRESENTATION('',(#9632),#9636);
#9632 = LINE('',#9633,#9634);
#9633 = CARTESIAN_POINT('',(0.,0.));
#9634 = VECTOR('',#9635,1.);
#9635 = DIRECTION('',(1.,0.));
#9636 = ( GEOMETRIC_REPRESENTATION_CONTEXT(2) 
PARAMETRIC_REPRESENTATION_CONTEXT() REPRESENTATION_CONTEXT('2D SPACE',''
  ) );
#9637 = ORIENTED_EDGE('',*,*,#9638,.F.);
#9638 = EDGE_CURVE('',#9592,#9616,#9639,.T.);
#9639 = SURFACE_CURVE('',#9640,(#9644,#9650),.PCURVE_S1.);
#9640 = LINE('',#9641,#9642);
#9641 = CARTESIAN_POINT('',(32.,34.3,0.));
#9642 = VECTOR('',#9643,1.);
#9643 = DIRECTION('',(-1.,-0.,0.));
#9644 = PCURVE('',#5606,#9645);
#9645 = DEFINITIONAL_REPRESENTATION('',(#9646),#9649);
#9646 = B_SPLINE_CURVE_WITH_KNOTS('',1,(#9647,#9648),.UNSPECIFIED.,.F.,
  .F.,(2,2),(-21.,-1.),.PIECEWISE_BEZIER_KNOTS.);
#9647 = CARTESIAN_POINT('',(2.41,20.));
#9648 = CARTESIAN_POINT('',(2.41,0.));
#9649 = ( GEOMETRIC_REPRESENTATION_CONTEXT(2) 
PARAMETRIC_REPRESENTATION_CONTEXT() REPRESENTATION_CONTEXT('2D SPACE',''
  ) );
#9650 = PCURVE('',#6847,#9651);
#9651 = DEFINITIONAL_REPRESENTATION('',(#9652),#9655);
#9652 = B_SPLINE_CURVE_WITH_KNOTS('',1,(#9653,#9654),.UNSPECIFIED.,.F.,
  .F.,(2,2),(-21.,-1.),.PIECEWISE_BEZIER_KNOTS.);
#9653 = CARTESIAN_POINT('',(22.,-10.15));
#9654 = CARTESIAN_POINT('',(2.,-10.15));
#9655 = ( GEOMETRIC_REPRESENTATION_CONTEXT(2) 
PARAMETRIC_REPRESENTATION_CONTEXT() REPRESENTATION_CONTEXT('2D SPACE',''
  ) );
#9656 = ADVANCED_FACE('',(#9657),#5682,.F.);
#9657 = FACE_BOUND('',#9658,.F.);
#9658 = EDGE_LOOP('',(#9659,#9660,#9661,#9684));
#9659 = ORIENTED_EDGE('',*,*,#9591,.F.);
#9660 = ORIENTED_EDGE('',*,*,#5669,.T.);
#9661 = ORIENTED_EDGE('',*,*,#9662,.T.);
#9662 = EDGE_CURVE('',#5644,#9663,#9665,.T.);
#9663 = VERTEX_POINT('',#9664);
#9664 = CARTESIAN_POINT('',(53.,36.3,0.));
#9665 = SURFACE_CURVE('',#9666,(#9670,#9677),.PCURVE_S1.);
#9666 = LINE('',#9667,#9668);
#9667 = CARTESIAN_POINT('',(53.,36.3,-2.41));
#9668 = VECTOR('',#9669,1.);
#9669 = DIRECTION('',(0.,0.,1.));
#9670 = PCURVE('',#5682,#9671);
#9671 = DEFINITIONAL_REPRESENTATION('',(#9672),#9676);
#9672 = LINE('',#9673,#9674);
#9673 = CARTESIAN_POINT('',(0.,-2.));
#9674 = VECTOR('',#9675,1.);
#9675 = DIRECTION('',(1.,0.));
#9676 = ( GEOMETRIC_REPRESENTATION_CONTEXT(2) 
PARAMETRIC_REPRESENTATION_CONTEXT() REPRESENTATION_CONTEXT('2D SPACE',''
  ) );
#9677 = PCURVE('',#5658,#9678);
#9678 = DEFINITIONAL_REPRESENTATION('',(#9679),#9683);
#9679 = LINE('',#9680,#9681);
#9680 = CARTESIAN_POINT('',(0.,20.));
#9681 = VECTOR('',#9682,1.);
#9682 = DIRECTION('',(1.,0.));
#9683 = ( GEOMETRIC_REPRESENTATION_CONTEXT(2) 
PARAMETRIC_REPRESENTATION_CONTEXT() REPRESENTATION_CONTEXT('2D SPACE',''
  ) );
#9684 = ORIENTED_EDGE('',*,*,#9685,.F.);
#9685 = EDGE_CURVE('',#9592,#9663,#9686,.T.);
#9686 = SURFACE_CURVE('',#9687,(#9691,#9697),.PCURVE_S1.);
#9687 = LINE('',#9688,#9689);
#9688 = CARTESIAN_POINT('',(53.,39.375,0.));
#9689 = VECTOR('',#9690,1.);
#9690 = DIRECTION('',(-0.,1.,0.));
#9691 = PCURVE('',#5682,#9692);
#9692 = DEFINITIONAL_REPRESENTATION('',(#9693),#9696);
#9693 = B_SPLINE_CURVE_WITH_KNOTS('',1,(#9694,#9695),.UNSPECIFIED.,.F.,
  .F.,(2,2),(-5.075,-3.075),.PIECEWISE_BEZIER_KNOTS.);
#9694 = CARTESIAN_POINT('',(2.41,0.));
#9695 = CARTESIAN_POINT('',(2.41,-2.));
#9696 = ( GEOMETRIC_REPRESENTATION_CONTEXT(2) 
PARAMETRIC_REPRESENTATION_CONTEXT() REPRESENTATION_CONTEXT('2D SPACE',''
  ) );
#9697 = PCURVE('',#6847,#9698);
#9698 = DEFINITIONAL_REPRESENTATION('',(#9699),#9702);
#9699 = B_SPLINE_CURVE_WITH_KNOTS('',1,(#9700,#9701),.UNSPECIFIED.,.F.,
  .F.,(2,2),(-5.075,-3.075),.PIECEWISE_BEZIER_KNOTS.);
#9700 = CARTESIAN_POINT('',(22.,-10.15));
#9701 = CARTESIAN_POINT('',(22.,-8.15));
#9702 = ( GEOMETRIC_REPRESENTATION_CONTEXT(2) 
PARAMETRIC_REPRESENTATION_CONTEXT() REPRESENTATION_CONTEXT('2D SPACE',''
  ) );
#9703 = ADVANCED_FACE('',(#9704),#5658,.F.);
#9704 = FACE_BOUND('',#9705,.F.);
#9705 = EDGE_LOOP('',(#9706,#9707,#9708,#9731));
#9706 = ORIENTED_EDGE('',*,*,#9662,.F.);
#9707 = ORIENTED_EDGE('',*,*,#5643,.T.);
#9708 = ORIENTED_EDGE('',*,*,#9709,.T.);
#9709 = EDGE_CURVE('',#5618,#9710,#9712,.T.);
#9710 = VERTEX_POINT('',#9711);
#9711 = CARTESIAN_POINT('',(33.,36.3,0.));
#9712 = SURFACE_CURVE('',#9713,(#9717,#9724),.PCURVE_S1.);
#9713 = LINE('',#9714,#9715);
#9714 = CARTESIAN_POINT('',(33.,36.3,-2.41));
#9715 = VECTOR('',#9716,1.);
#9716 = DIRECTION('',(0.,0.,1.));
#9717 = PCURVE('',#5658,#9718);
#9718 = DEFINITIONAL_REPRESENTATION('',(#9719),#9723);
#9719 = LINE('',#9720,#9721);
#9720 = CARTESIAN_POINT('',(0.,0.));
#9721 = VECTOR('',#9722,1.);
#9722 = DIRECTION('',(1.,0.));
#9723 = ( GEOMETRIC_REPRESENTATION_CONTEXT(2) 
PARAMETRIC_REPRESENTATION_CONTEXT() REPRESENTATION_CONTEXT('2D SPACE',''
  ) );
#9724 = PCURVE('',#5632,#9725);
#9725 = DEFINITIONAL_REPRESENTATION('',(#9726),#9730);
#9726 = LINE('',#9727,#9728);
#9727 = CARTESIAN_POINT('',(0.,-2.));
#9728 = VECTOR('',#9729,1.);
#9729 = DIRECTION('',(1.,0.));
#9730 = ( GEOMETRIC_REPRESENTATION_CONTEXT(2) 
PARAMETRIC_REPRESENTATION_CONTEXT() REPRESENTATION_CONTEXT('2D SPACE',''
  ) );
#9731 = ORIENTED_EDGE('',*,*,#9732,.F.);
#9732 = EDGE_CURVE('',#9663,#9710,#9733,.T.);
#9733 = SURFACE_CURVE('',#9734,(#9738,#9744),.PCURVE_S1.);
#9734 = LINE('',#9735,#9736);
#9735 = CARTESIAN_POINT('',(32.,36.3,0.));
#9736 = VECTOR('',#9737,1.);
#9737 = DIRECTION('',(-1.,-0.,0.));
#9738 = PCURVE('',#5658,#9739);
#9739 = DEFINITIONAL_REPRESENTATION('',(#9740),#9743);
#9740 = B_SPLINE_CURVE_WITH_KNOTS('',1,(#9741,#9742),.UNSPECIFIED.,.F.,
  .F.,(2,2),(-21.,-1.),.PIECEWISE_BEZIER_KNOTS.);
#9741 = CARTESIAN_POINT('',(2.41,20.));
#9742 = CARTESIAN_POINT('',(2.41,0.));
#9743 = ( GEOMETRIC_REPRESENTATION_CONTEXT(2) 
PARAMETRIC_REPRESENTATION_CONTEXT() REPRESENTATION_CONTEXT('2D SPACE',''
  ) );
#9744 = PCURVE('',#6847,#9745);
#9745 = DEFINITIONAL_REPRESENTATION('',(#9746),#9749);
#9746 = B_SPLINE_CURVE_WITH_KNOTS('',1,(#9747,#9748),.UNSPECIFIED.,.F.,
  .F.,(2,2),(-21.,-1.),.PIECEWISE_BEZIER_KNOTS.);
#9747 = CARTESIAN_POINT('',(22.,-8.15));
#9748 = CARTESIAN_POINT('',(2.,-8.15));
#9749 = ( GEOMETRIC_REPRESENTATION_CONTEXT(2) 
PARAMETRIC_REPRESENTATION_CONTEXT() REPRESENTATION_CONTEXT('2D SPACE',''
  ) );
#9750 = ADVANCED_FACE('',(#9751),#5632,.T.);
#9751 = FACE_BOUND('',#9752,.T.);
#9752 = EDGE_LOOP('',(#9753,#9754,#9755,#9756));
#9753 = ORIENTED_EDGE('',*,*,#9615,.F.);
#9754 = ORIENTED_EDGE('',*,*,#5617,.T.);
#9755 = ORIENTED_EDGE('',*,*,#9709,.T.);
#9756 = ORIENTED_EDGE('',*,*,#9757,.F.);
#9757 = EDGE_CURVE('',#9616,#9710,#9758,.T.);
#9758 = SURFACE_CURVE('',#9759,(#9763,#9769),.PCURVE_S1.);
#9759 = LINE('',#9760,#9761);
#9760 = CARTESIAN_POINT('',(33.,39.375,0.));
#9761 = VECTOR('',#9762,1.);
#9762 = DIRECTION('',(-0.,1.,0.));
#9763 = PCURVE('',#5632,#9764);
#9764 = DEFINITIONAL_REPRESENTATION('',(#9765),#9768);
#9765 = B_SPLINE_CURVE_WITH_KNOTS('',1,(#9766,#9767),.UNSPECIFIED.,.F.,
  .F.,(2,2),(-5.075,-3.075),.PIECEWISE_BEZIER_KNOTS.);
#9766 = CARTESIAN_POINT('',(2.41,0.));
#9767 = CARTESIAN_POINT('',(2.41,-2.));
#9768 = ( GEOMETRIC_REPRESENTATION_CONTEXT(2) 
PARAMETRIC_REPRESENTATION_CONTEXT() REPRESENTATION_CONTEXT('2D SPACE',''
  ) );
#9769 = PCURVE('',#6847,#9770);
#9770 = DEFINITIONAL_REPRESENTATION('',(#9771),#9774);
#9771 = B_SPLINE_CURVE_WITH_KNOTS('',1,(#9772,#9773),.UNSPECIFIED.,.F.,
  .F.,(2,2),(-5.075,-3.075),.PIECEWISE_BEZIER_KNOTS.);
#9772 = CARTESIAN_POINT('',(2.,-10.15));
#9773 = CARTESIAN_POINT('',(2.,-8.15));
#9774 = ( GEOMETRIC_REPRESENTATION_CONTEXT(2) 
PARAMETRIC_REPRESENTATION_CONTEXT() REPRESENTATION_CONTEXT('2D SPACE',''
  ) );
#9775 = ADVANCED_FACE('',(#9776),#5712,.T.);
#9776 = FACE_BOUND('',#9777,.T.);
#9777 = EDGE_LOOP('',(#9778,#9801,#9802,#9825));
#9778 = ORIENTED_EDGE('',*,*,#9779,.F.);
#9779 = EDGE_CURVE('',#5696,#9780,#9782,.T.);
#9780 = VERTEX_POINT('',#9781);
#9781 = CARTESIAN_POINT('',(53.,38.3,0.));
#9782 = SURFACE_CURVE('',#9783,(#9787,#9794),.PCURVE_S1.);
#9783 = LINE('',#9784,#9785);
#9784 = CARTESIAN_POINT('',(53.,38.3,-2.41));
#9785 = VECTOR('',#9786,1.);
#9786 = DIRECTION('',(0.,0.,1.));
#9787 = PCURVE('',#5712,#9788);
#9788 = DEFINITIONAL_REPRESENTATION('',(#9789),#9793);
#9789 = LINE('',#9790,#9791);
#9790 = CARTESIAN_POINT('',(0.,20.));
#9791 = VECTOR('',#9792,1.);
#9792 = DIRECTION('',(1.,0.));
#9793 = ( GEOMETRIC_REPRESENTATION_CONTEXT(2) 
PARAMETRIC_REPRESENTATION_CONTEXT() REPRESENTATION_CONTEXT('2D SPACE',''
  ) );
#9794 = PCURVE('',#5788,#9795);
#9795 = DEFINITIONAL_REPRESENTATION('',(#9796),#9800);
#9796 = LINE('',#9797,#9798);
#9797 = CARTESIAN_POINT('',(0.,0.));
#9798 = VECTOR('',#9799,1.);
#9799 = DIRECTION('',(1.,0.));
#9800 = ( GEOMETRIC_REPRESENTATION_CONTEXT(2) 
PARAMETRIC_REPRESENTATION_CONTEXT() REPRESENTATION_CONTEXT('2D SPACE',''
  ) );
#9801 = ORIENTED_EDGE('',*,*,#5695,.T.);
#9802 = ORIENTED_EDGE('',*,*,#9803,.T.);
#9803 = EDGE_CURVE('',#5698,#9804,#9806,.T.);
#9804 = VERTEX_POINT('',#9805);
#9805 = CARTESIAN_POINT('',(33.,38.3,0.));
#9806 = SURFACE_CURVE('',#9807,(#9811,#9818),.PCURVE_S1.);
#9807 = LINE('',#9808,#9809);
#9808 = CARTESIAN_POINT('',(33.,38.3,-2.41));
#9809 = VECTOR('',#9810,1.);
#9810 = DIRECTION('',(0.,0.,1.));
#9811 = PCURVE('',#5712,#9812);
#9812 = DEFINITIONAL_REPRESENTATION('',(#9813),#9817);
#9813 = LINE('',#9814,#9815);
#9814 = CARTESIAN_POINT('',(0.,0.));
#9815 = VECTOR('',#9816,1.);
#9816 = DIRECTION('',(1.,0.));
#9817 = ( GEOMETRIC_REPRESENTATION_CONTEXT(2) 
PARAMETRIC_REPRESENTATION_CONTEXT() REPRESENTATION_CONTEXT('2D SPACE',''
  ) );
#9818 = PCURVE('',#5738,#9819);
#9819 = DEFINITIONAL_REPRESENTATION('',(#9820),#9824);
#9820 = LINE('',#9821,#9822);
#9821 = CARTESIAN_POINT('',(0.,0.));
#9822 = VECTOR('',#9823,1.);
#9823 = DIRECTION('',(1.,0.));
#9824 = ( GEOMETRIC_REPRESENTATION_CONTEXT(2) 
PARAMETRIC_REPRESENTATION_CONTEXT() REPRESENTATION_CONTEXT('2D SPACE',''
  ) );
#9825 = ORIENTED_EDGE('',*,*,#9826,.F.);
#9826 = EDGE_CURVE('',#9780,#9804,#9827,.T.);
#9827 = SURFACE_CURVE('',#9828,(#9832,#9838),.PCURVE_S1.);
#9828 = LINE('',#9829,#9830);
#9829 = CARTESIAN_POINT('',(32.,38.3,0.));
#9830 = VECTOR('',#9831,1.);
#9831 = DIRECTION('',(-1.,-0.,0.));
#9832 = PCURVE('',#5712,#9833);
#9833 = DEFINITIONAL_REPRESENTATION('',(#9834),#9837);
#9834 = B_SPLINE_CURVE_WITH_KNOTS('',1,(#9835,#9836),.UNSPECIFIED.,.F.,
  .F.,(2,2),(-21.,-1.),.PIECEWISE_BEZIER_KNOTS.);
#9835 = CARTESIAN_POINT('',(2.41,20.));
#9836 = CARTESIAN_POINT('',(2.41,0.));
#9837 = ( GEOMETRIC_REPRESENTATION_CONTEXT(2) 
PARAMETRIC_REPRESENTATION_CONTEXT() REPRESENTATION_CONTEXT('2D SPACE',''
  ) );
#9838 = PCURVE('',#6847,#9839);
#9839 = DEFINITIONAL_REPRESENTATION('',(#9840),#9843);
#9840 = B_SPLINE_CURVE_WITH_KNOTS('',1,(#9841,#9842),.UNSPECIFIED.,.F.,
  .F.,(2,2),(-21.,-1.),.PIECEWISE_BEZIER_KNOTS.);
#9841 = CARTESIAN_POINT('',(22.,-6.15));
#9842 = CARTESIAN_POINT('',(2.,-6.15));
#9843 = ( GEOMETRIC_REPRESENTATION_CONTEXT(2) 
PARAMETRIC_REPRESENTATION_CONTEXT() REPRESENTATION_CONTEXT('2D SPACE',''
  ) );
#9844 = ADVANCED_FACE('',(#9845),#5788,.F.);
#9845 = FACE_BOUND('',#9846,.F.);
#9846 = EDGE_LOOP('',(#9847,#9848,#9849,#9872));
#9847 = ORIENTED_EDGE('',*,*,#9779,.F.);
#9848 = ORIENTED_EDGE('',*,*,#5775,.T.);
#9849 = ORIENTED_EDGE('',*,*,#9850,.T.);
#9850 = EDGE_CURVE('',#5750,#9851,#9853,.T.);
#9851 = VERTEX_POINT('',#9852);
#9852 = CARTESIAN_POINT('',(53.,40.3,0.));
#9853 = SURFACE_CURVE('',#9854,(#9858,#9865),.PCURVE_S1.);
#9854 = LINE('',#9855,#9856);
#9855 = CARTESIAN_POINT('',(53.,40.3,-2.41));
#9856 = VECTOR('',#9857,1.);
#9857 = DIRECTION('',(0.,0.,1.));
#9858 = PCURVE('',#5788,#9859);
#9859 = DEFINITIONAL_REPRESENTATION('',(#9860),#9864);
#9860 = LINE('',#9861,#9862);
#9861 = CARTESIAN_POINT('',(0.,-2.));
#9862 = VECTOR('',#9863,1.);
#9863 = DIRECTION('',(1.,0.));
#9864 = ( GEOMETRIC_REPRESENTATION_CONTEXT(2) 
PARAMETRIC_REPRESENTATION_CONTEXT() REPRESENTATION_CONTEXT('2D SPACE',''
  ) );
#9865 = PCURVE('',#5764,#9866);
#9866 = DEFINITIONAL_REPRESENTATION('',(#9867),#9871);
#9867 = LINE('',#9868,#9869);
#9868 = CARTESIAN_POINT('',(0.,20.));
#9869 = VECTOR('',#9870,1.);
#9870 = DIRECTION('',(1.,0.));
#9871 = ( GEOMETRIC_REPRESENTATION_CONTEXT(2) 
PARAMETRIC_REPRESENTATION_CONTEXT() REPRESENTATION_CONTEXT('2D SPACE',''
  ) );
#9872 = ORIENTED_EDGE('',*,*,#9873,.F.);
#9873 = EDGE_CURVE('',#9780,#9851,#9874,.T.);
#9874 = SURFACE_CURVE('',#9875,(#9879,#9885),.PCURVE_S1.);
#9875 = LINE('',#9876,#9877);
#9876 = CARTESIAN_POINT('',(53.,41.375,0.));
#9877 = VECTOR('',#9878,1.);
#9878 = DIRECTION('',(-0.,1.,0.));
#9879 = PCURVE('',#5788,#9880);
#9880 = DEFINITIONAL_REPRESENTATION('',(#9881),#9884);
#9881 = B_SPLINE_CURVE_WITH_KNOTS('',1,(#9882,#9883),.UNSPECIFIED.,.F.,
  .F.,(2,2),(-3.075,-1.075),.PIECEWISE_BEZIER_KNOTS.);
#9882 = CARTESIAN_POINT('',(2.41,0.));
#9883 = CARTESIAN_POINT('',(2.41,-2.));
#9884 = ( GEOMETRIC_REPRESENTATION_CONTEXT(2) 
PARAMETRIC_REPRESENTATION_CONTEXT() REPRESENTATION_CONTEXT('2D SPACE',''
  ) );
#9885 = PCURVE('',#6847,#9886);
#9886 = DEFINITIONAL_REPRESENTATION('',(#9887),#9890);
#9887 = B_SPLINE_CURVE_WITH_KNOTS('',1,(#9888,#9889),.UNSPECIFIED.,.F.,
  .F.,(2,2),(-3.075,-1.075),.PIECEWISE_BEZIER_KNOTS.);
#9888 = CARTESIAN_POINT('',(22.,-6.15));
#9889 = CARTESIAN_POINT('',(22.,-4.15));
#9890 = ( GEOMETRIC_REPRESENTATION_CONTEXT(2) 
PARAMETRIC_REPRESENTATION_CONTEXT() REPRESENTATION_CONTEXT('2D SPACE',''
  ) );
#9891 = ADVANCED_FACE('',(#9892),#5764,.F.);
#9892 = FACE_BOUND('',#9893,.F.);
#9893 = EDGE_LOOP('',(#9894,#9895,#9896,#9919));
#9894 = ORIENTED_EDGE('',*,*,#9850,.F.);
#9895 = ORIENTED_EDGE('',*,*,#5749,.T.);
#9896 = ORIENTED_EDGE('',*,*,#9897,.T.);
#9897 = EDGE_CURVE('',#5724,#9898,#9900,.T.);
#9898 = VERTEX_POINT('',#9899);
#9899 = CARTESIAN_POINT('',(33.,40.3,0.));
#9900 = SURFACE_CURVE('',#9901,(#9905,#9912),.PCURVE_S1.);
#9901 = LINE('',#9902,#9903);
#9902 = CARTESIAN_POINT('',(33.,40.3,-2.41));
#9903 = VECTOR('',#9904,1.);
#9904 = DIRECTION('',(0.,0.,1.));
#9905 = PCURVE('',#5764,#9906);
#9906 = DEFINITIONAL_REPRESENTATION('',(#9907),#9911);
#9907 = LINE('',#9908,#9909);
#9908 = CARTESIAN_POINT('',(0.,0.));
#9909 = VECTOR('',#9910,1.);
#9910 = DIRECTION('',(1.,0.));
#9911 = ( GEOMETRIC_REPRESENTATION_CONTEXT(2) 
PARAMETRIC_REPRESENTATION_CONTEXT() REPRESENTATION_CONTEXT('2D SPACE',''
  ) );
#9912 = PCURVE('',#5738,#9913);
#9913 = DEFINITIONAL_REPRESENTATION('',(#9914),#9918);
#9914 = LINE('',#9915,#9916);
#9915 = CARTESIAN_POINT('',(0.,-2.));
#9916 = VECTOR('',#9917,1.);
#9917 = DIRECTION('',(1.,0.));
#9918 = ( GEOMETRIC_REPRESENTATION_CONTEXT(2) 
PARAMETRIC_REPRESENTATION_CONTEXT() REPRESENTATION_CONTEXT('2D SPACE',''
  ) );
#9919 = ORIENTED_EDGE('',*,*,#9920,.F.);
#9920 = EDGE_CURVE('',#9851,#9898,#9921,.T.);
#9921 = SURFACE_CURVE('',#9922,(#9926,#9932),.PCURVE_S1.);
#9922 = LINE('',#9923,#9924);
#9923 = CARTESIAN_POINT('',(32.,40.3,0.));
#9924 = VECTOR('',#9925,1.);
#9925 = DIRECTION('',(-1.,-0.,0.));
#9926 = PCURVE('',#5764,#9927);
#9927 = DEFINITIONAL_REPRESENTATION('',(#9928),#9931);
#9928 = B_SPLINE_CURVE_WITH_KNOTS('',1,(#9929,#9930),.UNSPECIFIED.,.F.,
  .F.,(2,2),(-21.,-1.),.PIECEWISE_BEZIER_KNOTS.);
#9929 = CARTESIAN_POINT('',(2.41,20.));
#9930 = CARTESIAN_POINT('',(2.41,0.));
#9931 = ( GEOMETRIC_REPRESENTATION_CONTEXT(2) 
PARAMETRIC_REPRESENTATION_CONTEXT() REPRESENTATION_CONTEXT('2D SPACE',''
  ) );
#9932 = PCURVE('',#6847,#9933);
#9933 = DEFINITIONAL_REPRESENTATION('',(#9934),#9937);
#9934 = B_SPLINE_CURVE_WITH_KNOTS('',1,(#9935,#9936),.UNSPECIFIED.,.F.,
  .F.,(2,2),(-21.,-1.),.PIECEWISE_BEZIER_KNOTS.);
#9935 = CARTESIAN_POINT('',(22.,-4.15));
#9936 = CARTESIAN_POINT('',(2.,-4.15));
#9937 = ( GEOMETRIC_REPRESENTATION_CONTEXT(2) 
PARAMETRIC_REPRESENTATION_CONTEXT() REPRESENTATION_CONTEXT('2D SPACE',''
  ) );
#9938 = ADVANCED_FACE('',(#9939),#5738,.T.);
#9939 = FACE_BOUND('',#9940,.T.);
#9940 = EDGE_LOOP('',(#9941,#9942,#9943,#9944));
#9941 = ORIENTED_EDGE('',*,*,#9803,.F.);
#9942 = ORIENTED_EDGE('',*,*,#5723,.T.);
#9943 = ORIENTED_EDGE('',*,*,#9897,.T.);
#9944 = ORIENTED_EDGE('',*,*,#9945,.F.);
#9945 = EDGE_CURVE('',#9804,#9898,#9946,.T.);
#9946 = SURFACE_CURVE('',#9947,(#9951,#9957),.PCURVE_S1.);
#9947 = LINE('',#9948,#9949);
#9948 = CARTESIAN_POINT('',(33.,41.375,0.));
#9949 = VECTOR('',#9950,1.);
#9950 = DIRECTION('',(-0.,1.,0.));
#9951 = PCURVE('',#5738,#9952);
#9952 = DEFINITIONAL_REPRESENTATION('',(#9953),#9956);
#9953 = B_SPLINE_CURVE_WITH_KNOTS('',1,(#9954,#9955),.UNSPECIFIED.,.F.,
  .F.,(2,2),(-3.075,-1.075),.PIECEWISE_BEZIER_KNOTS.);
#9954 = CARTESIAN_POINT('',(2.41,0.));
#9955 = CARTESIAN_POINT('',(2.41,-2.));
#9956 = ( GEOMETRIC_REPRESENTATION_CONTEXT(2) 
PARAMETRIC_REPRESENTATION_CONTEXT() REPRESENTATION_CONTEXT('2D SPACE',''
  ) );
#9957 = PCURVE('',#6847,#9958);
#9958 = DEFINITIONAL_REPRESENTATION('',(#9959),#9962);
#9959 = B_SPLINE_CURVE_WITH_KNOTS('',1,(#9960,#9961),.UNSPECIFIED.,.F.,
  .F.,(2,2),(-3.075,-1.075),.PIECEWISE_BEZIER_KNOTS.);
#9960 = CARTESIAN_POINT('',(2.,-6.15));
#9961 = CARTESIAN_POINT('',(2.,-4.15));
#9962 = ( GEOMETRIC_REPRESENTATION_CONTEXT(2) 
PARAMETRIC_REPRESENTATION_CONTEXT() REPRESENTATION_CONTEXT('2D SPACE',''
  ) );
#9963 = ADVANCED_FACE('',(#9964),#5818,.T.);
#9964 = FACE_BOUND('',#9965,.T.);
#9965 = EDGE_LOOP('',(#9966,#9989,#9990,#10013));
#9966 = ORIENTED_EDGE('',*,*,#9967,.F.);
#9967 = EDGE_CURVE('',#5802,#9968,#9970,.T.);
#9968 = VERTEX_POINT('',#9969);
#9969 = CARTESIAN_POINT('',(53.,42.3,0.));
#9970 = SURFACE_CURVE('',#9971,(#9975,#9982),.PCURVE_S1.);
#9971 = LINE('',#9972,#9973);
#9972 = CARTESIAN_POINT('',(53.,42.3,-2.41));
#9973 = VECTOR('',#9974,1.);
#9974 = DIRECTION('',(0.,0.,1.));
#9975 = PCURVE('',#5818,#9976);
#9976 = DEFINITIONAL_REPRESENTATION('',(#9977),#9981);
#9977 = LINE('',#9978,#9979);
#9978 = CARTESIAN_POINT('',(0.,20.));
#9979 = VECTOR('',#9980,1.);
#9980 = DIRECTION('',(1.,0.));
#9981 = ( GEOMETRIC_REPRESENTATION_CONTEXT(2) 
PARAMETRIC_REPRESENTATION_CONTEXT() REPRESENTATION_CONTEXT('2D SPACE',''
  ) );
#9982 = PCURVE('',#5894,#9983);
#9983 = DEFINITIONAL_REPRESENTATION('',(#9984),#9988);
#9984 = LINE('',#9985,#9986);
#9985 = CARTESIAN_POINT('',(0.,0.));
#9986 = VECTOR('',#9987,1.);
#9987 = DIRECTION('',(1.,0.));
#9988 = ( GEOMETRIC_REPRESENTATION_CONTEXT(2) 
PARAMETRIC_REPRESENTATION_CONTEXT() REPRESENTATION_CONTEXT('2D SPACE',''
  ) );
#9989 = ORIENTED_EDGE('',*,*,#5801,.T.);
#9990 = ORIENTED_EDGE('',*,*,#9991,.T.);
#9991 = EDGE_CURVE('',#5804,#9992,#9994,.T.);
#9992 = VERTEX_POINT('',#9993);
#9993 = CARTESIAN_POINT('',(33.,42.3,0.));
#9994 = SURFACE_CURVE('',#9995,(#9999,#10006),.PCURVE_S1.);
#9995 = LINE('',#9996,#9997);
#9996 = CARTESIAN_POINT('',(33.,42.3,-2.41));
#9997 = VECTOR('',#9998,1.);
#9998 = DIRECTION('',(0.,0.,1.));
#9999 = PCURVE('',#5818,#10000);
#10000 = DEFINITIONAL_REPRESENTATION('',(#10001),#10005);
#10001 = LINE('',#10002,#10003);
#10002 = CARTESIAN_POINT('',(0.,0.));
#10003 = VECTOR('',#10004,1.);
#10004 = DIRECTION('',(1.,0.));
#10005 = ( GEOMETRIC_REPRESENTATION_CONTEXT(2) 
PARAMETRIC_REPRESENTATION_CONTEXT() REPRESENTATION_CONTEXT('2D SPACE',''
  ) );
#10006 = PCURVE('',#5844,#10007);
#10007 = DEFINITIONAL_REPRESENTATION('',(#10008),#10012);
#10008 = LINE('',#10009,#10010);
#10009 = CARTESIAN_POINT('',(0.,0.));
#10010 = VECTOR('',#10011,1.);
#10011 = DIRECTION('',(1.,0.));
#10012 = ( GEOMETRIC_REPRESENTATION_CONTEXT(2) 
PARAMETRIC_REPRESENTATION_CONTEXT() REPRESENTATION_CONTEXT('2D SPACE',''
  ) );
#10013 = ORIENTED_EDGE('',*,*,#10014,.F.);
#10014 = EDGE_CURVE('',#9968,#9992,#10015,.T.);
#10015 = SURFACE_CURVE('',#10016,(#10020,#10026),.PCURVE_S1.);
#10016 = LINE('',#10017,#10018);
#10017 = CARTESIAN_POINT('',(32.,42.3,0.));
#10018 = VECTOR('',#10019,1.);
#10019 = DIRECTION('',(-1.,-0.,0.));
#10020 = PCURVE('',#5818,#10021);
#10021 = DEFINITIONAL_REPRESENTATION('',(#10022),#10025);
#10022 = B_SPLINE_CURVE_WITH_KNOTS('',1,(#10023,#10024),.UNSPECIFIED.,
  .F.,.F.,(2,2),(-21.,-1.),.PIECEWISE_BEZIER_KNOTS.);
#10023 = CARTESIAN_POINT('',(2.41,20.));
#10024 = CARTESIAN_POINT('',(2.41,0.));
#10025 = ( GEOMETRIC_REPRESENTATION_CONTEXT(2) 
PARAMETRIC_REPRESENTATION_CONTEXT() REPRESENTATION_CONTEXT('2D SPACE',''
  ) );
#10026 = PCURVE('',#6847,#10027);
#10027 = DEFINITIONAL_REPRESENTATION('',(#10028),#10031);
#10028 = B_SPLINE_CURVE_WITH_KNOTS('',1,(#10029,#10030),.UNSPECIFIED.,
  .F.,.F.,(2,2),(-21.,-1.),.PIECEWISE_BEZIER_KNOTS.);
#10029 = CARTESIAN_POINT('',(22.,-2.15));
#10030 = CARTESIAN_POINT('',(2.,-2.15));
#10031 = ( GEOMETRIC_REPRESENTATION_CONTEXT(2) 
PARAMETRIC_REPRESENTATION_CONTEXT() REPRESENTATION_CONTEXT('2D SPACE',''
  ) );
#10032 = ADVANCED_FACE('',(#10033),#5894,.F.);
#10033 = FACE_BOUND('',#10034,.F.);
#10034 = EDGE_LOOP('',(#10035,#10036,#10037,#10060));
#10035 = ORIENTED_EDGE('',*,*,#9967,.F.);
#10036 = ORIENTED_EDGE('',*,*,#5881,.T.);
#10037 = ORIENTED_EDGE('',*,*,#10038,.T.);
#10038 = EDGE_CURVE('',#5856,#10039,#10041,.T.);
#10039 = VERTEX_POINT('',#10040);
#10040 = CARTESIAN_POINT('',(53.,44.3,0.));
#10041 = SURFACE_CURVE('',#10042,(#10046,#10053),.PCURVE_S1.);
#10042 = LINE('',#10043,#10044);
#10043 = CARTESIAN_POINT('',(53.,44.3,-2.41));
#10044 = VECTOR('',#10045,1.);
#10045 = DIRECTION('',(0.,0.,1.));
#10046 = PCURVE('',#5894,#10047);
#10047 = DEFINITIONAL_REPRESENTATION('',(#10048),#10052);
#10048 = LINE('',#10049,#10050);
#10049 = CARTESIAN_POINT('',(0.,-2.));
#10050 = VECTOR('',#10051,1.);
#10051 = DIRECTION('',(1.,0.));
#10052 = ( GEOMETRIC_REPRESENTATION_CONTEXT(2) 
PARAMETRIC_REPRESENTATION_CONTEXT() REPRESENTATION_CONTEXT('2D SPACE',''
  ) );
#10053 = PCURVE('',#5870,#10054);
#10054 = DEFINITIONAL_REPRESENTATION('',(#10055),#10059);
#10055 = LINE('',#10056,#10057);
#10056 = CARTESIAN_POINT('',(0.,20.));
#10057 = VECTOR('',#10058,1.);
#10058 = DIRECTION('',(1.,0.));
#10059 = ( GEOMETRIC_REPRESENTATION_CONTEXT(2) 
PARAMETRIC_REPRESENTATION_CONTEXT() REPRESENTATION_CONTEXT('2D SPACE',''
  ) );
#10060 = ORIENTED_EDGE('',*,*,#10061,.F.);
#10061 = EDGE_CURVE('',#9968,#10039,#10062,.T.);
#10062 = SURFACE_CURVE('',#10063,(#10067,#10073),.PCURVE_S1.);
#10063 = LINE('',#10064,#10065);
#10064 = CARTESIAN_POINT('',(53.,43.375,0.));
#10065 = VECTOR('',#10066,1.);
#10066 = DIRECTION('',(-0.,1.,0.));
#10067 = PCURVE('',#5894,#10068);
#10068 = DEFINITIONAL_REPRESENTATION('',(#10069),#10072);
#10069 = B_SPLINE_CURVE_WITH_KNOTS('',1,(#10070,#10071),.UNSPECIFIED.,
  .F.,.F.,(2,2),(-1.075,0.925),.PIECEWISE_BEZIER_KNOTS.);
#10070 = CARTESIAN_POINT('',(2.41,0.));
#10071 = CARTESIAN_POINT('',(2.41,-2.));
#10072 = ( GEOMETRIC_REPRESENTATION_CONTEXT(2) 
PARAMETRIC_REPRESENTATION_CONTEXT() REPRESENTATION_CONTEXT('2D SPACE',''
  ) );
#10073 = PCURVE('',#6847,#10074);
#10074 = DEFINITIONAL_REPRESENTATION('',(#10075),#10078);
#10075 = B_SPLINE_CURVE_WITH_KNOTS('',1,(#10076,#10077),.UNSPECIFIED.,
  .F.,.F.,(2,2),(-1.075,0.925),.PIECEWISE_BEZIER_KNOTS.);
#10076 = CARTESIAN_POINT('',(22.,-2.15));
#10077 = CARTESIAN_POINT('',(22.,-0.15));
#10078 = ( GEOMETRIC_REPRESENTATION_CONTEXT(2) 
PARAMETRIC_REPRESENTATION_CONTEXT() REPRESENTATION_CONTEXT('2D SPACE',''
  ) );
#10079 = ADVANCED_FACE('',(#10080),#5870,.F.);
#10080 = FACE_BOUND('',#10081,.F.);
#10081 = EDGE_LOOP('',(#10082,#10083,#10084,#10107));
#10082 = ORIENTED_EDGE('',*,*,#10038,.F.);
#10083 = ORIENTED_EDGE('',*,*,#5855,.T.);
#10084 = ORIENTED_EDGE('',*,*,#10085,.T.);
#10085 = EDGE_CURVE('',#5830,#10086,#10088,.T.);
#10086 = VERTEX_POINT('',#10087);
#10087 = CARTESIAN_POINT('',(33.,44.3,0.));
#10088 = SURFACE_CURVE('',#10089,(#10093,#10100),.PCURVE_S1.);
#10089 = LINE('',#10090,#10091);
#10090 = CARTESIAN_POINT('',(33.,44.3,-2.41));
#10091 = VECTOR('',#10092,1.);
#10092 = DIRECTION('',(0.,0.,1.));
#10093 = PCURVE('',#5870,#10094);
#10094 = DEFINITIONAL_REPRESENTATION('',(#10095),#10099);
#10095 = LINE('',#10096,#10097);
#10096 = CARTESIAN_POINT('',(0.,0.));
#10097 = VECTOR('',#10098,1.);
#10098 = DIRECTION('',(1.,0.));
#10099 = ( GEOMETRIC_REPRESENTATION_CONTEXT(2) 
PARAMETRIC_REPRESENTATION_CONTEXT() REPRESENTATION_CONTEXT('2D SPACE',''
  ) );
#10100 = PCURVE('',#5844,#10101);
#10101 = DEFINITIONAL_REPRESENTATION('',(#10102),#10106);
#10102 = LINE('',#10103,#10104);
#10103 = CARTESIAN_POINT('',(0.,-2.));
#10104 = VECTOR('',#10105,1.);
#10105 = DIRECTION('',(1.,0.));
#10106 = ( GEOMETRIC_REPRESENTATION_CONTEXT(2) 
PARAMETRIC_REPRESENTATION_CONTEXT() REPRESENTATION_CONTEXT('2D SPACE',''
  ) );
#10107 = ORIENTED_EDGE('',*,*,#10108,.F.);
#10108 = EDGE_CURVE('',#10039,#10086,#10109,.T.);
#10109 = SURFACE_CURVE('',#10110,(#10114,#10120),.PCURVE_S1.);
#10110 = LINE('',#10111,#10112);
#10111 = CARTESIAN_POINT('',(32.,44.3,0.));
#10112 = VECTOR('',#10113,1.);
#10113 = DIRECTION('',(-1.,-0.,0.));
#10114 = PCURVE('',#5870,#10115);
#10115 = DEFINITIONAL_REPRESENTATION('',(#10116),#10119);
#10116 = B_SPLINE_CURVE_WITH_KNOTS('',1,(#10117,#10118),.UNSPECIFIED.,
  .F.,.F.,(2,2),(-21.,-1.),.PIECEWISE_BEZIER_KNOTS.);
#10117 = CARTESIAN_POINT('',(2.41,20.));
#10118 = CARTESIAN_POINT('',(2.41,0.));
#10119 = ( GEOMETRIC_REPRESENTATION_CONTEXT(2) 
PARAMETRIC_REPRESENTATION_CONTEXT() REPRESENTATION_CONTEXT('2D SPACE',''
  ) );
#10120 = PCURVE('',#6847,#10121);
#10121 = DEFINITIONAL_REPRESENTATION('',(#10122),#10125);
#10122 = B_SPLINE_CURVE_WITH_KNOTS('',1,(#10123,#10124),.UNSPECIFIED.,
  .F.,.F.,(2,2),(-21.,-1.),.PIECEWISE_BEZIER_KNOTS.);
#10123 = CARTESIAN_POINT('',(22.,-0.15));
#10124 = CARTESIAN_POINT('',(2.,-0.15));
#10125 = ( GEOMETRIC_REPRESENTATION_CONTEXT(2) 
PARAMETRIC_REPRESENTATION_CONTEXT() REPRESENTATION_CONTEXT('2D SPACE',''
  ) );
#10126 = ADVANCED_FACE('',(#10127),#5844,.T.);
#10127 = FACE_BOUND('',#10128,.T.);
#10128 = EDGE_LOOP('',(#10129,#10130,#10131,#10132));
#10129 = ORIENTED_EDGE('',*,*,#9991,.F.);
#10130 = ORIENTED_EDGE('',*,*,#5829,.T.);
#10131 = ORIENTED_EDGE('',*,*,#10085,.T.);
#10132 = ORIENTED_EDGE('',*,*,#10133,.F.);
#10133 = EDGE_CURVE('',#9992,#10086,#10134,.T.);
#10134 = SURFACE_CURVE('',#10135,(#10139,#10145),.PCURVE_S1.);
#10135 = LINE('',#10136,#10137);
#10136 = CARTESIAN_POINT('',(33.,43.375,0.));
#10137 = VECTOR('',#10138,1.);
#10138 = DIRECTION('',(-0.,1.,0.));
#10139 = PCURVE('',#5844,#10140);
#10140 = DEFINITIONAL_REPRESENTATION('',(#10141),#10144);
#10141 = B_SPLINE_CURVE_WITH_KNOTS('',1,(#10142,#10143),.UNSPECIFIED.,
  .F.,.F.,(2,2),(-1.075,0.925),.PIECEWISE_BEZIER_KNOTS.);
#10142 = CARTESIAN_POINT('',(2.41,0.));
#10143 = CARTESIAN_POINT('',(2.41,-2.));
#10144 = ( GEOMETRIC_REPRESENTATION_CONTEXT(2) 
PARAMETRIC_REPRESENTATION_CONTEXT() REPRESENTATION_CONTEXT('2D SPACE',''
  ) );
#10145 = PCURVE('',#6847,#10146);
#10146 = DEFINITIONAL_REPRESENTATION('',(#10147),#10150);
#10147 = B_SPLINE_CURVE_WITH_KNOTS('',1,(#10148,#10149),.UNSPECIFIED.,
  .F.,.F.,(2,2),(-1.075,0.925),.PIECEWISE_BEZIER_KNOTS.);
#10148 = CARTESIAN_POINT('',(2.,-2.15));
#10149 = CARTESIAN_POINT('',(2.,-0.15));
#10150 = ( GEOMETRIC_REPRESENTATION_CONTEXT(2) 
PARAMETRIC_REPRESENTATION_CONTEXT() REPRESENTATION_CONTEXT('2D SPACE',''
  ) );
#10151 = ADVANCED_FACE('',(#10152),#5924,.T.);
#10152 = FACE_BOUND('',#10153,.T.);
#10153 = EDGE_LOOP('',(#10154,#10177,#10178,#10201));
#10154 = ORIENTED_EDGE('',*,*,#10155,.F.);
#10155 = EDGE_CURVE('',#5908,#10156,#10158,.T.);
#10156 = VERTEX_POINT('',#10157);
#10157 = CARTESIAN_POINT('',(29.,46.3,0.));
#10158 = SURFACE_CURVE('',#10159,(#10163,#10170),.PCURVE_S1.);
#10159 = LINE('',#10160,#10161);
#10160 = CARTESIAN_POINT('',(29.,46.3,-2.41));
#10161 = VECTOR('',#10162,1.);
#10162 = DIRECTION('',(0.,0.,1.));
#10163 = PCURVE('',#5924,#10164);
#10164 = DEFINITIONAL_REPRESENTATION('',(#10165),#10169);
#10165 = LINE('',#10166,#10167);
#10166 = CARTESIAN_POINT('',(0.,20.));
#10167 = VECTOR('',#10168,1.);
#10168 = DIRECTION('',(1.,0.));
#10169 = ( GEOMETRIC_REPRESENTATION_CONTEXT(2) 
PARAMETRIC_REPRESENTATION_CONTEXT() REPRESENTATION_CONTEXT('2D SPACE',''
  ) );
#10170 = PCURVE('',#6000,#10171);
#10171 = DEFINITIONAL_REPRESENTATION('',(#10172),#10176);
#10172 = LINE('',#10173,#10174);
#10173 = CARTESIAN_POINT('',(0.,0.));
#10174 = VECTOR('',#10175,1.);
#10175 = DIRECTION('',(1.,0.));
#10176 = ( GEOMETRIC_REPRESENTATION_CONTEXT(2) 
PARAMETRIC_REPRESENTATION_CONTEXT() REPRESENTATION_CONTEXT('2D SPACE',''
  ) );
#10177 = ORIENTED_EDGE('',*,*,#5907,.T.);
#10178 = ORIENTED_EDGE('',*,*,#10179,.T.);
#10179 = EDGE_CURVE('',#5910,#10180,#10182,.T.);
#10180 = VERTEX_POINT('',#10181);
#10181 = CARTESIAN_POINT('',(9.,46.3,0.));
#10182 = SURFACE_CURVE('',#10183,(#10187,#10194),.PCURVE_S1.);
#10183 = LINE('',#10184,#10185);
#10184 = CARTESIAN_POINT('',(9.,46.3,-2.41));
#10185 = VECTOR('',#10186,1.);
#10186 = DIRECTION('',(0.,0.,1.));
#10187 = PCURVE('',#5924,#10188);
#10188 = DEFINITIONAL_REPRESENTATION('',(#10189),#10193);
#10189 = LINE('',#10190,#10191);
#10190 = CARTESIAN_POINT('',(0.,0.));
#10191 = VECTOR('',#10192,1.);
#10192 = DIRECTION('',(1.,0.));
#10193 = ( GEOMETRIC_REPRESENTATION_CONTEXT(2) 
PARAMETRIC_REPRESENTATION_CONTEXT() REPRESENTATION_CONTEXT('2D SPACE',''
  ) );
#10194 = PCURVE('',#5950,#10195);
#10195 = DEFINITIONAL_REPRESENTATION('',(#10196),#10200);
#10196 = LINE('',#10197,#10198);
#10197 = CARTESIAN_POINT('',(0.,0.));
#10198 = VECTOR('',#10199,1.);
#10199 = DIRECTION('',(1.,0.));
#10200 = ( GEOMETRIC_REPRESENTATION_CONTEXT(2) 
PARAMETRIC_REPRESENTATION_CONTEXT() REPRESENTATION_CONTEXT('2D SPACE',''
  ) );
#10201 = ORIENTED_EDGE('',*,*,#10202,.F.);
#10202 = EDGE_CURVE('',#10156,#10180,#10203,.T.);
#10203 = SURFACE_CURVE('',#10204,(#10208,#10214),.PCURVE_S1.);
#10204 = LINE('',#10205,#10206);
#10205 = CARTESIAN_POINT('',(20.,46.3,0.));
#10206 = VECTOR('',#10207,1.);
#10207 = DIRECTION('',(-1.,-0.,0.));
#10208 = PCURVE('',#5924,#10209);
#10209 = DEFINITIONAL_REPRESENTATION('',(#10210),#10213);
#10210 = B_SPLINE_CURVE_WITH_KNOTS('',1,(#10211,#10212),.UNSPECIFIED.,
  .F.,.F.,(2,2),(-9.,11.),.PIECEWISE_BEZIER_KNOTS.);
#10211 = CARTESIAN_POINT('',(2.41,20.));
#10212 = CARTESIAN_POINT('',(2.41,0.));
#10213 = ( GEOMETRIC_REPRESENTATION_CONTEXT(2) 
PARAMETRIC_REPRESENTATION_CONTEXT() REPRESENTATION_CONTEXT('2D SPACE',''
  ) );
#10214 = PCURVE('',#6847,#10215);
#10215 = DEFINITIONAL_REPRESENTATION('',(#10216),#10219);
#10216 = B_SPLINE_CURVE_WITH_KNOTS('',1,(#10217,#10218),.UNSPECIFIED.,
  .F.,.F.,(2,2),(-9.,11.),.PIECEWISE_BEZIER_KNOTS.);
#10217 = CARTESIAN_POINT('',(-2.,1.85));
#10218 = CARTESIAN_POINT('',(-22.,1.85));
#10219 = ( GEOMETRIC_REPRESENTATION_CONTEXT(2) 
PARAMETRIC_REPRESENTATION_CONTEXT() REPRESENTATION_CONTEXT('2D SPACE',''
  ) );
#10220 = ADVANCED_FACE('',(#10221),#6000,.F.);
#10221 = FACE_BOUND('',#10222,.F.);
#10222 = EDGE_LOOP('',(#10223,#10224,#10225,#10248));
#10223 = ORIENTED_EDGE('',*,*,#10155,.F.);
#10224 = ORIENTED_EDGE('',*,*,#5987,.T.);
#10225 = ORIENTED_EDGE('',*,*,#10226,.T.);
#10226 = EDGE_CURVE('',#5962,#10227,#10229,.T.);
#10227 = VERTEX_POINT('',#10228);
#10228 = CARTESIAN_POINT('',(29.,48.3,0.));
#10229 = SURFACE_CURVE('',#10230,(#10234,#10241),.PCURVE_S1.);
#10230 = LINE('',#10231,#10232);
#10231 = CARTESIAN_POINT('',(29.,48.3,-2.41));
#10232 = VECTOR('',#10233,1.);
#10233 = DIRECTION('',(0.,0.,1.));
#10234 = PCURVE('',#6000,#10235);
#10235 = DEFINITIONAL_REPRESENTATION('',(#10236),#10240);
#10236 = LINE('',#10237,#10238);
#10237 = CARTESIAN_POINT('',(0.,-2.));
#10238 = VECTOR('',#10239,1.);
#10239 = DIRECTION('',(1.,0.));
#10240 = ( GEOMETRIC_REPRESENTATION_CONTEXT(2) 
PARAMETRIC_REPRESENTATION_CONTEXT() REPRESENTATION_CONTEXT('2D SPACE',''
  ) );
#10241 = PCURVE('',#5976,#10242);
#10242 = DEFINITIONAL_REPRESENTATION('',(#10243),#10247);
#10243 = LINE('',#10244,#10245);
#10244 = CARTESIAN_POINT('',(0.,20.));
#10245 = VECTOR('',#10246,1.);
#10246 = DIRECTION('',(1.,0.));
#10247 = ( GEOMETRIC_REPRESENTATION_CONTEXT(2) 
PARAMETRIC_REPRESENTATION_CONTEXT() REPRESENTATION_CONTEXT('2D SPACE',''
  ) );
#10248 = ORIENTED_EDGE('',*,*,#10249,.F.);
#10249 = EDGE_CURVE('',#10156,#10227,#10250,.T.);
#10250 = SURFACE_CURVE('',#10251,(#10255,#10261),.PCURVE_S1.);
#10251 = LINE('',#10252,#10253);
#10252 = CARTESIAN_POINT('',(29.,45.375,0.));
#10253 = VECTOR('',#10254,1.);
#10254 = DIRECTION('',(-0.,1.,0.));
#10255 = PCURVE('',#6000,#10256);
#10256 = DEFINITIONAL_REPRESENTATION('',(#10257),#10260);
#10257 = B_SPLINE_CURVE_WITH_KNOTS('',1,(#10258,#10259),.UNSPECIFIED.,
  .F.,.F.,(2,2),(0.925,2.925),.PIECEWISE_BEZIER_KNOTS.);
#10258 = CARTESIAN_POINT('',(2.41,0.));
#10259 = CARTESIAN_POINT('',(2.41,-2.));
#10260 = ( GEOMETRIC_REPRESENTATION_CONTEXT(2) 
PARAMETRIC_REPRESENTATION_CONTEXT() REPRESENTATION_CONTEXT('2D SPACE',''
  ) );
#10261 = PCURVE('',#6847,#10262);
#10262 = DEFINITIONAL_REPRESENTATION('',(#10263),#10266);
#10263 = B_SPLINE_CURVE_WITH_KNOTS('',1,(#10264,#10265),.UNSPECIFIED.,
  .F.,.F.,(2,2),(0.925,2.925),.PIECEWISE_BEZIER_KNOTS.);
#10264 = CARTESIAN_POINT('',(-2.,1.85));
#10265 = CARTESIAN_POINT('',(-2.,3.85));
#10266 = ( GEOMETRIC_REPRESENTATION_CONTEXT(2) 
PARAMETRIC_REPRESENTATION_CONTEXT() REPRESENTATION_CONTEXT('2D SPACE',''
  ) );
#10267 = ADVANCED_FACE('',(#10268),#5976,.F.);
#10268 = FACE_BOUND('',#10269,.F.);
#10269 = EDGE_LOOP('',(#10270,#10271,#10272,#10295));
#10270 = ORIENTED_EDGE('',*,*,#10226,.F.);
#10271 = ORIENTED_EDGE('',*,*,#5961,.T.);
#10272 = ORIENTED_EDGE('',*,*,#10273,.T.);
#10273 = EDGE_CURVE('',#5936,#10274,#10276,.T.);
#10274 = VERTEX_POINT('',#10275);
#10275 = CARTESIAN_POINT('',(9.,48.3,0.));
#10276 = SURFACE_CURVE('',#10277,(#10281,#10288),.PCURVE_S1.);
#10277 = LINE('',#10278,#10279);
#10278 = CARTESIAN_POINT('',(9.,48.3,-2.41));
#10279 = VECTOR('',#10280,1.);
#10280 = DIRECTION('',(0.,0.,1.));
#10281 = PCURVE('',#5976,#10282);
#10282 = DEFINITIONAL_REPRESENTATION('',(#10283),#10287);
#10283 = LINE('',#10284,#10285);
#10284 = CARTESIAN_POINT('',(0.,0.));
#10285 = VECTOR('',#10286,1.);
#10286 = DIRECTION('',(1.,0.));
#10287 = ( GEOMETRIC_REPRESENTATION_CONTEXT(2) 
PARAMETRIC_REPRESENTATION_CONTEXT() REPRESENTATION_CONTEXT('2D SPACE',''
  ) );
#10288 = PCURVE('',#5950,#10289);
#10289 = DEFINITIONAL_REPRESENTATION('',(#10290),#10294);
#10290 = LINE('',#10291,#10292);
#10291 = CARTESIAN_POINT('',(0.,-2.));
#10292 = VECTOR('',#10293,1.);
#10293 = DIRECTION('',(1.,0.));
#10294 = ( GEOMETRIC_REPRESENTATION_CONTEXT(2) 
PARAMETRIC_REPRESENTATION_CONTEXT() REPRESENTATION_CONTEXT('2D SPACE',''
  ) );
#10295 = ORIENTED_EDGE('',*,*,#10296,.F.);
#10296 = EDGE_CURVE('',#10227,#10274,#10297,.T.);
#10297 = SURFACE_CURVE('',#10298,(#10302,#10308),.PCURVE_S1.);
#10298 = LINE('',#10299,#10300);
#10299 = CARTESIAN_POINT('',(20.,48.3,0.));
#10300 = VECTOR('',#10301,1.);
#10301 = DIRECTION('',(-1.,-0.,0.));
#10302 = PCURVE('',#5976,#10303);
#10303 = DEFINITIONAL_REPRESENTATION('',(#10304),#10307);
#10304 = B_SPLINE_CURVE_WITH_KNOTS('',1,(#10305,#10306),.UNSPECIFIED.,
  .F.,.F.,(2,2),(-9.,11.),.PIECEWISE_BEZIER_KNOTS.);
#10305 = CARTESIAN_POINT('',(2.41,20.));
#10306 = CARTESIAN_POINT('',(2.41,0.));
#10307 = ( GEOMETRIC_REPRESENTATION_CONTEXT(2) 
PARAMETRIC_REPRESENTATION_CONTEXT() REPRESENTATION_CONTEXT('2D SPACE',''
  ) );
#10308 = PCURVE('',#6847,#10309);
#10309 = DEFINITIONAL_REPRESENTATION('',(#10310),#10313);
#10310 = B_SPLINE_CURVE_WITH_KNOTS('',1,(#10311,#10312),.UNSPECIFIED.,
  .F.,.F.,(2,2),(-9.,11.),.PIECEWISE_BEZIER_KNOTS.);
#10311 = CARTESIAN_POINT('',(-2.,3.85));
#10312 = CARTESIAN_POINT('',(-22.,3.85));
#10313 = ( GEOMETRIC_REPRESENTATION_CONTEXT(2) 
PARAMETRIC_REPRESENTATION_CONTEXT() REPRESENTATION_CONTEXT('2D SPACE',''
  ) );
#10314 = ADVANCED_FACE('',(#10315),#5950,.T.);
#10315 = FACE_BOUND('',#10316,.T.);
#10316 = EDGE_LOOP('',(#10317,#10318,#10319,#10320));
#10317 = ORIENTED_EDGE('',*,*,#10179,.F.);
#10318 = ORIENTED_EDGE('',*,*,#5935,.T.);
#10319 = ORIENTED_EDGE('',*,*,#10273,.T.);
#10320 = ORIENTED_EDGE('',*,*,#10321,.F.);
#10321 = EDGE_CURVE('',#10180,#10274,#10322,.T.);
#10322 = SURFACE_CURVE('',#10323,(#10327,#10333),.PCURVE_S1.);
#10323 = LINE('',#10324,#10325);
#10324 = CARTESIAN_POINT('',(9.,45.375,0.));
#10325 = VECTOR('',#10326,1.);
#10326 = DIRECTION('',(-0.,1.,0.));
#10327 = PCURVE('',#5950,#10328);
#10328 = DEFINITIONAL_REPRESENTATION('',(#10329),#10332);
#10329 = B_SPLINE_CURVE_WITH_KNOTS('',1,(#10330,#10331),.UNSPECIFIED.,
  .F.,.F.,(2,2),(0.925,2.925),.PIECEWISE_BEZIER_KNOTS.);
#10330 = CARTESIAN_POINT('',(2.41,0.));
#10331 = CARTESIAN_POINT('',(2.41,-2.));
#10332 = ( GEOMETRIC_REPRESENTATION_CONTEXT(2) 
PARAMETRIC_REPRESENTATION_CONTEXT() REPRESENTATION_CONTEXT('2D SPACE',''
  ) );
#10333 = PCURVE('',#6847,#10334);
#10334 = DEFINITIONAL_REPRESENTATION('',(#10335),#10338);
#10335 = B_SPLINE_CURVE_WITH_KNOTS('',1,(#10336,#10337),.UNSPECIFIED.,
  .F.,.F.,(2,2),(0.925,2.925),.PIECEWISE_BEZIER_KNOTS.);
#10336 = CARTESIAN_POINT('',(-22.,1.85));
#10337 = CARTESIAN_POINT('',(-22.,3.85));
#10338 = ( GEOMETRIC_REPRESENTATION_CONTEXT(2) 
PARAMETRIC_REPRESENTATION_CONTEXT() REPRESENTATION_CONTEXT('2D SPACE',''
  ) );
#10339 = ADVANCED_FACE('',(#10340),#6030,.T.);
#10340 = FACE_BOUND('',#10341,.T.);
#10341 = EDGE_LOOP('',(#10342,#10365,#10366,#10389));
#10342 = ORIENTED_EDGE('',*,*,#10343,.F.);
#10343 = EDGE_CURVE('',#6014,#10344,#10346,.T.);
#10344 = VERTEX_POINT('',#10345);
#10345 = CARTESIAN_POINT('',(29.,50.3,0.));
#10346 = SURFACE_CURVE('',#10347,(#10351,#10358),.PCURVE_S1.);
#10347 = LINE('',#10348,#10349);
#10348 = CARTESIAN_POINT('',(29.,50.3,-2.41));
#10349 = VECTOR('',#10350,1.);
#10350 = DIRECTION('',(0.,0.,1.));
#10351 = PCURVE('',#6030,#10352);
#10352 = DEFINITIONAL_REPRESENTATION('',(#10353),#10357);
#10353 = LINE('',#10354,#10355);
#10354 = CARTESIAN_POINT('',(0.,20.));
#10355 = VECTOR('',#10356,1.);
#10356 = DIRECTION('',(1.,0.));
#10357 = ( GEOMETRIC_REPRESENTATION_CONTEXT(2) 
PARAMETRIC_REPRESENTATION_CONTEXT() REPRESENTATION_CONTEXT('2D SPACE',''
  ) );
#10358 = PCURVE('',#6106,#10359);
#10359 = DEFINITIONAL_REPRESENTATION('',(#10360),#10364);
#10360 = LINE('',#10361,#10362);
#10361 = CARTESIAN_POINT('',(0.,0.));
#10362 = VECTOR('',#10363,1.);
#10363 = DIRECTION('',(1.,0.));
#10364 = ( GEOMETRIC_REPRESENTATION_CONTEXT(2) 
PARAMETRIC_REPRESENTATION_CONTEXT() REPRESENTATION_CONTEXT('2D SPACE',''
  ) );
#10365 = ORIENTED_EDGE('',*,*,#6013,.T.);
#10366 = ORIENTED_EDGE('',*,*,#10367,.T.);
#10367 = EDGE_CURVE('',#6016,#10368,#10370,.T.);
#10368 = VERTEX_POINT('',#10369);
#10369 = CARTESIAN_POINT('',(9.,50.3,0.));
#10370 = SURFACE_CURVE('',#10371,(#10375,#10382),.PCURVE_S1.);
#10371 = LINE('',#10372,#10373);
#10372 = CARTESIAN_POINT('',(9.,50.3,-2.41));
#10373 = VECTOR('',#10374,1.);
#10374 = DIRECTION('',(0.,0.,1.));
#10375 = PCURVE('',#6030,#10376);
#10376 = DEFINITIONAL_REPRESENTATION('',(#10377),#10381);
#10377 = LINE('',#10378,#10379);
#10378 = CARTESIAN_POINT('',(0.,0.));
#10379 = VECTOR('',#10380,1.);
#10380 = DIRECTION('',(1.,0.));
#10381 = ( GEOMETRIC_REPRESENTATION_CONTEXT(2) 
PARAMETRIC_REPRESENTATION_CONTEXT() REPRESENTATION_CONTEXT('2D SPACE',''
  ) );
#10382 = PCURVE('',#6056,#10383);
#10383 = DEFINITIONAL_REPRESENTATION('',(#10384),#10388);
#10384 = LINE('',#10385,#10386);
#10385 = CARTESIAN_POINT('',(0.,0.));
#10386 = VECTOR('',#10387,1.);
#10387 = DIRECTION('',(1.,0.));
#10388 = ( GEOMETRIC_REPRESENTATION_CONTEXT(2) 
PARAMETRIC_REPRESENTATION_CONTEXT() REPRESENTATION_CONTEXT('2D SPACE',''
  ) );
#10389 = ORIENTED_EDGE('',*,*,#10390,.F.);
#10390 = EDGE_CURVE('',#10344,#10368,#10391,.T.);
#10391 = SURFACE_CURVE('',#10392,(#10396,#10402),.PCURVE_S1.);
#10392 = LINE('',#10393,#10394);
#10393 = CARTESIAN_POINT('',(20.,50.3,0.));
#10394 = VECTOR('',#10395,1.);
#10395 = DIRECTION('',(-1.,-0.,0.));
#10396 = PCURVE('',#6030,#10397);
#10397 = DEFINITIONAL_REPRESENTATION('',(#10398),#10401);
#10398 = B_SPLINE_CURVE_WITH_KNOTS('',1,(#10399,#10400),.UNSPECIFIED.,
  .F.,.F.,(2,2),(-9.,11.),.PIECEWISE_BEZIER_KNOTS.);
#10399 = CARTESIAN_POINT('',(2.41,20.));
#10400 = CARTESIAN_POINT('',(2.41,0.));
#10401 = ( GEOMETRIC_REPRESENTATION_CONTEXT(2) 
PARAMETRIC_REPRESENTATION_CONTEXT() REPRESENTATION_CONTEXT('2D SPACE',''
  ) );
#10402 = PCURVE('',#6847,#10403);
#10403 = DEFINITIONAL_REPRESENTATION('',(#10404),#10407);
#10404 = B_SPLINE_CURVE_WITH_KNOTS('',1,(#10405,#10406),.UNSPECIFIED.,
  .F.,.F.,(2,2),(-9.,11.),.PIECEWISE_BEZIER_KNOTS.);
#10405 = CARTESIAN_POINT('',(-2.,5.85));
#10406 = CARTESIAN_POINT('',(-22.,5.85));
#10407 = ( GEOMETRIC_REPRESENTATION_CONTEXT(2) 
PARAMETRIC_REPRESENTATION_CONTEXT() REPRESENTATION_CONTEXT('2D SPACE',''
  ) );
#10408 = ADVANCED_FACE('',(#10409),#6106,.F.);
#10409 = FACE_BOUND('',#10410,.F.);
#10410 = EDGE_LOOP('',(#10411,#10412,#10413,#10436));
#10411 = ORIENTED_EDGE('',*,*,#10343,.F.);
#10412 = ORIENTED_EDGE('',*,*,#6093,.T.);
#10413 = ORIENTED_EDGE('',*,*,#10414,.T.);
#10414 = EDGE_CURVE('',#6068,#10415,#10417,.T.);
#10415 = VERTEX_POINT('',#10416);
#10416 = CARTESIAN_POINT('',(29.,52.3,0.));
#10417 = SURFACE_CURVE('',#10418,(#10422,#10429),.PCURVE_S1.);
#10418 = LINE('',#10419,#10420);
#10419 = CARTESIAN_POINT('',(29.,52.3,-2.41));
#10420 = VECTOR('',#10421,1.);
#10421 = DIRECTION('',(0.,0.,1.));
#10422 = PCURVE('',#6106,#10423);
#10423 = DEFINITIONAL_REPRESENTATION('',(#10424),#10428);
#10424 = LINE('',#10425,#10426);
#10425 = CARTESIAN_POINT('',(0.,-2.));
#10426 = VECTOR('',#10427,1.);
#10427 = DIRECTION('',(1.,0.));
#10428 = ( GEOMETRIC_REPRESENTATION_CONTEXT(2) 
PARAMETRIC_REPRESENTATION_CONTEXT() REPRESENTATION_CONTEXT('2D SPACE',''
  ) );
#10429 = PCURVE('',#6082,#10430);
#10430 = DEFINITIONAL_REPRESENTATION('',(#10431),#10435);
#10431 = LINE('',#10432,#10433);
#10432 = CARTESIAN_POINT('',(0.,20.));
#10433 = VECTOR('',#10434,1.);
#10434 = DIRECTION('',(1.,0.));
#10435 = ( GEOMETRIC_REPRESENTATION_CONTEXT(2) 
PARAMETRIC_REPRESENTATION_CONTEXT() REPRESENTATION_CONTEXT('2D SPACE',''
  ) );
#10436 = ORIENTED_EDGE('',*,*,#10437,.F.);
#10437 = EDGE_CURVE('',#10344,#10415,#10438,.T.);
#10438 = SURFACE_CURVE('',#10439,(#10443,#10449),.PCURVE_S1.);
#10439 = LINE('',#10440,#10441);
#10440 = CARTESIAN_POINT('',(29.,47.375,0.));
#10441 = VECTOR('',#10442,1.);
#10442 = DIRECTION('',(-0.,1.,0.));
#10443 = PCURVE('',#6106,#10444);
#10444 = DEFINITIONAL_REPRESENTATION('',(#10445),#10448);
#10445 = B_SPLINE_CURVE_WITH_KNOTS('',1,(#10446,#10447),.UNSPECIFIED.,
  .F.,.F.,(2,2),(2.925,4.925),.PIECEWISE_BEZIER_KNOTS.);
#10446 = CARTESIAN_POINT('',(2.41,0.));
#10447 = CARTESIAN_POINT('',(2.41,-2.));
#10448 = ( GEOMETRIC_REPRESENTATION_CONTEXT(2) 
PARAMETRIC_REPRESENTATION_CONTEXT() REPRESENTATION_CONTEXT('2D SPACE',''
  ) );
#10449 = PCURVE('',#6847,#10450);
#10450 = DEFINITIONAL_REPRESENTATION('',(#10451),#10454);
#10451 = B_SPLINE_CURVE_WITH_KNOTS('',1,(#10452,#10453),.UNSPECIFIED.,
  .F.,.F.,(2,2),(2.925,4.925),.PIECEWISE_BEZIER_KNOTS.);
#10452 = CARTESIAN_POINT('',(-2.,5.85));
#10453 = CARTESIAN_POINT('',(-2.,7.85));
#10454 = ( GEOMETRIC_REPRESENTATION_CONTEXT(2) 
PARAMETRIC_REPRESENTATION_CONTEXT() REPRESENTATION_CONTEXT('2D SPACE',''
  ) );
#10455 = ADVANCED_FACE('',(#10456),#6082,.F.);
#10456 = FACE_BOUND('',#10457,.F.);
#10457 = EDGE_LOOP('',(#10458,#10459,#10460,#10483));
#10458 = ORIENTED_EDGE('',*,*,#10414,.F.);
#10459 = ORIENTED_EDGE('',*,*,#6067,.T.);
#10460 = ORIENTED_EDGE('',*,*,#10461,.T.);
#10461 = EDGE_CURVE('',#6042,#10462,#10464,.T.);
#10462 = VERTEX_POINT('',#10463);
#10463 = CARTESIAN_POINT('',(9.,52.3,0.));
#10464 = SURFACE_CURVE('',#10465,(#10469,#10476),.PCURVE_S1.);
#10465 = LINE('',#10466,#10467);
#10466 = CARTESIAN_POINT('',(9.,52.3,-2.41));
#10467 = VECTOR('',#10468,1.);
#10468 = DIRECTION('',(0.,0.,1.));
#10469 = PCURVE('',#6082,#10470);
#10470 = DEFINITIONAL_REPRESENTATION('',(#10471),#10475);
#10471 = LINE('',#10472,#10473);
#10472 = CARTESIAN_POINT('',(0.,0.));
#10473 = VECTOR('',#10474,1.);
#10474 = DIRECTION('',(1.,0.));
#10475 = ( GEOMETRIC_REPRESENTATION_CONTEXT(2) 
PARAMETRIC_REPRESENTATION_CONTEXT() REPRESENTATION_CONTEXT('2D SPACE',''
  ) );
#10476 = PCURVE('',#6056,#10477);
#10477 = DEFINITIONAL_REPRESENTATION('',(#10478),#10482);
#10478 = LINE('',#10479,#10480);
#10479 = CARTESIAN_POINT('',(0.,-2.));
#10480 = VECTOR('',#10481,1.);
#10481 = DIRECTION('',(1.,0.));
#10482 = ( GEOMETRIC_REPRESENTATION_CONTEXT(2) 
PARAMETRIC_REPRESENTATION_CONTEXT() REPRESENTATION_CONTEXT('2D SPACE',''
  ) );
#10483 = ORIENTED_EDGE('',*,*,#10484,.F.);
#10484 = EDGE_CURVE('',#10415,#10462,#10485,.T.);
#10485 = SURFACE_CURVE('',#10486,(#10490,#10496),.PCURVE_S1.);
#10486 = LINE('',#10487,#10488);
#10487 = CARTESIAN_POINT('',(20.,52.3,0.));
#10488 = VECTOR('',#10489,1.);
#10489 = DIRECTION('',(-1.,-0.,0.));
#10490 = PCURVE('',#6082,#10491);
#10491 = DEFINITIONAL_REPRESENTATION('',(#10492),#10495);
#10492 = B_SPLINE_CURVE_WITH_KNOTS('',1,(#10493,#10494),.UNSPECIFIED.,
  .F.,.F.,(2,2),(-9.,11.),.PIECEWISE_BEZIER_KNOTS.);
#10493 = CARTESIAN_POINT('',(2.41,20.));
#10494 = CARTESIAN_POINT('',(2.41,0.));
#10495 = ( GEOMETRIC_REPRESENTATION_CONTEXT(2) 
PARAMETRIC_REPRESENTATION_CONTEXT() REPRESENTATION_CONTEXT('2D SPACE',''
  ) );
#10496 = PCURVE('',#6847,#10497);
#10497 = DEFINITIONAL_REPRESENTATION('',(#10498),#10501);
#10498 = B_SPLINE_CURVE_WITH_KNOTS('',1,(#10499,#10500),.UNSPECIFIED.,
  .F.,.F.,(2,2),(-9.,11.),.PIECEWISE_BEZIER_KNOTS.);
#10499 = CARTESIAN_POINT('',(-2.,7.85));
#10500 = CARTESIAN_POINT('',(-22.,7.85));
#10501 = ( GEOMETRIC_REPRESENTATION_CONTEXT(2) 
PARAMETRIC_REPRESENTATION_CONTEXT() REPRESENTATION_CONTEXT('2D SPACE',''
  ) );
#10502 = ADVANCED_FACE('',(#10503),#6056,.T.);
#10503 = FACE_BOUND('',#10504,.T.);
#10504 = EDGE_LOOP('',(#10505,#10506,#10507,#10508));
#10505 = ORIENTED_EDGE('',*,*,#10367,.F.);
#10506 = ORIENTED_EDGE('',*,*,#6041,.T.);
#10507 = ORIENTED_EDGE('',*,*,#10461,.T.);
#10508 = ORIENTED_EDGE('',*,*,#10509,.F.);
#10509 = EDGE_CURVE('',#10368,#10462,#10510,.T.);
#10510 = SURFACE_CURVE('',#10511,(#10515,#10521),.PCURVE_S1.);
#10511 = LINE('',#10512,#10513);
#10512 = CARTESIAN_POINT('',(9.,47.375,0.));
#10513 = VECTOR('',#10514,1.);
#10514 = DIRECTION('',(-0.,1.,0.));
#10515 = PCURVE('',#6056,#10516);
#10516 = DEFINITIONAL_REPRESENTATION('',(#10517),#10520);
#10517 = B_SPLINE_CURVE_WITH_KNOTS('',1,(#10518,#10519),.UNSPECIFIED.,
  .F.,.F.,(2,2),(2.925,4.925),.PIECEWISE_BEZIER_KNOTS.);
#10518 = CARTESIAN_POINT('',(2.41,0.));
#10519 = CARTESIAN_POINT('',(2.41,-2.));
#10520 = ( GEOMETRIC_REPRESENTATION_CONTEXT(2) 
PARAMETRIC_REPRESENTATION_CONTEXT() REPRESENTATION_CONTEXT('2D SPACE',''
  ) );
#10521 = PCURVE('',#6847,#10522);
#10522 = DEFINITIONAL_REPRESENTATION('',(#10523),#10526);
#10523 = B_SPLINE_CURVE_WITH_KNOTS('',1,(#10524,#10525),.UNSPECIFIED.,
  .F.,.F.,(2,2),(2.925,4.925),.PIECEWISE_BEZIER_KNOTS.);
#10524 = CARTESIAN_POINT('',(-22.,5.85));
#10525 = CARTESIAN_POINT('',(-22.,7.85));
#10526 = ( GEOMETRIC_REPRESENTATION_CONTEXT(2) 
PARAMETRIC_REPRESENTATION_CONTEXT() REPRESENTATION_CONTEXT('2D SPACE',''
  ) );
#10527 = ADVANCED_FACE('',(#10528),#6136,.T.);
#10528 = FACE_BOUND('',#10529,.T.);
#10529 = EDGE_LOOP('',(#10530,#10553,#10554,#10577));
#10530 = ORIENTED_EDGE('',*,*,#10531,.F.);
#10531 = EDGE_CURVE('',#6120,#10532,#10534,.T.);
#10532 = VERTEX_POINT('',#10533);
#10533 = CARTESIAN_POINT('',(29.,54.3,0.));
#10534 = SURFACE_CURVE('',#10535,(#10539,#10546),.PCURVE_S1.);
#10535 = LINE('',#10536,#10537);
#10536 = CARTESIAN_POINT('',(29.,54.3,-2.41));
#10537 = VECTOR('',#10538,1.);
#10538 = DIRECTION('',(0.,0.,1.));
#10539 = PCURVE('',#6136,#10540);
#10540 = DEFINITIONAL_REPRESENTATION('',(#10541),#10545);
#10541 = LINE('',#10542,#10543);
#10542 = CARTESIAN_POINT('',(0.,20.));
#10543 = VECTOR('',#10544,1.);
#10544 = DIRECTION('',(1.,0.));
#10545 = ( GEOMETRIC_REPRESENTATION_CONTEXT(2) 
PARAMETRIC_REPRESENTATION_CONTEXT() REPRESENTATION_CONTEXT('2D SPACE',''
  ) );
#10546 = PCURVE('',#6212,#10547);
#10547 = DEFINITIONAL_REPRESENTATION('',(#10548),#10552);
#10548 = LINE('',#10549,#10550);
#10549 = CARTESIAN_POINT('',(0.,0.));
#10550 = VECTOR('',#10551,1.);
#10551 = DIRECTION('',(1.,0.));
#10552 = ( GEOMETRIC_REPRESENTATION_CONTEXT(2) 
PARAMETRIC_REPRESENTATION_CONTEXT() REPRESENTATION_CONTEXT('2D SPACE',''
  ) );
#10553 = ORIENTED_EDGE('',*,*,#6119,.T.);
#10554 = ORIENTED_EDGE('',*,*,#10555,.T.);
#10555 = EDGE_CURVE('',#6122,#10556,#10558,.T.);
#10556 = VERTEX_POINT('',#10557);
#10557 = CARTESIAN_POINT('',(9.,54.3,0.));
#10558 = SURFACE_CURVE('',#10559,(#10563,#10570),.PCURVE_S1.);
#10559 = LINE('',#10560,#10561);
#10560 = CARTESIAN_POINT('',(9.,54.3,-2.41));
#10561 = VECTOR('',#10562,1.);
#10562 = DIRECTION('',(0.,0.,1.));
#10563 = PCURVE('',#6136,#10564);
#10564 = DEFINITIONAL_REPRESENTATION('',(#10565),#10569);
#10565 = LINE('',#10566,#10567);
#10566 = CARTESIAN_POINT('',(0.,0.));
#10567 = VECTOR('',#10568,1.);
#10568 = DIRECTION('',(1.,0.));
#10569 = ( GEOMETRIC_REPRESENTATION_CONTEXT(2) 
PARAMETRIC_REPRESENTATION_CONTEXT() REPRESENTATION_CONTEXT('2D SPACE',''
  ) );
#10570 = PCURVE('',#6162,#10571);
#10571 = DEFINITIONAL_REPRESENTATION('',(#10572),#10576);
#10572 = LINE('',#10573,#10574);
#10573 = CARTESIAN_POINT('',(0.,0.));
#10574 = VECTOR('',#10575,1.);
#10575 = DIRECTION('',(1.,0.));
#10576 = ( GEOMETRIC_REPRESENTATION_CONTEXT(2) 
PARAMETRIC_REPRESENTATION_CONTEXT() REPRESENTATION_CONTEXT('2D SPACE',''
  ) );
#10577 = ORIENTED_EDGE('',*,*,#10578,.F.);
#10578 = EDGE_CURVE('',#10532,#10556,#10579,.T.);
#10579 = SURFACE_CURVE('',#10580,(#10584,#10590),.PCURVE_S1.);
#10580 = LINE('',#10581,#10582);
#10581 = CARTESIAN_POINT('',(20.,54.3,0.));
#10582 = VECTOR('',#10583,1.);
#10583 = DIRECTION('',(-1.,-0.,0.));
#10584 = PCURVE('',#6136,#10585);
#10585 = DEFINITIONAL_REPRESENTATION('',(#10586),#10589);
#10586 = B_SPLINE_CURVE_WITH_KNOTS('',1,(#10587,#10588),.UNSPECIFIED.,
  .F.,.F.,(2,2),(-9.,11.),.PIECEWISE_BEZIER_KNOTS.);
#10587 = CARTESIAN_POINT('',(2.41,20.));
#10588 = CARTESIAN_POINT('',(2.41,0.));
#10589 = ( GEOMETRIC_REPRESENTATION_CONTEXT(2) 
PARAMETRIC_REPRESENTATION_CONTEXT() REPRESENTATION_CONTEXT('2D SPACE',''
  ) );
#10590 = PCURVE('',#6847,#10591);
#10591 = DEFINITIONAL_REPRESENTATION('',(#10592),#10595);
#10592 = B_SPLINE_CURVE_WITH_KNOTS('',1,(#10593,#10594),.UNSPECIFIED.,
  .F.,.F.,(2,2),(-9.,11.),.PIECEWISE_BEZIER_KNOTS.);
#10593 = CARTESIAN_POINT('',(-2.,9.85));
#10594 = CARTESIAN_POINT('',(-22.,9.85));
#10595 = ( GEOMETRIC_REPRESENTATION_CONTEXT(2) 
PARAMETRIC_REPRESENTATION_CONTEXT() REPRESENTATION_CONTEXT('2D SPACE',''
  ) );
#10596 = ADVANCED_FACE('',(#10597),#6212,.F.);
#10597 = FACE_BOUND('',#10598,.F.);
#10598 = EDGE_LOOP('',(#10599,#10600,#10601,#10624));
#10599 = ORIENTED_EDGE('',*,*,#10531,.F.);
#10600 = ORIENTED_EDGE('',*,*,#6199,.T.);
#10601 = ORIENTED_EDGE('',*,*,#10602,.T.);
#10602 = EDGE_CURVE('',#6174,#10603,#10605,.T.);
#10603 = VERTEX_POINT('',#10604);
#10604 = CARTESIAN_POINT('',(29.,56.3,0.));
#10605 = SURFACE_CURVE('',#10606,(#10610,#10617),.PCURVE_S1.);
#10606 = LINE('',#10607,#10608);
#10607 = CARTESIAN_POINT('',(29.,56.3,-2.41));
#10608 = VECTOR('',#10609,1.);
#10609 = DIRECTION('',(0.,0.,1.));
#10610 = PCURVE('',#6212,#10611);
#10611 = DEFINITIONAL_REPRESENTATION('',(#10612),#10616);
#10612 = LINE('',#10613,#10614);
#10613 = CARTESIAN_POINT('',(0.,-2.));
#10614 = VECTOR('',#10615,1.);
#10615 = DIRECTION('',(1.,0.));
#10616 = ( GEOMETRIC_REPRESENTATION_CONTEXT(2) 
PARAMETRIC_REPRESENTATION_CONTEXT() REPRESENTATION_CONTEXT('2D SPACE',''
  ) );
#10617 = PCURVE('',#6188,#10618);
#10618 = DEFINITIONAL_REPRESENTATION('',(#10619),#10623);
#10619 = LINE('',#10620,#10621);
#10620 = CARTESIAN_POINT('',(0.,20.));
#10621 = VECTOR('',#10622,1.);
#10622 = DIRECTION('',(1.,0.));
#10623 = ( GEOMETRIC_REPRESENTATION_CONTEXT(2) 
PARAMETRIC_REPRESENTATION_CONTEXT() REPRESENTATION_CONTEXT('2D SPACE',''
  ) );
#10624 = ORIENTED_EDGE('',*,*,#10625,.F.);
#10625 = EDGE_CURVE('',#10532,#10603,#10626,.T.);
#10626 = SURFACE_CURVE('',#10627,(#10631,#10637),.PCURVE_S1.);
#10627 = LINE('',#10628,#10629);
#10628 = CARTESIAN_POINT('',(29.,49.375,0.));
#10629 = VECTOR('',#10630,1.);
#10630 = DIRECTION('',(-0.,1.,0.));
#10631 = PCURVE('',#6212,#10632);
#10632 = DEFINITIONAL_REPRESENTATION('',(#10633),#10636);
#10633 = B_SPLINE_CURVE_WITH_KNOTS('',1,(#10634,#10635),.UNSPECIFIED.,
  .F.,.F.,(2,2),(4.925,6.925),.PIECEWISE_BEZIER_KNOTS.);
#10634 = CARTESIAN_POINT('',(2.41,0.));
#10635 = CARTESIAN_POINT('',(2.41,-2.));
#10636 = ( GEOMETRIC_REPRESENTATION_CONTEXT(2) 
PARAMETRIC_REPRESENTATION_CONTEXT() REPRESENTATION_CONTEXT('2D SPACE',''
  ) );
#10637 = PCURVE('',#6847,#10638);
#10638 = DEFINITIONAL_REPRESENTATION('',(#10639),#10642);
#10639 = B_SPLINE_CURVE_WITH_KNOTS('',1,(#10640,#10641),.UNSPECIFIED.,
  .F.,.F.,(2,2),(4.925,6.925),.PIECEWISE_BEZIER_KNOTS.);
#10640 = CARTESIAN_POINT('',(-2.,9.85));
#10641 = CARTESIAN_POINT('',(-2.,11.85));
#10642 = ( GEOMETRIC_REPRESENTATION_CONTEXT(2) 
PARAMETRIC_REPRESENTATION_CONTEXT() REPRESENTATION_CONTEXT('2D SPACE',''
  ) );
#10643 = ADVANCED_FACE('',(#10644),#6188,.F.);
#10644 = FACE_BOUND('',#10645,.F.);
#10645 = EDGE_LOOP('',(#10646,#10647,#10648,#10671));
#10646 = ORIENTED_EDGE('',*,*,#10602,.F.);
#10647 = ORIENTED_EDGE('',*,*,#6173,.T.);
#10648 = ORIENTED_EDGE('',*,*,#10649,.T.);
#10649 = EDGE_CURVE('',#6148,#10650,#10652,.T.);
#10650 = VERTEX_POINT('',#10651);
#10651 = CARTESIAN_POINT('',(9.,56.3,0.));
#10652 = SURFACE_CURVE('',#10653,(#10657,#10664),.PCURVE_S1.);
#10653 = LINE('',#10654,#10655);
#10654 = CARTESIAN_POINT('',(9.,56.3,-2.41));
#10655 = VECTOR('',#10656,1.);
#10656 = DIRECTION('',(0.,0.,1.));
#10657 = PCURVE('',#6188,#10658);
#10658 = DEFINITIONAL_REPRESENTATION('',(#10659),#10663);
#10659 = LINE('',#10660,#10661);
#10660 = CARTESIAN_POINT('',(0.,0.));
#10661 = VECTOR('',#10662,1.);
#10662 = DIRECTION('',(1.,0.));
#10663 = ( GEOMETRIC_REPRESENTATION_CONTEXT(2) 
PARAMETRIC_REPRESENTATION_CONTEXT() REPRESENTATION_CONTEXT('2D SPACE',''
  ) );
#10664 = PCURVE('',#6162,#10665);
#10665 = DEFINITIONAL_REPRESENTATION('',(#10666),#10670);
#10666 = LINE('',#10667,#10668);
#10667 = CARTESIAN_POINT('',(0.,-2.));
#10668 = VECTOR('',#10669,1.);
#10669 = DIRECTION('',(1.,0.));
#10670 = ( GEOMETRIC_REPRESENTATION_CONTEXT(2) 
PARAMETRIC_REPRESENTATION_CONTEXT() REPRESENTATION_CONTEXT('2D SPACE',''
  ) );
#10671 = ORIENTED_EDGE('',*,*,#10672,.F.);
#10672 = EDGE_CURVE('',#10603,#10650,#10673,.T.);
#10673 = SURFACE_CURVE('',#10674,(#10678,#10684),.PCURVE_S1.);
#10674 = LINE('',#10675,#10676);
#10675 = CARTESIAN_POINT('',(20.,56.3,0.));
#10676 = VECTOR('',#10677,1.);
#10677 = DIRECTION('',(-1.,-0.,0.));
#10678 = PCURVE('',#6188,#10679);
#10679 = DEFINITIONAL_REPRESENTATION('',(#10680),#10683);
#10680 = B_SPLINE_CURVE_WITH_KNOTS('',1,(#10681,#10682),.UNSPECIFIED.,
  .F.,.F.,(2,2),(-9.,11.),.PIECEWISE_BEZIER_KNOTS.);
#10681 = CARTESIAN_POINT('',(2.41,20.));
#10682 = CARTESIAN_POINT('',(2.41,0.));
#10683 = ( GEOMETRIC_REPRESENTATION_CONTEXT(2) 
PARAMETRIC_REPRESENTATION_CONTEXT() REPRESENTATION_CONTEXT('2D SPACE',''
  ) );
#10684 = PCURVE('',#6847,#10685);
#10685 = DEFINITIONAL_REPRESENTATION('',(#10686),#10689);
#10686 = B_SPLINE_CURVE_WITH_KNOTS('',1,(#10687,#10688),.UNSPECIFIED.,
  .F.,.F.,(2,2),(-9.,11.),.PIECEWISE_BEZIER_KNOTS.);
#10687 = CARTESIAN_POINT('',(-2.,11.85));
#10688 = CARTESIAN_POINT('',(-22.,11.85));
#10689 = ( GEOMETRIC_REPRESENTATION_CONTEXT(2) 
PARAMETRIC_REPRESENTATION_CONTEXT() REPRESENTATION_CONTEXT('2D SPACE',''
  ) );
#10690 = ADVANCED_FACE('',(#10691),#6162,.T.);
#10691 = FACE_BOUND('',#10692,.T.);
#10692 = EDGE_LOOP('',(#10693,#10694,#10695,#10696));
#10693 = ORIENTED_EDGE('',*,*,#10555,.F.);
#10694 = ORIENTED_EDGE('',*,*,#6147,.T.);
#10695 = ORIENTED_EDGE('',*,*,#10649,.T.);
#10696 = ORIENTED_EDGE('',*,*,#10697,.F.);
#10697 = EDGE_CURVE('',#10556,#10650,#10698,.T.);
#10698 = SURFACE_CURVE('',#10699,(#10703,#10709),.PCURVE_S1.);
#10699 = LINE('',#10700,#10701);
#10700 = CARTESIAN_POINT('',(9.,49.375,0.));
#10701 = VECTOR('',#10702,1.);
#10702 = DIRECTION('',(-0.,1.,0.));
#10703 = PCURVE('',#6162,#10704);
#10704 = DEFINITIONAL_REPRESENTATION('',(#10705),#10708);
#10705 = B_SPLINE_CURVE_WITH_KNOTS('',1,(#10706,#10707),.UNSPECIFIED.,
  .F.,.F.,(2,2),(4.925,6.925),.PIECEWISE_BEZIER_KNOTS.);
#10706 = CARTESIAN_POINT('',(2.41,0.));
#10707 = CARTESIAN_POINT('',(2.41,-2.));
#10708 = ( GEOMETRIC_REPRESENTATION_CONTEXT(2) 
PARAMETRIC_REPRESENTATION_CONTEXT() REPRESENTATION_CONTEXT('2D SPACE',''
  ) );
#10709 = PCURVE('',#6847,#10710);
#10710 = DEFINITIONAL_REPRESENTATION('',(#10711),#10714);
#10711 = B_SPLINE_CURVE_WITH_KNOTS('',1,(#10712,#10713),.UNSPECIFIED.,
  .F.,.F.,(2,2),(4.925,6.925),.PIECEWISE_BEZIER_KNOTS.);
#10712 = CARTESIAN_POINT('',(-22.,9.85));
#10713 = CARTESIAN_POINT('',(-22.,11.85));
#10714 = ( GEOMETRIC_REPRESENTATION_CONTEXT(2) 
PARAMETRIC_REPRESENTATION_CONTEXT() REPRESENTATION_CONTEXT('2D SPACE',''
  ) );
#10715 = ADVANCED_FACE('',(#10716),#6242,.T.);
#10716 = FACE_BOUND('',#10717,.T.);
#10717 = EDGE_LOOP('',(#10718,#10741,#10742,#10765));
#10718 = ORIENTED_EDGE('',*,*,#10719,.F.);
#10719 = EDGE_CURVE('',#6226,#10720,#10722,.T.);
#10720 = VERTEX_POINT('',#10721);
#10721 = CARTESIAN_POINT('',(28.3,60.6,-2.));
#10722 = SURFACE_CURVE('',#10723,(#10727,#10734),.PCURVE_S1.);
#10723 = LINE('',#10724,#10725);
#10724 = CARTESIAN_POINT('',(28.3,60.6,-2.41));
#10725 = VECTOR('',#10726,1.);
#10726 = DIRECTION('',(0.,0.,1.));
#10727 = PCURVE('',#6242,#10728);
#10728 = DEFINITIONAL_REPRESENTATION('',(#10729),#10733);
#10729 = LINE('',#10730,#10731);
#10730 = CARTESIAN_POINT('',(0.,28.));
#10731 = VECTOR('',#10732,1.);
#10732 = DIRECTION('',(1.,0.));
#10733 = ( GEOMETRIC_REPRESENTATION_CONTEXT(2) 
PARAMETRIC_REPRESENTATION_CONTEXT() REPRESENTATION_CONTEXT('2D SPACE',''
  ) );
#10734 = PCURVE('',#6318,#10735);
#10735 = DEFINITIONAL_REPRESENTATION('',(#10736),#10740);
#10736 = LINE('',#10737,#10738);
#10737 = CARTESIAN_POINT('',(0.,0.));
#10738 = VECTOR('',#10739,1.);
#10739 = DIRECTION('',(1.,0.));
#10740 = ( GEOMETRIC_REPRESENTATION_CONTEXT(2) 
PARAMETRIC_REPRESENTATION_CONTEXT() REPRESENTATION_CONTEXT('2D SPACE',''
  ) );
#10741 = ORIENTED_EDGE('',*,*,#6225,.T.);
#10742 = ORIENTED_EDGE('',*,*,#10743,.T.);
#10743 = EDGE_CURVE('',#6228,#10744,#10746,.T.);
#10744 = VERTEX_POINT('',#10745);
#10745 = CARTESIAN_POINT('',(0.3,60.6,-2.));
#10746 = SURFACE_CURVE('',#10747,(#10751,#10758),.PCURVE_S1.);
#10747 = LINE('',#10748,#10749);
#10748 = CARTESIAN_POINT('',(0.3,60.6,-2.41));
#10749 = VECTOR('',#10750,1.);
#10750 = DIRECTION('',(0.,0.,1.));
#10751 = PCURVE('',#6242,#10752);
#10752 = DEFINITIONAL_REPRESENTATION('',(#10753),#10757);
#10753 = LINE('',#10754,#10755);
#10754 = CARTESIAN_POINT('',(0.,0.));
#10755 = VECTOR('',#10756,1.);
#10756 = DIRECTION('',(1.,0.));
#10757 = ( GEOMETRIC_REPRESENTATION_CONTEXT(2) 
PARAMETRIC_REPRESENTATION_CONTEXT() REPRESENTATION_CONTEXT('2D SPACE',''
  ) );
#10758 = PCURVE('',#6268,#10759);
#10759 = DEFINITIONAL_REPRESENTATION('',(#10760),#10764);
#10760 = LINE('',#10761,#10762);
#10761 = CARTESIAN_POINT('',(0.,0.));
#10762 = VECTOR('',#10763,1.);
#10763 = DIRECTION('',(1.,0.));
#10764 = ( GEOMETRIC_REPRESENTATION_CONTEXT(2) 
PARAMETRIC_REPRESENTATION_CONTEXT() REPRESENTATION_CONTEXT('2D SPACE',''
  ) );
#10765 = ORIENTED_EDGE('',*,*,#10766,.T.);
#10766 = EDGE_CURVE('',#10744,#10720,#10767,.T.);
#10767 = SURFACE_CURVE('',#10768,(#10772,#10779),.PCURVE_S1.);
#10768 = LINE('',#10769,#10770);
#10769 = CARTESIAN_POINT('',(0.3,60.6,-2.));
#10770 = VECTOR('',#10771,1.);
#10771 = DIRECTION('',(1.,0.,-0.));
#10772 = PCURVE('',#6242,#10773);
#10773 = DEFINITIONAL_REPRESENTATION('',(#10774),#10778);
#10774 = LINE('',#10775,#10776);
#10775 = CARTESIAN_POINT('',(0.41,0.));
#10776 = VECTOR('',#10777,1.);
#10777 = DIRECTION('',(0.,1.));
#10778 = ( GEOMETRIC_REPRESENTATION_CONTEXT(2) 
PARAMETRIC_REPRESENTATION_CONTEXT() REPRESENTATION_CONTEXT('2D SPACE',''
  ) );
#10779 = PCURVE('',#10780,#10785);
#10780 = PLANE('',#10781);
#10781 = AXIS2_PLACEMENT_3D('',#10782,#10783,#10784);
#10782 = CARTESIAN_POINT('',(0.3,60.6,-2.));
#10783 = DIRECTION('',(0.,0.,1.));
#10784 = DIRECTION('',(1.,0.,-0.));
#10785 = DEFINITIONAL_REPRESENTATION('',(#10786),#10790);
#10786 = LINE('',#10787,#10788);
#10787 = CARTESIAN_POINT('',(0.,0.));
#10788 = VECTOR('',#10789,1.);
#10789 = DIRECTION('',(1.,0.));
#10790 = ( GEOMETRIC_REPRESENTATION_CONTEXT(2) 
PARAMETRIC_REPRESENTATION_CONTEXT() REPRESENTATION_CONTEXT('2D SPACE',''
  ) );
#10791 = ADVANCED_FACE('',(#10792),#6318,.F.);
#10792 = FACE_BOUND('',#10793,.F.);
#10793 = EDGE_LOOP('',(#10794,#10795,#10796,#10819));
#10794 = ORIENTED_EDGE('',*,*,#10719,.F.);
#10795 = ORIENTED_EDGE('',*,*,#6305,.T.);
#10796 = ORIENTED_EDGE('',*,*,#10797,.T.);
#10797 = EDGE_CURVE('',#6280,#10798,#10800,.T.);
#10798 = VERTEX_POINT('',#10799);
#10799 = CARTESIAN_POINT('',(28.3,88.6,-2.));
#10800 = SURFACE_CURVE('',#10801,(#10805,#10812),.PCURVE_S1.);
#10801 = LINE('',#10802,#10803);
#10802 = CARTESIAN_POINT('',(28.3,88.6,-2.41));
#10803 = VECTOR('',#10804,1.);
#10804 = DIRECTION('',(0.,0.,1.));
#10805 = PCURVE('',#6318,#10806);
#10806 = DEFINITIONAL_REPRESENTATION('',(#10807),#10811);
#10807 = LINE('',#10808,#10809);
#10808 = CARTESIAN_POINT('',(0.,-28.));
#10809 = VECTOR('',#10810,1.);
#10810 = DIRECTION('',(1.,0.));
#10811 = ( GEOMETRIC_REPRESENTATION_CONTEXT(2) 
PARAMETRIC_REPRESENTATION_CONTEXT() REPRESENTATION_CONTEXT('2D SPACE',''
  ) );
#10812 = PCURVE('',#6294,#10813);
#10813 = DEFINITIONAL_REPRESENTATION('',(#10814),#10818);
#10814 = LINE('',#10815,#10816);
#10815 = CARTESIAN_POINT('',(0.,28.));
#10816 = VECTOR('',#10817,1.);
#10817 = DIRECTION('',(1.,0.));
#10818 = ( GEOMETRIC_REPRESENTATION_CONTEXT(2) 
PARAMETRIC_REPRESENTATION_CONTEXT() REPRESENTATION_CONTEXT('2D SPACE',''
  ) );
#10819 = ORIENTED_EDGE('',*,*,#10820,.F.);
#10820 = EDGE_CURVE('',#10720,#10798,#10821,.T.);
#10821 = SURFACE_CURVE('',#10822,(#10826,#10833),.PCURVE_S1.);
#10822 = LINE('',#10823,#10824);
#10823 = CARTESIAN_POINT('',(28.3,60.6,-2.));
#10824 = VECTOR('',#10825,1.);
#10825 = DIRECTION('',(-0.,1.,0.));
#10826 = PCURVE('',#6318,#10827);
#10827 = DEFINITIONAL_REPRESENTATION('',(#10828),#10832);
#10828 = LINE('',#10829,#10830);
#10829 = CARTESIAN_POINT('',(0.41,0.));
#10830 = VECTOR('',#10831,1.);
#10831 = DIRECTION('',(0.,-1.));
#10832 = ( GEOMETRIC_REPRESENTATION_CONTEXT(2) 
PARAMETRIC_REPRESENTATION_CONTEXT() REPRESENTATION_CONTEXT('2D SPACE',''
  ) );
#10833 = PCURVE('',#10780,#10834);
#10834 = DEFINITIONAL_REPRESENTATION('',(#10835),#10839);
#10835 = LINE('',#10836,#10837);
#10836 = CARTESIAN_POINT('',(28.,0.));
#10837 = VECTOR('',#10838,1.);
#10838 = DIRECTION('',(0.,1.));
#10839 = ( GEOMETRIC_REPRESENTATION_CONTEXT(2) 
PARAMETRIC_REPRESENTATION_CONTEXT() REPRESENTATION_CONTEXT('2D SPACE',''
  ) );
#10840 = ADVANCED_FACE('',(#10841),#6294,.F.);
#10841 = FACE_BOUND('',#10842,.F.);
#10842 = EDGE_LOOP('',(#10843,#10844,#10845,#10868));
#10843 = ORIENTED_EDGE('',*,*,#10797,.F.);
#10844 = ORIENTED_EDGE('',*,*,#6279,.T.);
#10845 = ORIENTED_EDGE('',*,*,#10846,.T.);
#10846 = EDGE_CURVE('',#6254,#10847,#10849,.T.);
#10847 = VERTEX_POINT('',#10848);
#10848 = CARTESIAN_POINT('',(0.3,88.6,-2.));
#10849 = SURFACE_CURVE('',#10850,(#10854,#10861),.PCURVE_S1.);
#10850 = LINE('',#10851,#10852);
#10851 = CARTESIAN_POINT('',(0.3,88.6,-2.41));
#10852 = VECTOR('',#10853,1.);
#10853 = DIRECTION('',(0.,0.,1.));
#10854 = PCURVE('',#6294,#10855);
#10855 = DEFINITIONAL_REPRESENTATION('',(#10856),#10860);
#10856 = LINE('',#10857,#10858);
#10857 = CARTESIAN_POINT('',(0.,0.));
#10858 = VECTOR('',#10859,1.);
#10859 = DIRECTION('',(1.,0.));
#10860 = ( GEOMETRIC_REPRESENTATION_CONTEXT(2) 
PARAMETRIC_REPRESENTATION_CONTEXT() REPRESENTATION_CONTEXT('2D SPACE',''
  ) );
#10861 = PCURVE('',#6268,#10862);
#10862 = DEFINITIONAL_REPRESENTATION('',(#10863),#10867);
#10863 = LINE('',#10864,#10865);
#10864 = CARTESIAN_POINT('',(0.,-28.));
#10865 = VECTOR('',#10866,1.);
#10866 = DIRECTION('',(1.,0.));
#10867 = ( GEOMETRIC_REPRESENTATION_CONTEXT(2) 
PARAMETRIC_REPRESENTATION_CONTEXT() REPRESENTATION_CONTEXT('2D SPACE',''
  ) );
#10868 = ORIENTED_EDGE('',*,*,#10869,.T.);
#10869 = EDGE_CURVE('',#10847,#10798,#10870,.T.);
#10870 = SURFACE_CURVE('',#10871,(#10875,#10882),.PCURVE_S1.);
#10871 = LINE('',#10872,#10873);
#10872 = CARTESIAN_POINT('',(0.3,88.6,-2.));
#10873 = VECTOR('',#10874,1.);
#10874 = DIRECTION('',(1.,0.,-0.));
#10875 = PCURVE('',#6294,#10876);
#10876 = DEFINITIONAL_REPRESENTATION('',(#10877),#10881);
#10877 = LINE('',#10878,#10879);
#10878 = CARTESIAN_POINT('',(0.41,0.));
#10879 = VECTOR('',#10880,1.);
#10880 = DIRECTION('',(0.,1.));
#10881 = ( GEOMETRIC_REPRESENTATION_CONTEXT(2) 
PARAMETRIC_REPRESENTATION_CONTEXT() REPRESENTATION_CONTEXT('2D SPACE',''
  ) );
#10882 = PCURVE('',#10780,#10883);
#10883 = DEFINITIONAL_REPRESENTATION('',(#10884),#10888);
#10884 = LINE('',#10885,#10886);
#10885 = CARTESIAN_POINT('',(0.,28.));
#10886 = VECTOR('',#10887,1.);
#10887 = DIRECTION('',(1.,0.));
#10888 = ( GEOMETRIC_REPRESENTATION_CONTEXT(2) 
PARAMETRIC_REPRESENTATION_CONTEXT() REPRESENTATION_CONTEXT('2D SPACE',''
  ) );
#10889 = ADVANCED_FACE('',(#10890),#6268,.T.);
#10890 = FACE_BOUND('',#10891,.T.);
#10891 = EDGE_LOOP('',(#10892,#10893,#10894,#10895));
#10892 = ORIENTED_EDGE('',*,*,#10743,.F.);
#10893 = ORIENTED_EDGE('',*,*,#6253,.T.);
#10894 = ORIENTED_EDGE('',*,*,#10846,.T.);
#10895 = ORIENTED_EDGE('',*,*,#10896,.F.);
#10896 = EDGE_CURVE('',#10744,#10847,#10897,.T.);
#10897 = SURFACE_CURVE('',#10898,(#10902,#10909),.PCURVE_S1.);
#10898 = LINE('',#10899,#10900);
#10899 = CARTESIAN_POINT('',(0.3,60.6,-2.));
#10900 = VECTOR('',#10901,1.);
#10901 = DIRECTION('',(-0.,1.,0.));
#10902 = PCURVE('',#6268,#10903);
#10903 = DEFINITIONAL_REPRESENTATION('',(#10904),#10908);
#10904 = LINE('',#10905,#10906);
#10905 = CARTESIAN_POINT('',(0.41,0.));
#10906 = VECTOR('',#10907,1.);
#10907 = DIRECTION('',(0.,-1.));
#10908 = ( GEOMETRIC_REPRESENTATION_CONTEXT(2) 
PARAMETRIC_REPRESENTATION_CONTEXT() REPRESENTATION_CONTEXT('2D SPACE',''
  ) );
#10909 = PCURVE('',#10780,#10910);
#10910 = DEFINITIONAL_REPRESENTATION('',(#10911),#10915);
#10911 = LINE('',#10912,#10913);
#10912 = CARTESIAN_POINT('',(0.,0.));
#10913 = VECTOR('',#10914,1.);
#10914 = DIRECTION('',(0.,1.));
#10915 = ( GEOMETRIC_REPRESENTATION_CONTEXT(2) 
PARAMETRIC_REPRESENTATION_CONTEXT() REPRESENTATION_CONTEXT('2D SPACE',''
  ) );
#10916 = ADVANCED_FACE('',(#10917),#6348,.T.);
#10917 = FACE_BOUND('',#10918,.T.);
#10918 = EDGE_LOOP('',(#10919,#10942,#10943,#10966));
#10919 = ORIENTED_EDGE('',*,*,#10920,.F.);
#10920 = EDGE_CURVE('',#6332,#10921,#10923,.T.);
#10921 = VERTEX_POINT('',#10922);
#10922 = CARTESIAN_POINT('',(53.,46.3,0.));
#10923 = SURFACE_CURVE('',#10924,(#10928,#10935),.PCURVE_S1.);
#10924 = LINE('',#10925,#10926);
#10925 = CARTESIAN_POINT('',(53.,46.3,-2.41));
#10926 = VECTOR('',#10927,1.);
#10927 = DIRECTION('',(0.,0.,1.));
#10928 = PCURVE('',#6348,#10929);
#10929 = DEFINITIONAL_REPRESENTATION('',(#10930),#10934);
#10930 = LINE('',#10931,#10932);
#10931 = CARTESIAN_POINT('',(0.,20.));
#10932 = VECTOR('',#10933,1.);
#10933 = DIRECTION('',(1.,0.));
#10934 = ( GEOMETRIC_REPRESENTATION_CONTEXT(2) 
PARAMETRIC_REPRESENTATION_CONTEXT() REPRESENTATION_CONTEXT('2D SPACE',''
  ) );
#10935 = PCURVE('',#6424,#10936);
#10936 = DEFINITIONAL_REPRESENTATION('',(#10937),#10941);
#10937 = LINE('',#10938,#10939);
#10938 = CARTESIAN_POINT('',(0.,0.));
#10939 = VECTOR('',#10940,1.);
#10940 = DIRECTION('',(1.,0.));
#10941 = ( GEOMETRIC_REPRESENTATION_CONTEXT(2) 
PARAMETRIC_REPRESENTATION_CONTEXT() REPRESENTATION_CONTEXT('2D SPACE',''
  ) );
#10942 = ORIENTED_EDGE('',*,*,#6331,.T.);
#10943 = ORIENTED_EDGE('',*,*,#10944,.T.);
#10944 = EDGE_CURVE('',#6334,#10945,#10947,.T.);
#10945 = VERTEX_POINT('',#10946);
#10946 = CARTESIAN_POINT('',(33.,46.3,0.));
#10947 = SURFACE_CURVE('',#10948,(#10952,#10959),.PCURVE_S1.);
#10948 = LINE('',#10949,#10950);
#10949 = CARTESIAN_POINT('',(33.,46.3,-2.41));
#10950 = VECTOR('',#10951,1.);
#10951 = DIRECTION('',(0.,0.,1.));
#10952 = PCURVE('',#6348,#10953);
#10953 = DEFINITIONAL_REPRESENTATION('',(#10954),#10958);
#10954 = LINE('',#10955,#10956);
#10955 = CARTESIAN_POINT('',(0.,0.));
#10956 = VECTOR('',#10957,1.);
#10957 = DIRECTION('',(1.,0.));
#10958 = ( GEOMETRIC_REPRESENTATION_CONTEXT(2) 
PARAMETRIC_REPRESENTATION_CONTEXT() REPRESENTATION_CONTEXT('2D SPACE',''
  ) );
#10959 = PCURVE('',#6374,#10960);
#10960 = DEFINITIONAL_REPRESENTATION('',(#10961),#10965);
#10961 = LINE('',#10962,#10963);
#10962 = CARTESIAN_POINT('',(0.,0.));
#10963 = VECTOR('',#10964,1.);
#10964 = DIRECTION('',(1.,0.));
#10965 = ( GEOMETRIC_REPRESENTATION_CONTEXT(2) 
PARAMETRIC_REPRESENTATION_CONTEXT() REPRESENTATION_CONTEXT('2D SPACE',''
  ) );
#10966 = ORIENTED_EDGE('',*,*,#10967,.F.);
#10967 = EDGE_CURVE('',#10921,#10945,#10968,.T.);
#10968 = SURFACE_CURVE('',#10969,(#10973,#10979),.PCURVE_S1.);
#10969 = LINE('',#10970,#10971);
#10970 = CARTESIAN_POINT('',(32.,46.3,0.));
#10971 = VECTOR('',#10972,1.);
#10972 = DIRECTION('',(-1.,-0.,0.));
#10973 = PCURVE('',#6348,#10974);
#10974 = DEFINITIONAL_REPRESENTATION('',(#10975),#10978);
#10975 = B_SPLINE_CURVE_WITH_KNOTS('',1,(#10976,#10977),.UNSPECIFIED.,
  .F.,.F.,(2,2),(-21.,-1.),.PIECEWISE_BEZIER_KNOTS.);
#10976 = CARTESIAN_POINT('',(2.41,20.));
#10977 = CARTESIAN_POINT('',(2.41,0.));
#10978 = ( GEOMETRIC_REPRESENTATION_CONTEXT(2) 
PARAMETRIC_REPRESENTATION_CONTEXT() REPRESENTATION_CONTEXT('2D SPACE',''
  ) );
#10979 = PCURVE('',#6847,#10980);
#10980 = DEFINITIONAL_REPRESENTATION('',(#10981),#10984);
#10981 = B_SPLINE_CURVE_WITH_KNOTS('',1,(#10982,#10983),.UNSPECIFIED.,
  .F.,.F.,(2,2),(-21.,-1.),.PIECEWISE_BEZIER_KNOTS.);
#10982 = CARTESIAN_POINT('',(22.,1.85));
#10983 = CARTESIAN_POINT('',(2.,1.85));
#10984 = ( GEOMETRIC_REPRESENTATION_CONTEXT(2) 
PARAMETRIC_REPRESENTATION_CONTEXT() REPRESENTATION_CONTEXT('2D SPACE',''
  ) );
#10985 = ADVANCED_FACE('',(#10986),#6424,.F.);
#10986 = FACE_BOUND('',#10987,.F.);
#10987 = EDGE_LOOP('',(#10988,#10989,#10990,#11013));
#10988 = ORIENTED_EDGE('',*,*,#10920,.F.);
#10989 = ORIENTED_EDGE('',*,*,#6411,.T.);
#10990 = ORIENTED_EDGE('',*,*,#10991,.T.);
#10991 = EDGE_CURVE('',#6386,#10992,#10994,.T.);
#10992 = VERTEX_POINT('',#10993);
#10993 = CARTESIAN_POINT('',(53.,48.3,0.));
#10994 = SURFACE_CURVE('',#10995,(#10999,#11006),.PCURVE_S1.);
#10995 = LINE('',#10996,#10997);
#10996 = CARTESIAN_POINT('',(53.,48.3,-2.41));
#10997 = VECTOR('',#10998,1.);
#10998 = DIRECTION('',(0.,0.,1.));
#10999 = PCURVE('',#6424,#11000);
#11000 = DEFINITIONAL_REPRESENTATION('',(#11001),#11005);
#11001 = LINE('',#11002,#11003);
#11002 = CARTESIAN_POINT('',(0.,-2.));
#11003 = VECTOR('',#11004,1.);
#11004 = DIRECTION('',(1.,0.));
#11005 = ( GEOMETRIC_REPRESENTATION_CONTEXT(2) 
PARAMETRIC_REPRESENTATION_CONTEXT() REPRESENTATION_CONTEXT('2D SPACE',''
  ) );
#11006 = PCURVE('',#6400,#11007);
#11007 = DEFINITIONAL_REPRESENTATION('',(#11008),#11012);
#11008 = LINE('',#11009,#11010);
#11009 = CARTESIAN_POINT('',(0.,20.));
#11010 = VECTOR('',#11011,1.);
#11011 = DIRECTION('',(1.,0.));
#11012 = ( GEOMETRIC_REPRESENTATION_CONTEXT(2) 
PARAMETRIC_REPRESENTATION_CONTEXT() REPRESENTATION_CONTEXT('2D SPACE',''
  ) );
#11013 = ORIENTED_EDGE('',*,*,#11014,.F.);
#11014 = EDGE_CURVE('',#10921,#10992,#11015,.T.);
#11015 = SURFACE_CURVE('',#11016,(#11020,#11026),.PCURVE_S1.);
#11016 = LINE('',#11017,#11018);
#11017 = CARTESIAN_POINT('',(53.,45.375,0.));
#11018 = VECTOR('',#11019,1.);
#11019 = DIRECTION('',(-0.,1.,0.));
#11020 = PCURVE('',#6424,#11021);
#11021 = DEFINITIONAL_REPRESENTATION('',(#11022),#11025);
#11022 = B_SPLINE_CURVE_WITH_KNOTS('',1,(#11023,#11024),.UNSPECIFIED.,
  .F.,.F.,(2,2),(0.925,2.925),.PIECEWISE_BEZIER_KNOTS.);
#11023 = CARTESIAN_POINT('',(2.41,0.));
#11024 = CARTESIAN_POINT('',(2.41,-2.));
#11025 = ( GEOMETRIC_REPRESENTATION_CONTEXT(2) 
PARAMETRIC_REPRESENTATION_CONTEXT() REPRESENTATION_CONTEXT('2D SPACE',''
  ) );
#11026 = PCURVE('',#6847,#11027);
#11027 = DEFINITIONAL_REPRESENTATION('',(#11028),#11031);
#11028 = B_SPLINE_CURVE_WITH_KNOTS('',1,(#11029,#11030),.UNSPECIFIED.,
  .F.,.F.,(2,2),(0.925,2.925),.PIECEWISE_BEZIER_KNOTS.);
#11029 = CARTESIAN_POINT('',(22.,1.85));
#11030 = CARTESIAN_POINT('',(22.,3.85));
#11031 = ( GEOMETRIC_REPRESENTATION_CONTEXT(2) 
PARAMETRIC_REPRESENTATION_CONTEXT() REPRESENTATION_CONTEXT('2D SPACE',''
  ) );
#11032 = ADVANCED_FACE('',(#11033),#6400,.F.);
#11033 = FACE_BOUND('',#11034,.F.);
#11034 = EDGE_LOOP('',(#11035,#11036,#11037,#11060));
#11035 = ORIENTED_EDGE('',*,*,#10991,.F.);
#11036 = ORIENTED_EDGE('',*,*,#6385,.T.);
#11037 = ORIENTED_EDGE('',*,*,#11038,.T.);
#11038 = EDGE_CURVE('',#6360,#11039,#11041,.T.);
#11039 = VERTEX_POINT('',#11040);
#11040 = CARTESIAN_POINT('',(33.,48.3,0.));
#11041 = SURFACE_CURVE('',#11042,(#11046,#11053),.PCURVE_S1.);
#11042 = LINE('',#11043,#11044);
#11043 = CARTESIAN_POINT('',(33.,48.3,-2.41));
#11044 = VECTOR('',#11045,1.);
#11045 = DIRECTION('',(0.,0.,1.));
#11046 = PCURVE('',#6400,#11047);
#11047 = DEFINITIONAL_REPRESENTATION('',(#11048),#11052);
#11048 = LINE('',#11049,#11050);
#11049 = CARTESIAN_POINT('',(0.,0.));
#11050 = VECTOR('',#11051,1.);
#11051 = DIRECTION('',(1.,0.));
#11052 = ( GEOMETRIC_REPRESENTATION_CONTEXT(2) 
PARAMETRIC_REPRESENTATION_CONTEXT() REPRESENTATION_CONTEXT('2D SPACE',''
  ) );
#11053 = PCURVE('',#6374,#11054);
#11054 = DEFINITIONAL_REPRESENTATION('',(#11055),#11059);
#11055 = LINE('',#11056,#11057);
#11056 = CARTESIAN_POINT('',(0.,-2.));
#11057 = VECTOR('',#11058,1.);
#11058 = DIRECTION('',(1.,0.));
#11059 = ( GEOMETRIC_REPRESENTATION_CONTEXT(2) 
PARAMETRIC_REPRESENTATION_CONTEXT() REPRESENTATION_CONTEXT('2D SPACE',''
  ) );
#11060 = ORIENTED_EDGE('',*,*,#11061,.F.);
#11061 = EDGE_CURVE('',#10992,#11039,#11062,.T.);
#11062 = SURFACE_CURVE('',#11063,(#11067,#11073),.PCURVE_S1.);
#11063 = LINE('',#11064,#11065);
#11064 = CARTESIAN_POINT('',(32.,48.3,0.));
#11065 = VECTOR('',#11066,1.);
#11066 = DIRECTION('',(-1.,-0.,0.));
#11067 = PCURVE('',#6400,#11068);
#11068 = DEFINITIONAL_REPRESENTATION('',(#11069),#11072);
#11069 = B_SPLINE_CURVE_WITH_KNOTS('',1,(#11070,#11071),.UNSPECIFIED.,
  .F.,.F.,(2,2),(-21.,-1.),.PIECEWISE_BEZIER_KNOTS.);
#11070 = CARTESIAN_POINT('',(2.41,20.));
#11071 = CARTESIAN_POINT('',(2.41,0.));
#11072 = ( GEOMETRIC_REPRESENTATION_CONTEXT(2) 
PARAMETRIC_REPRESENTATION_CONTEXT() REPRESENTATION_CONTEXT('2D SPACE',''
  ) );
#11073 = PCURVE('',#6847,#11074);
#11074 = DEFINITIONAL_REPRESENTATION('',(#11075),#11078);
#11075 = B_SPLINE_CURVE_WITH_KNOTS('',1,(#11076,#11077),.UNSPECIFIED.,
  .F.,.F.,(2,2),(-21.,-1.),.PIECEWISE_BEZIER_KNOTS.);
#11076 = CARTESIAN_POINT('',(22.,3.85));
#11077 = CARTESIAN_POINT('',(2.,3.85));
#11078 = ( GEOMETRIC_REPRESENTATION_CONTEXT(2) 
PARAMETRIC_REPRESENTATION_CONTEXT() REPRESENTATION_CONTEXT('2D SPACE',''
  ) );
#11079 = ADVANCED_FACE('',(#11080),#6374,.T.);
#11080 = FACE_BOUND('',#11081,.T.);
#11081 = EDGE_LOOP('',(#11082,#11083,#11084,#11085));
#11082 = ORIENTED_EDGE('',*,*,#10944,.F.);
#11083 = ORIENTED_EDGE('',*,*,#6359,.T.);
#11084 = ORIENTED_EDGE('',*,*,#11038,.T.);
#11085 = ORIENTED_EDGE('',*,*,#11086,.F.);
#11086 = EDGE_CURVE('',#10945,#11039,#11087,.T.);
#11087 = SURFACE_CURVE('',#11088,(#11092,#11098),.PCURVE_S1.);
#11088 = LINE('',#11089,#11090);
#11089 = CARTESIAN_POINT('',(33.,45.375,0.));
#11090 = VECTOR('',#11091,1.);
#11091 = DIRECTION('',(-0.,1.,0.));
#11092 = PCURVE('',#6374,#11093);
#11093 = DEFINITIONAL_REPRESENTATION('',(#11094),#11097);
#11094 = B_SPLINE_CURVE_WITH_KNOTS('',1,(#11095,#11096),.UNSPECIFIED.,
  .F.,.F.,(2,2),(0.925,2.925),.PIECEWISE_BEZIER_KNOTS.);
#11095 = CARTESIAN_POINT('',(2.41,0.));
#11096 = CARTESIAN_POINT('',(2.41,-2.));
#11097 = ( GEOMETRIC_REPRESENTATION_CONTEXT(2) 
PARAMETRIC_REPRESENTATION_CONTEXT() REPRESENTATION_CONTEXT('2D SPACE',''
  ) );
#11098 = PCURVE('',#6847,#11099);
#11099 = DEFINITIONAL_REPRESENTATION('',(#11100),#11103);
#11100 = B_SPLINE_CURVE_WITH_KNOTS('',1,(#11101,#11102),.UNSPECIFIED.,
  .F.,.F.,(2,2),(0.925,2.925),.PIECEWISE_BEZIER_KNOTS.);
#11101 = CARTESIAN_POINT('',(2.,1.85));
#11102 = CARTESIAN_POINT('',(2.,3.85));
#11103 = ( GEOMETRIC_REPRESENTATION_CONTEXT(2) 
PARAMETRIC_REPRESENTATION_CONTEXT() REPRESENTATION_CONTEXT('2D SPACE',''
  ) );
#11104 = ADVANCED_FACE('',(#11105),#6454,.T.);
#11105 = FACE_BOUND('',#11106,.T.);
#11106 = EDGE_LOOP('',(#11107,#11130,#11131,#11154));
#11107 = ORIENTED_EDGE('',*,*,#11108,.F.);
#11108 = EDGE_CURVE('',#6438,#11109,#11111,.T.);
#11109 = VERTEX_POINT('',#11110);
#11110 = CARTESIAN_POINT('',(53.,50.3,0.));
#11111 = SURFACE_CURVE('',#11112,(#11116,#11123),.PCURVE_S1.);
#11112 = LINE('',#11113,#11114);
#11113 = CARTESIAN_POINT('',(53.,50.3,-2.41));
#11114 = VECTOR('',#11115,1.);
#11115 = DIRECTION('',(0.,0.,1.));
#11116 = PCURVE('',#6454,#11117);
#11117 = DEFINITIONAL_REPRESENTATION('',(#11118),#11122);
#11118 = LINE('',#11119,#11120);
#11119 = CARTESIAN_POINT('',(0.,20.));
#11120 = VECTOR('',#11121,1.);
#11121 = DIRECTION('',(1.,0.));
#11122 = ( GEOMETRIC_REPRESENTATION_CONTEXT(2) 
PARAMETRIC_REPRESENTATION_CONTEXT() REPRESENTATION_CONTEXT('2D SPACE',''
  ) );
#11123 = PCURVE('',#6530,#11124);
#11124 = DEFINITIONAL_REPRESENTATION('',(#11125),#11129);
#11125 = LINE('',#11126,#11127);
#11126 = CARTESIAN_POINT('',(0.,0.));
#11127 = VECTOR('',#11128,1.);
#11128 = DIRECTION('',(1.,0.));
#11129 = ( GEOMETRIC_REPRESENTATION_CONTEXT(2) 
PARAMETRIC_REPRESENTATION_CONTEXT() REPRESENTATION_CONTEXT('2D SPACE',''
  ) );
#11130 = ORIENTED_EDGE('',*,*,#6437,.T.);
#11131 = ORIENTED_EDGE('',*,*,#11132,.T.);
#11132 = EDGE_CURVE('',#6440,#11133,#11135,.T.);
#11133 = VERTEX_POINT('',#11134);
#11134 = CARTESIAN_POINT('',(33.,50.3,0.));
#11135 = SURFACE_CURVE('',#11136,(#11140,#11147),.PCURVE_S1.);
#11136 = LINE('',#11137,#11138);
#11137 = CARTESIAN_POINT('',(33.,50.3,-2.41));
#11138 = VECTOR('',#11139,1.);
#11139 = DIRECTION('',(0.,0.,1.));
#11140 = PCURVE('',#6454,#11141);
#11141 = DEFINITIONAL_REPRESENTATION('',(#11142),#11146);
#11142 = LINE('',#11143,#11144);
#11143 = CARTESIAN_POINT('',(0.,0.));
#11144 = VECTOR('',#11145,1.);
#11145 = DIRECTION('',(1.,0.));
#11146 = ( GEOMETRIC_REPRESENTATION_CONTEXT(2) 
PARAMETRIC_REPRESENTATION_CONTEXT() REPRESENTATION_CONTEXT('2D SPACE',''
  ) );
#11147 = PCURVE('',#6480,#11148);
#11148 = DEFINITIONAL_REPRESENTATION('',(#11149),#11153);
#11149 = LINE('',#11150,#11151);
#11150 = CARTESIAN_POINT('',(0.,0.));
#11151 = VECTOR('',#11152,1.);
#11152 = DIRECTION('',(1.,0.));
#11153 = ( GEOMETRIC_REPRESENTATION_CONTEXT(2) 
PARAMETRIC_REPRESENTATION_CONTEXT() REPRESENTATION_CONTEXT('2D SPACE',''
  ) );
#11154 = ORIENTED_EDGE('',*,*,#11155,.F.);
#11155 = EDGE_CURVE('',#11109,#11133,#11156,.T.);
#11156 = SURFACE_CURVE('',#11157,(#11161,#11167),.PCURVE_S1.);
#11157 = LINE('',#11158,#11159);
#11158 = CARTESIAN_POINT('',(32.,50.3,0.));
#11159 = VECTOR('',#11160,1.);
#11160 = DIRECTION('',(-1.,-0.,0.));
#11161 = PCURVE('',#6454,#11162);
#11162 = DEFINITIONAL_REPRESENTATION('',(#11163),#11166);
#11163 = B_SPLINE_CURVE_WITH_KNOTS('',1,(#11164,#11165),.UNSPECIFIED.,
  .F.,.F.,(2,2),(-21.,-1.),.PIECEWISE_BEZIER_KNOTS.);
#11164 = CARTESIAN_POINT('',(2.41,20.));
#11165 = CARTESIAN_POINT('',(2.41,0.));
#11166 = ( GEOMETRIC_REPRESENTATION_CONTEXT(2) 
PARAMETRIC_REPRESENTATION_CONTEXT() REPRESENTATION_CONTEXT('2D SPACE',''
  ) );
#11167 = PCURVE('',#6847,#11168);
#11168 = DEFINITIONAL_REPRESENTATION('',(#11169),#11172);
#11169 = B_SPLINE_CURVE_WITH_KNOTS('',1,(#11170,#11171),.UNSPECIFIED.,
  .F.,.F.,(2,2),(-21.,-1.),.PIECEWISE_BEZIER_KNOTS.);
#11170 = CARTESIAN_POINT('',(22.,5.85));
#11171 = CARTESIAN_POINT('',(2.,5.85));
#11172 = ( GEOMETRIC_REPRESENTATION_CONTEXT(2) 
PARAMETRIC_REPRESENTATION_CONTEXT() REPRESENTATION_CONTEXT('2D SPACE',''
  ) );
#11173 = ADVANCED_FACE('',(#11174),#6530,.F.);
#11174 = FACE_BOUND('',#11175,.F.);
#11175 = EDGE_LOOP('',(#11176,#11177,#11178,#11201));
#11176 = ORIENTED_EDGE('',*,*,#11108,.F.);
#11177 = ORIENTED_EDGE('',*,*,#6517,.T.);
#11178 = ORIENTED_EDGE('',*,*,#11179,.T.);
#11179 = EDGE_CURVE('',#6492,#11180,#11182,.T.);
#11180 = VERTEX_POINT('',#11181);
#11181 = CARTESIAN_POINT('',(53.,52.3,0.));
#11182 = SURFACE_CURVE('',#11183,(#11187,#11194),.PCURVE_S1.);
#11183 = LINE('',#11184,#11185);
#11184 = CARTESIAN_POINT('',(53.,52.3,-2.41));
#11185 = VECTOR('',#11186,1.);
#11186 = DIRECTION('',(0.,0.,1.));
#11187 = PCURVE('',#6530,#11188);
#11188 = DEFINITIONAL_REPRESENTATION('',(#11189),#11193);
#11189 = LINE('',#11190,#11191);
#11190 = CARTESIAN_POINT('',(0.,-2.));
#11191 = VECTOR('',#11192,1.);
#11192 = DIRECTION('',(1.,0.));
#11193 = ( GEOMETRIC_REPRESENTATION_CONTEXT(2) 
PARAMETRIC_REPRESENTATION_CONTEXT() REPRESENTATION_CONTEXT('2D SPACE',''
  ) );
#11194 = PCURVE('',#6506,#11195);
#11195 = DEFINITIONAL_REPRESENTATION('',(#11196),#11200);
#11196 = LINE('',#11197,#11198);
#11197 = CARTESIAN_POINT('',(0.,20.));
#11198 = VECTOR('',#11199,1.);
#11199 = DIRECTION('',(1.,0.));
#11200 = ( GEOMETRIC_REPRESENTATION_CONTEXT(2) 
PARAMETRIC_REPRESENTATION_CONTEXT() REPRESENTATION_CONTEXT('2D SPACE',''
  ) );
#11201 = ORIENTED_EDGE('',*,*,#11202,.F.);
#11202 = EDGE_CURVE('',#11109,#11180,#11203,.T.);
#11203 = SURFACE_CURVE('',#11204,(#11208,#11214),.PCURVE_S1.);
#11204 = LINE('',#11205,#11206);
#11205 = CARTESIAN_POINT('',(53.,47.375,0.));
#11206 = VECTOR('',#11207,1.);
#11207 = DIRECTION('',(-0.,1.,0.));
#11208 = PCURVE('',#6530,#11209);
#11209 = DEFINITIONAL_REPRESENTATION('',(#11210),#11213);
#11210 = B_SPLINE_CURVE_WITH_KNOTS('',1,(#11211,#11212),.UNSPECIFIED.,
  .F.,.F.,(2,2),(2.925,4.925),.PIECEWISE_BEZIER_KNOTS.);
#11211 = CARTESIAN_POINT('',(2.41,0.));
#11212 = CARTESIAN_POINT('',(2.41,-2.));
#11213 = ( GEOMETRIC_REPRESENTATION_CONTEXT(2) 
PARAMETRIC_REPRESENTATION_CONTEXT() REPRESENTATION_CONTEXT('2D SPACE',''
  ) );
#11214 = PCURVE('',#6847,#11215);
#11215 = DEFINITIONAL_REPRESENTATION('',(#11216),#11219);
#11216 = B_SPLINE_CURVE_WITH_KNOTS('',1,(#11217,#11218),.UNSPECIFIED.,
  .F.,.F.,(2,2),(2.925,4.925),.PIECEWISE_BEZIER_KNOTS.);
#11217 = CARTESIAN_POINT('',(22.,5.85));
#11218 = CARTESIAN_POINT('',(22.,7.85));
#11219 = ( GEOMETRIC_REPRESENTATION_CONTEXT(2) 
PARAMETRIC_REPRESENTATION_CONTEXT() REPRESENTATION_CONTEXT('2D SPACE',''
  ) );
#11220 = ADVANCED_FACE('',(#11221),#6506,.F.);
#11221 = FACE_BOUND('',#11222,.F.);
#11222 = EDGE_LOOP('',(#11223,#11224,#11225,#11248));
#11223 = ORIENTED_EDGE('',*,*,#11179,.F.);
#11224 = ORIENTED_EDGE('',*,*,#6491,.T.);
#11225 = ORIENTED_EDGE('',*,*,#11226,.T.);
#11226 = EDGE_CURVE('',#6466,#11227,#11229,.T.);
#11227 = VERTEX_POINT('',#11228);
#11228 = CARTESIAN_POINT('',(33.,52.3,0.));
#11229 = SURFACE_CURVE('',#11230,(#11234,#11241),.PCURVE_S1.);
#11230 = LINE('',#11231,#11232);
#11231 = CARTESIAN_POINT('',(33.,52.3,-2.41));
#11232 = VECTOR('',#11233,1.);
#11233 = DIRECTION('',(0.,0.,1.));
#11234 = PCURVE('',#6506,#11235);
#11235 = DEFINITIONAL_REPRESENTATION('',(#11236),#11240);
#11236 = LINE('',#11237,#11238);
#11237 = CARTESIAN_POINT('',(0.,0.));
#11238 = VECTOR('',#11239,1.);
#11239 = DIRECTION('',(1.,0.));
#11240 = ( GEOMETRIC_REPRESENTATION_CONTEXT(2) 
PARAMETRIC_REPRESENTATION_CONTEXT() REPRESENTATION_CONTEXT('2D SPACE',''
  ) );
#11241 = PCURVE('',#6480,#11242);
#11242 = DEFINITIONAL_REPRESENTATION('',(#11243),#11247);
#11243 = LINE('',#11244,#11245);
#11244 = CARTESIAN_POINT('',(0.,-2.));
#11245 = VECTOR('',#11246,1.);
#11246 = DIRECTION('',(1.,0.));
#11247 = ( GEOMETRIC_REPRESENTATION_CONTEXT(2) 
PARAMETRIC_REPRESENTATION_CONTEXT() REPRESENTATION_CONTEXT('2D SPACE',''
  ) );
#11248 = ORIENTED_EDGE('',*,*,#11249,.F.);
#11249 = EDGE_CURVE('',#11180,#11227,#11250,.T.);
#11250 = SURFACE_CURVE('',#11251,(#11255,#11261),.PCURVE_S1.);
#11251 = LINE('',#11252,#11253);
#11252 = CARTESIAN_POINT('',(32.,52.3,0.));
#11253 = VECTOR('',#11254,1.);
#11254 = DIRECTION('',(-1.,-0.,0.));
#11255 = PCURVE('',#6506,#11256);
#11256 = DEFINITIONAL_REPRESENTATION('',(#11257),#11260);
#11257 = B_SPLINE_CURVE_WITH_KNOTS('',1,(#11258,#11259),.UNSPECIFIED.,
  .F.,.F.,(2,2),(-21.,-1.),.PIECEWISE_BEZIER_KNOTS.);
#11258 = CARTESIAN_POINT('',(2.41,20.));
#11259 = CARTESIAN_POINT('',(2.41,0.));
#11260 = ( GEOMETRIC_REPRESENTATION_CONTEXT(2) 
PARAMETRIC_REPRESENTATION_CONTEXT() REPRESENTATION_CONTEXT('2D SPACE',''
  ) );
#11261 = PCURVE('',#6847,#11262);
#11262 = DEFINITIONAL_REPRESENTATION('',(#11263),#11266);
#11263 = B_SPLINE_CURVE_WITH_KNOTS('',1,(#11264,#11265),.UNSPECIFIED.,
  .F.,.F.,(2,2),(-21.,-1.),.PIECEWISE_BEZIER_KNOTS.);
#11264 = CARTESIAN_POINT('',(22.,7.85));
#11265 = CARTESIAN_POINT('',(2.,7.85));
#11266 = ( GEOMETRIC_REPRESENTATION_CONTEXT(2) 
PARAMETRIC_REPRESENTATION_CONTEXT() REPRESENTATION_CONTEXT('2D SPACE',''
  ) );
#11267 = ADVANCED_FACE('',(#11268),#6480,.T.);
#11268 = FACE_BOUND('',#11269,.T.);
#11269 = EDGE_LOOP('',(#11270,#11271,#11272,#11273));
#11270 = ORIENTED_EDGE('',*,*,#11132,.F.);
#11271 = ORIENTED_EDGE('',*,*,#6465,.T.);
#11272 = ORIENTED_EDGE('',*,*,#11226,.T.);
#11273 = ORIENTED_EDGE('',*,*,#11274,.F.);
#11274 = EDGE_CURVE('',#11133,#11227,#11275,.T.);
#11275 = SURFACE_CURVE('',#11276,(#11280,#11286),.PCURVE_S1.);
#11276 = LINE('',#11277,#11278);
#11277 = CARTESIAN_POINT('',(33.,47.375,0.));
#11278 = VECTOR('',#11279,1.);
#11279 = DIRECTION('',(-0.,1.,0.));
#11280 = PCURVE('',#6480,#11281);
#11281 = DEFINITIONAL_REPRESENTATION('',(#11282),#11285);
#11282 = B_SPLINE_CURVE_WITH_KNOTS('',1,(#11283,#11284),.UNSPECIFIED.,
  .F.,.F.,(2,2),(2.925,4.925),.PIECEWISE_BEZIER_KNOTS.);
#11283 = CARTESIAN_POINT('',(2.41,0.));
#11284 = CARTESIAN_POINT('',(2.41,-2.));
#11285 = ( GEOMETRIC_REPRESENTATION_CONTEXT(2) 
PARAMETRIC_REPRESENTATION_CONTEXT() REPRESENTATION_CONTEXT('2D SPACE',''
  ) );
#11286 = PCURVE('',#6847,#11287);
#11287 = DEFINITIONAL_REPRESENTATION('',(#11288),#11291);
#11288 = B_SPLINE_CURVE_WITH_KNOTS('',1,(#11289,#11290),.UNSPECIFIED.,
  .F.,.F.,(2,2),(2.925,4.925),.PIECEWISE_BEZIER_KNOTS.);
#11289 = CARTESIAN_POINT('',(2.,5.85));
#11290 = CARTESIAN_POINT('',(2.,7.85));
#11291 = ( GEOMETRIC_REPRESENTATION_CONTEXT(2) 
PARAMETRIC_REPRESENTATION_CONTEXT() REPRESENTATION_CONTEXT('2D SPACE',''
  ) );
#11292 = ADVANCED_FACE('',(#11293),#6560,.T.);
#11293 = FACE_BOUND('',#11294,.T.);
#11294 = EDGE_LOOP('',(#11295,#11318,#11319,#11342));
#11295 = ORIENTED_EDGE('',*,*,#11296,.F.);
#11296 = EDGE_CURVE('',#6544,#11297,#11299,.T.);
#11297 = VERTEX_POINT('',#11298);
#11298 = CARTESIAN_POINT('',(53.,54.3,0.));
#11299 = SURFACE_CURVE('',#11300,(#11304,#11311),.PCURVE_S1.);
#11300 = LINE('',#11301,#11302);
#11301 = CARTESIAN_POINT('',(53.,54.3,-2.41));
#11302 = VECTOR('',#11303,1.);
#11303 = DIRECTION('',(0.,0.,1.));
#11304 = PCURVE('',#6560,#11305);
#11305 = DEFINITIONAL_REPRESENTATION('',(#11306),#11310);
#11306 = LINE('',#11307,#11308);
#11307 = CARTESIAN_POINT('',(0.,20.));
#11308 = VECTOR('',#11309,1.);
#11309 = DIRECTION('',(1.,0.));
#11310 = ( GEOMETRIC_REPRESENTATION_CONTEXT(2) 
PARAMETRIC_REPRESENTATION_CONTEXT() REPRESENTATION_CONTEXT('2D SPACE',''
  ) );
#11311 = PCURVE('',#6636,#11312);
#11312 = DEFINITIONAL_REPRESENTATION('',(#11313),#11317);
#11313 = LINE('',#11314,#11315);
#11314 = CARTESIAN_POINT('',(0.,0.));
#11315 = VECTOR('',#11316,1.);
#11316 = DIRECTION('',(1.,0.));
#11317 = ( GEOMETRIC_REPRESENTATION_CONTEXT(2) 
PARAMETRIC_REPRESENTATION_CONTEXT() REPRESENTATION_CONTEXT('2D SPACE',''
  ) );
#11318 = ORIENTED_EDGE('',*,*,#6543,.T.);
#11319 = ORIENTED_EDGE('',*,*,#11320,.T.);
#11320 = EDGE_CURVE('',#6546,#11321,#11323,.T.);
#11321 = VERTEX_POINT('',#11322);
#11322 = CARTESIAN_POINT('',(33.,54.3,0.));
#11323 = SURFACE_CURVE('',#11324,(#11328,#11335),.PCURVE_S1.);
#11324 = LINE('',#11325,#11326);
#11325 = CARTESIAN_POINT('',(33.,54.3,-2.41));
#11326 = VECTOR('',#11327,1.);
#11327 = DIRECTION('',(0.,0.,1.));
#11328 = PCURVE('',#6560,#11329);
#11329 = DEFINITIONAL_REPRESENTATION('',(#11330),#11334);
#11330 = LINE('',#11331,#11332);
#11331 = CARTESIAN_POINT('',(0.,0.));
#11332 = VECTOR('',#11333,1.);
#11333 = DIRECTION('',(1.,0.));
#11334 = ( GEOMETRIC_REPRESENTATION_CONTEXT(2) 
PARAMETRIC_REPRESENTATION_CONTEXT() REPRESENTATION_CONTEXT('2D SPACE',''
  ) );
#11335 = PCURVE('',#6586,#11336);
#11336 = DEFINITIONAL_REPRESENTATION('',(#11337),#11341);
#11337 = LINE('',#11338,#11339);
#11338 = CARTESIAN_POINT('',(0.,0.));
#11339 = VECTOR('',#11340,1.);
#11340 = DIRECTION('',(1.,0.));
#11341 = ( GEOMETRIC_REPRESENTATION_CONTEXT(2) 
PARAMETRIC_REPRESENTATION_CONTEXT() REPRESENTATION_CONTEXT('2D SPACE',''
  ) );
#11342 = ORIENTED_EDGE('',*,*,#11343,.F.);
#11343 = EDGE_CURVE('',#11297,#11321,#11344,.T.);
#11344 = SURFACE_CURVE('',#11345,(#11349,#11355),.PCURVE_S1.);
#11345 = LINE('',#11346,#11347);
#11346 = CARTESIAN_POINT('',(32.,54.3,0.));
#11347 = VECTOR('',#11348,1.);
#11348 = DIRECTION('',(-1.,-0.,0.));
#11349 = PCURVE('',#6560,#11350);
#11350 = DEFINITIONAL_REPRESENTATION('',(#11351),#11354);
#11351 = B_SPLINE_CURVE_WITH_KNOTS('',1,(#11352,#11353),.UNSPECIFIED.,
  .F.,.F.,(2,2),(-21.,-1.),.PIECEWISE_BEZIER_KNOTS.);
#11352 = CARTESIAN_POINT('',(2.41,20.));
#11353 = CARTESIAN_POINT('',(2.41,0.));
#11354 = ( GEOMETRIC_REPRESENTATION_CONTEXT(2) 
PARAMETRIC_REPRESENTATION_CONTEXT() REPRESENTATION_CONTEXT('2D SPACE',''
  ) );
#11355 = PCURVE('',#6847,#11356);
#11356 = DEFINITIONAL_REPRESENTATION('',(#11357),#11360);
#11357 = B_SPLINE_CURVE_WITH_KNOTS('',1,(#11358,#11359),.UNSPECIFIED.,
  .F.,.F.,(2,2),(-21.,-1.),.PIECEWISE_BEZIER_KNOTS.);
#11358 = CARTESIAN_POINT('',(22.,9.85));
#11359 = CARTESIAN_POINT('',(2.,9.85));
#11360 = ( GEOMETRIC_REPRESENTATION_CONTEXT(2) 
PARAMETRIC_REPRESENTATION_CONTEXT() REPRESENTATION_CONTEXT('2D SPACE',''
  ) );
#11361 = ADVANCED_FACE('',(#11362),#6636,.F.);
#11362 = FACE_BOUND('',#11363,.F.);
#11363 = EDGE_LOOP('',(#11364,#11365,#11366,#11389));
#11364 = ORIENTED_EDGE('',*,*,#11296,.F.);
#11365 = ORIENTED_EDGE('',*,*,#6623,.T.);
#11366 = ORIENTED_EDGE('',*,*,#11367,.T.);
#11367 = EDGE_CURVE('',#6598,#11368,#11370,.T.);
#11368 = VERTEX_POINT('',#11369);
#11369 = CARTESIAN_POINT('',(53.,56.3,0.));
#11370 = SURFACE_CURVE('',#11371,(#11375,#11382),.PCURVE_S1.);
#11371 = LINE('',#11372,#11373);
#11372 = CARTESIAN_POINT('',(53.,56.3,-2.41));
#11373 = VECTOR('',#11374,1.);
#11374 = DIRECTION('',(0.,0.,1.));
#11375 = PCURVE('',#6636,#11376);
#11376 = DEFINITIONAL_REPRESENTATION('',(#11377),#11381);
#11377 = LINE('',#11378,#11379);
#11378 = CARTESIAN_POINT('',(0.,-2.));
#11379 = VECTOR('',#11380,1.);
#11380 = DIRECTION('',(1.,0.));
#11381 = ( GEOMETRIC_REPRESENTATION_CONTEXT(2) 
PARAMETRIC_REPRESENTATION_CONTEXT() REPRESENTATION_CONTEXT('2D SPACE',''
  ) );
#11382 = PCURVE('',#6612,#11383);
#11383 = DEFINITIONAL_REPRESENTATION('',(#11384),#11388);
#11384 = LINE('',#11385,#11386);
#11385 = CARTESIAN_POINT('',(0.,20.));
#11386 = VECTOR('',#11387,1.);
#11387 = DIRECTION('',(1.,0.));
#11388 = ( GEOMETRIC_REPRESENTATION_CONTEXT(2) 
PARAMETRIC_REPRESENTATION_CONTEXT() REPRESENTATION_CONTEXT('2D SPACE',''
  ) );
#11389 = ORIENTED_EDGE('',*,*,#11390,.F.);
#11390 = EDGE_CURVE('',#11297,#11368,#11391,.T.);
#11391 = SURFACE_CURVE('',#11392,(#11396,#11402),.PCURVE_S1.);
#11392 = LINE('',#11393,#11394);
#11393 = CARTESIAN_POINT('',(53.,49.375,0.));
#11394 = VECTOR('',#11395,1.);
#11395 = DIRECTION('',(-0.,1.,0.));
#11396 = PCURVE('',#6636,#11397);
#11397 = DEFINITIONAL_REPRESENTATION('',(#11398),#11401);
#11398 = B_SPLINE_CURVE_WITH_KNOTS('',1,(#11399,#11400),.UNSPECIFIED.,
  .F.,.F.,(2,2),(4.925,6.925),.PIECEWISE_BEZIER_KNOTS.);
#11399 = CARTESIAN_POINT('',(2.41,0.));
#11400 = CARTESIAN_POINT('',(2.41,-2.));
#11401 = ( GEOMETRIC_REPRESENTATION_CONTEXT(2) 
PARAMETRIC_REPRESENTATION_CONTEXT() REPRESENTATION_CONTEXT('2D SPACE',''
  ) );
#11402 = PCURVE('',#6847,#11403);
#11403 = DEFINITIONAL_REPRESENTATION('',(#11404),#11407);
#11404 = B_SPLINE_CURVE_WITH_KNOTS('',1,(#11405,#11406),.UNSPECIFIED.,
  .F.,.F.,(2,2),(4.925,6.925),.PIECEWISE_BEZIER_KNOTS.);
#11405 = CARTESIAN_POINT('',(22.,9.85));
#11406 = CARTESIAN_POINT('',(22.,11.85));
#11407 = ( GEOMETRIC_REPRESENTATION_CONTEXT(2) 
PARAMETRIC_REPRESENTATION_CONTEXT() REPRESENTATION_CONTEXT('2D SPACE',''
  ) );
#11408 = ADVANCED_FACE('',(#11409),#6612,.F.);
#11409 = FACE_BOUND('',#11410,.F.);
#11410 = EDGE_LOOP('',(#11411,#11412,#11413,#11436));
#11411 = ORIENTED_EDGE('',*,*,#11367,.F.);
#11412 = ORIENTED_EDGE('',*,*,#6597,.T.);
#11413 = ORIENTED_EDGE('',*,*,#11414,.T.);
#11414 = EDGE_CURVE('',#6572,#11415,#11417,.T.);
#11415 = VERTEX_POINT('',#11416);
#11416 = CARTESIAN_POINT('',(33.,56.3,0.));
#11417 = SURFACE_CURVE('',#11418,(#11422,#11429),.PCURVE_S1.);
#11418 = LINE('',#11419,#11420);
#11419 = CARTESIAN_POINT('',(33.,56.3,-2.41));
#11420 = VECTOR('',#11421,1.);
#11421 = DIRECTION('',(0.,0.,1.));
#11422 = PCURVE('',#6612,#11423);
#11423 = DEFINITIONAL_REPRESENTATION('',(#11424),#11428);
#11424 = LINE('',#11425,#11426);
#11425 = CARTESIAN_POINT('',(0.,0.));
#11426 = VECTOR('',#11427,1.);
#11427 = DIRECTION('',(1.,0.));
#11428 = ( GEOMETRIC_REPRESENTATION_CONTEXT(2) 
PARAMETRIC_REPRESENTATION_CONTEXT() REPRESENTATION_CONTEXT('2D SPACE',''
  ) );
#11429 = PCURVE('',#6586,#11430);
#11430 = DEFINITIONAL_REPRESENTATION('',(#11431),#11435);
#11431 = LINE('',#11432,#11433);
#11432 = CARTESIAN_POINT('',(0.,-2.));
#11433 = VECTOR('',#11434,1.);
#11434 = DIRECTION('',(1.,0.));
#11435 = ( GEOMETRIC_REPRESENTATION_CONTEXT(2) 
PARAMETRIC_REPRESENTATION_CONTEXT() REPRESENTATION_CONTEXT('2D SPACE',''
  ) );
#11436 = ORIENTED_EDGE('',*,*,#11437,.F.);
#11437 = EDGE_CURVE('',#11368,#11415,#11438,.T.);
#11438 = SURFACE_CURVE('',#11439,(#11443,#11449),.PCURVE_S1.);
#11439 = LINE('',#11440,#11441);
#11440 = CARTESIAN_POINT('',(32.,56.3,0.));
#11441 = VECTOR('',#11442,1.);
#11442 = DIRECTION('',(-1.,-0.,0.));
#11443 = PCURVE('',#6612,#11444);
#11444 = DEFINITIONAL_REPRESENTATION('',(#11445),#11448);
#11445 = B_SPLINE_CURVE_WITH_KNOTS('',1,(#11446,#11447),.UNSPECIFIED.,
  .F.,.F.,(2,2),(-21.,-1.),.PIECEWISE_BEZIER_KNOTS.);
#11446 = CARTESIAN_POINT('',(2.41,20.));
#11447 = CARTESIAN_POINT('',(2.41,0.));
#11448 = ( GEOMETRIC_REPRESENTATION_CONTEXT(2) 
PARAMETRIC_REPRESENTATION_CONTEXT() REPRESENTATION_CONTEXT('2D SPACE',''
  ) );
#11449 = PCURVE('',#6847,#11450);
#11450 = DEFINITIONAL_REPRESENTATION('',(#11451),#11454);
#11451 = B_SPLINE_CURVE_WITH_KNOTS('',1,(#11452,#11453),.UNSPECIFIED.,
  .F.,.F.,(2,2),(-21.,-1.),.PIECEWISE_BEZIER_KNOTS.);
#11452 = CARTESIAN_POINT('',(22.,11.85));
#11453 = CARTESIAN_POINT('',(2.,11.85));
#11454 = ( GEOMETRIC_REPRESENTATION_CONTEXT(2) 
PARAMETRIC_REPRESENTATION_CONTEXT() REPRESENTATION_CONTEXT('2D SPACE',''
  ) );
#11455 = ADVANCED_FACE('',(#11456),#6586,.T.);
#11456 = FACE_BOUND('',#11457,.T.);
#11457 = EDGE_LOOP('',(#11458,#11459,#11460,#11461));
#11458 = ORIENTED_EDGE('',*,*,#11320,.F.);
#11459 = ORIENTED_EDGE('',*,*,#6571,.T.);
#11460 = ORIENTED_EDGE('',*,*,#11414,.T.);
#11461 = ORIENTED_EDGE('',*,*,#11462,.F.);
#11462 = EDGE_CURVE('',#11321,#11415,#11463,.T.);
#11463 = SURFACE_CURVE('',#11464,(#11468,#11474),.PCURVE_S1.);
#11464 = LINE('',#11465,#11466);
#11465 = CARTESIAN_POINT('',(33.,49.375,0.));
#11466 = VECTOR('',#11467,1.);
#11467 = DIRECTION('',(-0.,1.,0.));
#11468 = PCURVE('',#6586,#11469);
#11469 = DEFINITIONAL_REPRESENTATION('',(#11470),#11473);
#11470 = B_SPLINE_CURVE_WITH_KNOTS('',1,(#11471,#11472),.UNSPECIFIED.,
  .F.,.F.,(2,2),(4.925,6.925),.PIECEWISE_BEZIER_KNOTS.);
#11471 = CARTESIAN_POINT('',(2.41,0.));
#11472 = CARTESIAN_POINT('',(2.41,-2.));
#11473 = ( GEOMETRIC_REPRESENTATION_CONTEXT(2) 
PARAMETRIC_REPRESENTATION_CONTEXT() REPRESENTATION_CONTEXT('2D SPACE',''
  ) );
#11474 = PCURVE('',#6847,#11475);
#11475 = DEFINITIONAL_REPRESENTATION('',(#11476),#11479);
#11476 = B_SPLINE_CURVE_WITH_KNOTS('',1,(#11477,#11478),.UNSPECIFIED.,
  .F.,.F.,(2,2),(4.925,6.925),.PIECEWISE_BEZIER_KNOTS.);
#11477 = CARTESIAN_POINT('',(2.,9.85));
#11478 = CARTESIAN_POINT('',(2.,11.85));
#11479 = ( GEOMETRIC_REPRESENTATION_CONTEXT(2) 
PARAMETRIC_REPRESENTATION_CONTEXT() REPRESENTATION_CONTEXT('2D SPACE',''
  ) );
#11480 = ADVANCED_FACE('',(#11481),#6666,.T.);
#11481 = FACE_BOUND('',#11482,.T.);
#11482 = EDGE_LOOP('',(#11483,#11506,#11507,#11530));
#11483 = ORIENTED_EDGE('',*,*,#11484,.F.);
#11484 = EDGE_CURVE('',#6650,#11485,#11487,.T.);
#11485 = VERTEX_POINT('',#11486);
#11486 = CARTESIAN_POINT('',(61.7,60.6,-2.));
#11487 = SURFACE_CURVE('',#11488,(#11492,#11499),.PCURVE_S1.);
#11488 = LINE('',#11489,#11490);
#11489 = CARTESIAN_POINT('',(61.7,60.6,-2.41));
#11490 = VECTOR('',#11491,1.);
#11491 = DIRECTION('',(0.,0.,1.));
#11492 = PCURVE('',#6666,#11493);
#11493 = DEFINITIONAL_REPRESENTATION('',(#11494),#11498);
#11494 = LINE('',#11495,#11496);
#11495 = CARTESIAN_POINT('',(0.,28.));
#11496 = VECTOR('',#11497,1.);
#11497 = DIRECTION('',(1.,0.));
#11498 = ( GEOMETRIC_REPRESENTATION_CONTEXT(2) 
PARAMETRIC_REPRESENTATION_CONTEXT() REPRESENTATION_CONTEXT('2D SPACE',''
  ) );
#11499 = PCURVE('',#6742,#11500);
#11500 = DEFINITIONAL_REPRESENTATION('',(#11501),#11505);
#11501 = LINE('',#11502,#11503);
#11502 = CARTESIAN_POINT('',(0.,0.));
#11503 = VECTOR('',#11504,1.);
#11504 = DIRECTION('',(1.,0.));
#11505 = ( GEOMETRIC_REPRESENTATION_CONTEXT(2) 
PARAMETRIC_REPRESENTATION_CONTEXT() REPRESENTATION_CONTEXT('2D SPACE',''
  ) );
#11506 = ORIENTED_EDGE('',*,*,#6649,.T.);
#11507 = ORIENTED_EDGE('',*,*,#11508,.T.);
#11508 = EDGE_CURVE('',#6652,#11509,#11511,.T.);
#11509 = VERTEX_POINT('',#11510);
#11510 = CARTESIAN_POINT('',(33.7,60.6,-2.));
#11511 = SURFACE_CURVE('',#11512,(#11516,#11523),.PCURVE_S1.);
#11512 = LINE('',#11513,#11514);
#11513 = CARTESIAN_POINT('',(33.7,60.6,-2.41));
#11514 = VECTOR('',#11515,1.);
#11515 = DIRECTION('',(0.,0.,1.));
#11516 = PCURVE('',#6666,#11517);
#11517 = DEFINITIONAL_REPRESENTATION('',(#11518),#11522);
#11518 = LINE('',#11519,#11520);
#11519 = CARTESIAN_POINT('',(0.,0.));
#11520 = VECTOR('',#11521,1.);
#11521 = DIRECTION('',(1.,0.));
#11522 = ( GEOMETRIC_REPRESENTATION_CONTEXT(2) 
PARAMETRIC_REPRESENTATION_CONTEXT() REPRESENTATION_CONTEXT('2D SPACE',''
  ) );
#11523 = PCURVE('',#6692,#11524);
#11524 = DEFINITIONAL_REPRESENTATION('',(#11525),#11529);
#11525 = LINE('',#11526,#11527);
#11526 = CARTESIAN_POINT('',(0.,0.));
#11527 = VECTOR('',#11528,1.);
#11528 = DIRECTION('',(1.,0.));
#11529 = ( GEOMETRIC_REPRESENTATION_CONTEXT(2) 
PARAMETRIC_REPRESENTATION_CONTEXT() REPRESENTATION_CONTEXT('2D SPACE',''
  ) );
#11530 = ORIENTED_EDGE('',*,*,#11531,.T.);
#11531 = EDGE_CURVE('',#11509,#11485,#11532,.T.);
#11532 = SURFACE_CURVE('',#11533,(#11537,#11544),.PCURVE_S1.);
#11533 = LINE('',#11534,#11535);
#11534 = CARTESIAN_POINT('',(33.7,60.6,-2.));
#11535 = VECTOR('',#11536,1.);
#11536 = DIRECTION('',(1.,0.,-0.));
#11537 = PCURVE('',#6666,#11538);
#11538 = DEFINITIONAL_REPRESENTATION('',(#11539),#11543);
#11539 = LINE('',#11540,#11541);
#11540 = CARTESIAN_POINT('',(0.41,0.));
#11541 = VECTOR('',#11542,1.);
#11542 = DIRECTION('',(0.,1.));
#11543 = ( GEOMETRIC_REPRESENTATION_CONTEXT(2) 
PARAMETRIC_REPRESENTATION_CONTEXT() REPRESENTATION_CONTEXT('2D SPACE',''
  ) );
#11544 = PCURVE('',#11545,#11550);
#11545 = PLANE('',#11546);
#11546 = AXIS2_PLACEMENT_3D('',#11547,#11548,#11549);
#11547 = CARTESIAN_POINT('',(33.7,60.6,-2.));
#11548 = DIRECTION('',(0.,0.,1.));
#11549 = DIRECTION('',(1.,0.,-0.));
#11550 = DEFINITIONAL_REPRESENTATION('',(#11551),#11555);
#11551 = LINE('',#11552,#11553);
#11552 = CARTESIAN_POINT('',(0.,0.));
#11553 = VECTOR('',#11554,1.);
#11554 = DIRECTION('',(1.,0.));
#11555 = ( GEOMETRIC_REPRESENTATION_CONTEXT(2) 
PARAMETRIC_REPRESENTATION_CONTEXT() REPRESENTATION_CONTEXT('2D SPACE',''
  ) );
#11556 = ADVANCED_FACE('',(#11557),#6742,.F.);
#11557 = FACE_BOUND('',#11558,.F.);
#11558 = EDGE_LOOP('',(#11559,#11560,#11561,#11584));
#11559 = ORIENTED_EDGE('',*,*,#11484,.F.);
#11560 = ORIENTED_EDGE('',*,*,#6729,.T.);
#11561 = ORIENTED_EDGE('',*,*,#11562,.T.);
#11562 = EDGE_CURVE('',#6704,#11563,#11565,.T.);
#11563 = VERTEX_POINT('',#11564);
#11564 = CARTESIAN_POINT('',(61.7,88.6,-2.));
#11565 = SURFACE_CURVE('',#11566,(#11570,#11577),.PCURVE_S1.);
#11566 = LINE('',#11567,#11568);
#11567 = CARTESIAN_POINT('',(61.7,88.6,-2.41));
#11568 = VECTOR('',#11569,1.);
#11569 = DIRECTION('',(0.,0.,1.));
#11570 = PCURVE('',#6742,#11571);
#11571 = DEFINITIONAL_REPRESENTATION('',(#11572),#11576);
#11572 = LINE('',#11573,#11574);
#11573 = CARTESIAN_POINT('',(0.,-28.));
#11574 = VECTOR('',#11575,1.);
#11575 = DIRECTION('',(1.,0.));
#11576 = ( GEOMETRIC_REPRESENTATION_CONTEXT(2) 
PARAMETRIC_REPRESENTATION_CONTEXT() REPRESENTATION_CONTEXT('2D SPACE',''
  ) );
#11577 = PCURVE('',#6718,#11578);
#11578 = DEFINITIONAL_REPRESENTATION('',(#11579),#11583);
#11579 = LINE('',#11580,#11581);
#11580 = CARTESIAN_POINT('',(0.,28.));
#11581 = VECTOR('',#11582,1.);
#11582 = DIRECTION('',(1.,0.));
#11583 = ( GEOMETRIC_REPRESENTATION_CONTEXT(2) 
PARAMETRIC_REPRESENTATION_CONTEXT() REPRESENTATION_CONTEXT('2D SPACE',''
  ) );
#11584 = ORIENTED_EDGE('',*,*,#11585,.F.);
#11585 = EDGE_CURVE('',#11485,#11563,#11586,.T.);
#11586 = SURFACE_CURVE('',#11587,(#11591,#11598),.PCURVE_S1.);
#11587 = LINE('',#11588,#11589);
#11588 = CARTESIAN_POINT('',(61.7,60.6,-2.));
#11589 = VECTOR('',#11590,1.);
#11590 = DIRECTION('',(-0.,1.,0.));
#11591 = PCURVE('',#6742,#11592);
#11592 = DEFINITIONAL_REPRESENTATION('',(#11593),#11597);
#11593 = LINE('',#11594,#11595);
#11594 = CARTESIAN_POINT('',(0.41,0.));
#11595 = VECTOR('',#11596,1.);
#11596 = DIRECTION('',(0.,-1.));
#11597 = ( GEOMETRIC_REPRESENTATION_CONTEXT(2) 
PARAMETRIC_REPRESENTATION_CONTEXT() REPRESENTATION_CONTEXT('2D SPACE',''
  ) );
#11598 = PCURVE('',#11545,#11599);
#11599 = DEFINITIONAL_REPRESENTATION('',(#11600),#11604);
#11600 = LINE('',#11601,#11602);
#11601 = CARTESIAN_POINT('',(28.,0.));
#11602 = VECTOR('',#11603,1.);
#11603 = DIRECTION('',(0.,1.));
#11604 = ( GEOMETRIC_REPRESENTATION_CONTEXT(2) 
PARAMETRIC_REPRESENTATION_CONTEXT() REPRESENTATION_CONTEXT('2D SPACE',''
  ) );
#11605 = ADVANCED_FACE('',(#11606),#6718,.F.);
#11606 = FACE_BOUND('',#11607,.F.);
#11607 = EDGE_LOOP('',(#11608,#11609,#11610,#11633));
#11608 = ORIENTED_EDGE('',*,*,#11562,.F.);
#11609 = ORIENTED_EDGE('',*,*,#6703,.T.);
#11610 = ORIENTED_EDGE('',*,*,#11611,.T.);
#11611 = EDGE_CURVE('',#6678,#11612,#11614,.T.);
#11612 = VERTEX_POINT('',#11613);
#11613 = CARTESIAN_POINT('',(33.7,88.6,-2.));
#11614 = SURFACE_CURVE('',#11615,(#11619,#11626),.PCURVE_S1.);
#11615 = LINE('',#11616,#11617);
#11616 = CARTESIAN_POINT('',(33.7,88.6,-2.41));
#11617 = VECTOR('',#11618,1.);
#11618 = DIRECTION('',(0.,0.,1.));
#11619 = PCURVE('',#6718,#11620);
#11620 = DEFINITIONAL_REPRESENTATION('',(#11621),#11625);
#11621 = LINE('',#11622,#11623);
#11622 = CARTESIAN_POINT('',(0.,0.));
#11623 = VECTOR('',#11624,1.);
#11624 = DIRECTION('',(1.,0.));
#11625 = ( GEOMETRIC_REPRESENTATION_CONTEXT(2) 
PARAMETRIC_REPRESENTATION_CONTEXT() REPRESENTATION_CONTEXT('2D SPACE',''
  ) );
#11626 = PCURVE('',#6692,#11627);
#11627 = DEFINITIONAL_REPRESENTATION('',(#11628),#11632);
#11628 = LINE('',#11629,#11630);
#11629 = CARTESIAN_POINT('',(0.,-28.));
#11630 = VECTOR('',#11631,1.);
#11631 = DIRECTION('',(1.,0.));
#11632 = ( GEOMETRIC_REPRESENTATION_CONTEXT(2) 
PARAMETRIC_REPRESENTATION_CONTEXT() REPRESENTATION_CONTEXT('2D SPACE',''
  ) );
#11633 = ORIENTED_EDGE('',*,*,#11634,.T.);
#11634 = EDGE_CURVE('',#11612,#11563,#11635,.T.);
#11635 = SURFACE_CURVE('',#11636,(#11640,#11647),.PCURVE_S1.);
#11636 = LINE('',#11637,#11638);
#11637 = CARTESIAN_POINT('',(33.7,88.6,-2.));
#11638 = VECTOR('',#11639,1.);
#11639 = DIRECTION('',(1.,0.,-0.));
#11640 = PCURVE('',#6718,#11641);
#11641 = DEFINITIONAL_REPRESENTATION('',(#11642),#11646);
#11642 = LINE('',#11643,#11644);
#11643 = CARTESIAN_POINT('',(0.41,0.));
#11644 = VECTOR('',#11645,1.);
#11645 = DIRECTION('',(0.,1.));
#11646 = ( GEOMETRIC_REPRESENTATION_CONTEXT(2) 
PARAMETRIC_REPRESENTATION_CONTEXT() REPRESENTATION_CONTEXT('2D SPACE',''
  ) );
#11647 = PCURVE('',#11545,#11648);
#11648 = DEFINITIONAL_REPRESENTATION('',(#11649),#11653);
#11649 = LINE('',#11650,#11651);
#11650 = CARTESIAN_POINT('',(0.,28.));
#11651 = VECTOR('',#11652,1.);
#11652 = DIRECTION('',(1.,0.));
#11653 = ( GEOMETRIC_REPRESENTATION_CONTEXT(2) 
PARAMETRIC_REPRESENTATION_CONTEXT() REPRESENTATION_CONTEXT('2D SPACE',''
  ) );
#11654 = ADVANCED_FACE('',(#11655),#6692,.T.);
#11655 = FACE_BOUND('',#11656,.T.);
#11656 = EDGE_LOOP('',(#11657,#11658,#11659,#11660));
#11657 = ORIENTED_EDGE('',*,*,#11508,.F.);
#11658 = ORIENTED_EDGE('',*,*,#6677,.T.);
#11659 = ORIENTED_EDGE('',*,*,#11611,.T.);
#11660 = ORIENTED_EDGE('',*,*,#11661,.F.);
#11661 = EDGE_CURVE('',#11509,#11612,#11662,.T.);
#11662 = SURFACE_CURVE('',#11663,(#11667,#11674),.PCURVE_S1.);
#11663 = LINE('',#11664,#11665);
#11664 = CARTESIAN_POINT('',(33.7,60.6,-2.));
#11665 = VECTOR('',#11666,1.);
#11666 = DIRECTION('',(-0.,1.,0.));
#11667 = PCURVE('',#6692,#11668);
#11668 = DEFINITIONAL_REPRESENTATION('',(#11669),#11673);
#11669 = LINE('',#11670,#11671);
#11670 = CARTESIAN_POINT('',(0.41,0.));
#11671 = VECTOR('',#11672,1.);
#11672 = DIRECTION('',(0.,-1.));
#11673 = ( GEOMETRIC_REPRESENTATION_CONTEXT(2) 
PARAMETRIC_REPRESENTATION_CONTEXT() REPRESENTATION_CONTEXT('2D SPACE',''
  ) );
#11674 = PCURVE('',#11545,#11675);
#11675 = DEFINITIONAL_REPRESENTATION('',(#11676),#11680);
#11676 = LINE('',#11677,#11678);
#11677 = CARTESIAN_POINT('',(0.,0.));
#11678 = VECTOR('',#11679,1.);
#11679 = DIRECTION('',(0.,1.));
#11680 = ( GEOMETRIC_REPRESENTATION_CONTEXT(2) 
PARAMETRIC_REPRESENTATION_CONTEXT() REPRESENTATION_CONTEXT('2D SPACE',''
  ) );
#11681 = ADVANCED_FACE('',(#11682,#11739,#11770,#11801,#11807,#11813,
    #11819,#11850,#11881,#11887,#11893,#11899,#11905,#11911,#11917,
    #11923,#11954,#11985,#11991,#11997,#12003,#12009,#12040),#6847,.T.);
#11682 = FACE_BOUND('',#11683,.T.);
#11683 = EDGE_LOOP('',(#11684,#11685,#11686,#11687,#11688,#11689,#11717,
    #11738));
#11684 = ORIENTED_EDGE('',*,*,#6943,.F.);
#11685 = ORIENTED_EDGE('',*,*,#7062,.F.);
#11686 = ORIENTED_EDGE('',*,*,#7116,.T.);
#11687 = ORIENTED_EDGE('',*,*,#7272,.F.);
#11688 = ORIENTED_EDGE('',*,*,#7326,.T.);
#11689 = ORIENTED_EDGE('',*,*,#11690,.F.);
#11690 = EDGE_CURVE('',#11691,#7327,#11693,.T.);
#11691 = VERTEX_POINT('',#11692);
#11692 = CARTESIAN_POINT('',(58.4,88.9,0.));
#11693 = SURFACE_CURVE('',#11694,(#11699,#11710),.PCURVE_S1.);
#11694 = CIRCLE('',#11695,3.6);
#11695 = AXIS2_PLACEMENT_3D('',#11696,#11697,#11698);
#11696 = CARTESIAN_POINT('',(58.4,85.3,0.));
#11697 = DIRECTION('',(0.,0.,-1.));
#11698 = DIRECTION('',(-1.,0.,0.));
#11699 = PCURVE('',#6847,#11700);
#11700 = DEFINITIONAL_REPRESENTATION('',(#11701),#11709);
#11701 = ( BOUNDED_CURVE() B_SPLINE_CURVE(2,(#11702,#11703,#11704,#11705
    ,#11706,#11707,#11708),.UNSPECIFIED.,.T.,.F.) 
B_SPLINE_CURVE_WITH_KNOTS((1,2,2,2,2,1),(-2.094395102393,0.,
    2.094395102393,4.188790204786,6.28318530718,8.377580409573),
.UNSPECIFIED.) CURVE() GEOMETRIC_REPRESENTATION_ITEM() 
RATIONAL_B_SPLINE_CURVE((1.,0.5,1.,0.5,1.,0.5,1.)) REPRESENTATION_ITEM(
  '') );
#11702 = CARTESIAN_POINT('',(23.8,40.85));
#11703 = CARTESIAN_POINT('',(23.8,47.085382907248));
#11704 = CARTESIAN_POINT('',(29.2,43.967691453624));
#11705 = CARTESIAN_POINT('',(34.6,40.85));
#11706 = CARTESIAN_POINT('',(29.2,37.732308546376));
#11707 = CARTESIAN_POINT('',(23.8,34.614617092752));
#11708 = CARTESIAN_POINT('',(23.8,40.85));
#11709 = ( GEOMETRIC_REPRESENTATION_CONTEXT(2) 
PARAMETRIC_REPRESENTATION_CONTEXT() REPRESENTATION_CONTEXT('2D SPACE',''
  ) );
#11710 = PCURVE('',#7407,#11711);
#11711 = DEFINITIONAL_REPRESENTATION('',(#11712),#11716);
#11712 = LINE('',#11713,#11714);
#11713 = CARTESIAN_POINT('',(0.,0.));
#11714 = VECTOR('',#11715,1.);
#11715 = DIRECTION('',(1.,0.));
#11716 = ( GEOMETRIC_REPRESENTATION_CONTEXT(2) 
PARAMETRIC_REPRESENTATION_CONTEXT() REPRESENTATION_CONTEXT('2D SPACE',''
  ) );
#11717 = ORIENTED_EDGE('',*,*,#11718,.F.);
#11718 = EDGE_CURVE('',#6831,#11691,#11719,.T.);
#11719 = SURFACE_CURVE('',#11720,(#11724,#11731),.PCURVE_S1.);
#11720 = LINE('',#11721,#11722);
#11721 = CARTESIAN_POINT('',(31.,88.9,0.));
#11722 = VECTOR('',#11723,1.);
#11723 = DIRECTION('',(1.,0.,0.));
#11724 = PCURVE('',#6847,#11725);
#11725 = DEFINITIONAL_REPRESENTATION('',(#11726),#11730);
#11726 = LINE('',#11727,#11728);
#11727 = CARTESIAN_POINT('',(-1.804250763715E-15,44.45));
#11728 = VECTOR('',#11729,1.);
#11729 = DIRECTION('',(1.,0.));
#11730 = ( GEOMETRIC_REPRESENTATION_CONTEXT(2) 
PARAMETRIC_REPRESENTATION_CONTEXT() REPRESENTATION_CONTEXT('2D SPACE',''
  ) );
#11731 = PCURVE('',#6928,#11732);
#11732 = DEFINITIONAL_REPRESENTATION('',(#11733),#11737);
#11733 = LINE('',#11734,#11735);
#11734 = CARTESIAN_POINT('',(27.4,0.));
#11735 = VECTOR('',#11736,1.);
#11736 = DIRECTION('',(1.,0.));
#11737 = ( GEOMETRIC_REPRESENTATION_CONTEXT(2) 
PARAMETRIC_REPRESENTATION_CONTEXT() REPRESENTATION_CONTEXT('2D SPACE',''
  ) );
#11738 = ORIENTED_EDGE('',*,*,#6828,.F.);
#11739 = FACE_BOUND('',#11740,.T.);
#11740 = EDGE_LOOP('',(#11741));
#11741 = ORIENTED_EDGE('',*,*,#11742,.F.);
#11742 = EDGE_CURVE('',#11743,#11743,#11745,.T.);
#11743 = VERTEX_POINT('',#11744);
#11744 = CARTESIAN_POINT('',(10.,6.3,0.));
#11745 = SURFACE_CURVE('',#11746,(#11751,#11758),.PCURVE_S1.);
#11746 = CIRCLE('',#11747,3.5);
#11747 = AXIS2_PLACEMENT_3D('',#11748,#11749,#11750);
#11748 = CARTESIAN_POINT('',(6.5,6.3,0.));
#11749 = DIRECTION('',(0.,0.,1.));
#11750 = DIRECTION('',(1.,0.,-0.));
#11751 = PCURVE('',#6847,#11752);
#11752 = DEFINITIONAL_REPRESENTATION('',(#11753),#11757);
#11753 = CIRCLE('',#11754,3.5);
#11754 = AXIS2_PLACEMENT_2D('',#11755,#11756);
#11755 = CARTESIAN_POINT('',(-24.5,-38.15));
#11756 = DIRECTION('',(1.,0.));
#11757 = ( GEOMETRIC_REPRESENTATION_CONTEXT(2) 
PARAMETRIC_REPRESENTATION_CONTEXT() REPRESENTATION_CONTEXT('2D SPACE',''
  ) );
#11758 = PCURVE('',#11759,#11764);
#11759 = CYLINDRICAL_SURFACE('',#11760,3.5);
#11760 = AXIS2_PLACEMENT_3D('',#11761,#11762,#11763);
#11761 = CARTESIAN_POINT('',(6.5,6.3,-1.E-02));
#11762 = DIRECTION('',(0.,0.,1.));
#11763 = DIRECTION('',(1.,0.,-0.));
#11764 = DEFINITIONAL_REPRESENTATION('',(#11765),#11769);
#11765 = LINE('',#11766,#11767);
#11766 = CARTESIAN_POINT('',(0.,1.E-02));
#11767 = VECTOR('',#11768,1.);
#11768 = DIRECTION('',(1.,0.));
#11769 = ( GEOMETRIC_REPRESENTATION_CONTEXT(2) 
PARAMETRIC_REPRESENTATION_CONTEXT() REPRESENTATION_CONTEXT('2D SPACE',''
  ) );
#11770 = FACE_BOUND('',#11771,.T.);
#11771 = EDGE_LOOP('',(#11772));
#11772 = ORIENTED_EDGE('',*,*,#11773,.F.);
#11773 = EDGE_CURVE('',#11774,#11774,#11776,.T.);
#11774 = VERTEX_POINT('',#11775);
#11775 = CARTESIAN_POINT('',(19.6,14.3,0.));
#11776 = SURFACE_CURVE('',#11777,(#11782,#11789),.PCURVE_S1.);
#11777 = CIRCLE('',#11778,5.3);
#11778 = AXIS2_PLACEMENT_3D('',#11779,#11780,#11781);
#11779 = CARTESIAN_POINT('',(14.3,14.3,0.));
#11780 = DIRECTION('',(0.,0.,1.));
#11781 = DIRECTION('',(1.,0.,-0.));
#11782 = PCURVE('',#6847,#11783);
#11783 = DEFINITIONAL_REPRESENTATION('',(#11784),#11788);
#11784 = CIRCLE('',#11785,5.3);
#11785 = AXIS2_PLACEMENT_2D('',#11786,#11787);
#11786 = CARTESIAN_POINT('',(-16.7,-30.15));
#11787 = DIRECTION('',(1.,0.));
#11788 = ( GEOMETRIC_REPRESENTATION_CONTEXT(2) 
PARAMETRIC_REPRESENTATION_CONTEXT() REPRESENTATION_CONTEXT('2D SPACE',''
  ) );
#11789 = PCURVE('',#11790,#11795);
#11790 = CYLINDRICAL_SURFACE('',#11791,5.3);
#11791 = AXIS2_PLACEMENT_3D('',#11792,#11793,#11794);
#11792 = CARTESIAN_POINT('',(14.3,14.3,-1.E-02));
#11793 = DIRECTION('',(0.,0.,1.));
#11794 = DIRECTION('',(1.,0.,-0.));
#11795 = DEFINITIONAL_REPRESENTATION('',(#11796),#11800);
#11796 = LINE('',#11797,#11798);
#11797 = CARTESIAN_POINT('',(0.,1.E-02));
#11798 = VECTOR('',#11799,1.);
#11799 = DIRECTION('',(1.,0.));
#11800 = ( GEOMETRIC_REPRESENTATION_CONTEXT(2) 
PARAMETRIC_REPRESENTATION_CONTEXT() REPRESENTATION_CONTEXT('2D SPACE',''
  ) );
#11801 = FACE_BOUND('',#11802,.T.);
#11802 = EDGE_LOOP('',(#11803,#11804,#11805,#11806));
#11803 = ORIENTED_EDGE('',*,*,#8497,.T.);
#11804 = ORIENTED_EDGE('',*,*,#8616,.T.);
#11805 = ORIENTED_EDGE('',*,*,#8591,.F.);
#11806 = ORIENTED_EDGE('',*,*,#8544,.F.);
#11807 = FACE_BOUND('',#11808,.T.);
#11808 = EDGE_LOOP('',(#11809,#11810,#11811,#11812));
#11809 = ORIENTED_EDGE('',*,*,#8685,.T.);
#11810 = ORIENTED_EDGE('',*,*,#8804,.T.);
#11811 = ORIENTED_EDGE('',*,*,#8779,.F.);
#11812 = ORIENTED_EDGE('',*,*,#8732,.F.);
#11813 = FACE_BOUND('',#11814,.T.);
#11814 = EDGE_LOOP('',(#11815,#11816,#11817,#11818));
#11815 = ORIENTED_EDGE('',*,*,#8873,.T.);
#11816 = ORIENTED_EDGE('',*,*,#8992,.T.);
#11817 = ORIENTED_EDGE('',*,*,#8967,.F.);
#11818 = ORIENTED_EDGE('',*,*,#8920,.F.);
#11819 = FACE_BOUND('',#11820,.T.);
#11820 = EDGE_LOOP('',(#11821));
#11821 = ORIENTED_EDGE('',*,*,#11822,.F.);
#11822 = EDGE_CURVE('',#11823,#11823,#11825,.T.);
#11823 = VERTEX_POINT('',#11824);
#11824 = CARTESIAN_POINT('',(59.,6.3,0.));
#11825 = SURFACE_CURVE('',#11826,(#11831,#11838),.PCURVE_S1.);
#11826 = CIRCLE('',#11827,3.5);
#11827 = AXIS2_PLACEMENT_3D('',#11828,#11829,#11830);
#11828 = CARTESIAN_POINT('',(55.5,6.3,0.));
#11829 = DIRECTION('',(0.,0.,1.));
#11830 = DIRECTION('',(1.,0.,-0.));
#11831 = PCURVE('',#6847,#11832);
#11832 = DEFINITIONAL_REPRESENTATION('',(#11833),#11837);
#11833 = CIRCLE('',#11834,3.5);
#11834 = AXIS2_PLACEMENT_2D('',#11835,#11836);
#11835 = CARTESIAN_POINT('',(24.5,-38.15));
#11836 = DIRECTION('',(1.,0.));
#11837 = ( GEOMETRIC_REPRESENTATION_CONTEXT(2) 
PARAMETRIC_REPRESENTATION_CONTEXT() REPRESENTATION_CONTEXT('2D SPACE',''
  ) );
#11838 = PCURVE('',#11839,#11844);
#11839 = CYLINDRICAL_SURFACE('',#11840,3.5);
#11840 = AXIS2_PLACEMENT_3D('',#11841,#11842,#11843);
#11841 = CARTESIAN_POINT('',(55.5,6.3,-1.E-02));
#11842 = DIRECTION('',(0.,0.,1.));
#11843 = DIRECTION('',(1.,0.,-0.));
#11844 = DEFINITIONAL_REPRESENTATION('',(#11845),#11849);
#11845 = LINE('',#11846,#11847);
#11846 = CARTESIAN_POINT('',(0.,1.E-02));
#11847 = VECTOR('',#11848,1.);
#11848 = DIRECTION('',(1.,0.));
#11849 = ( GEOMETRIC_REPRESENTATION_CONTEXT(2) 
PARAMETRIC_REPRESENTATION_CONTEXT() REPRESENTATION_CONTEXT('2D SPACE',''
  ) );
#11850 = FACE_BOUND('',#11851,.T.);
#11851 = EDGE_LOOP('',(#11852));
#11852 = ORIENTED_EDGE('',*,*,#11853,.F.);
#11853 = EDGE_CURVE('',#11854,#11854,#11856,.T.);
#11854 = VERTEX_POINT('',#11855);
#11855 = CARTESIAN_POINT('',(53.,14.3,0.));
#11856 = SURFACE_CURVE('',#11857,(#11862,#11869),.PCURVE_S1.);
#11857 = CIRCLE('',#11858,5.3);
#11858 = AXIS2_PLACEMENT_3D('',#11859,#11860,#11861);
#11859 = CARTESIAN_POINT('',(47.7,14.3,0.));
#11860 = DIRECTION('',(0.,0.,1.));
#11861 = DIRECTION('',(1.,0.,-0.));
#11862 = PCURVE('',#6847,#11863);
#11863 = DEFINITIONAL_REPRESENTATION('',(#11864),#11868);
#11864 = CIRCLE('',#11865,5.3);
#11865 = AXIS2_PLACEMENT_2D('',#11866,#11867);
#11866 = CARTESIAN_POINT('',(16.7,-30.15));
#11867 = DIRECTION('',(1.,0.));
#11868 = ( GEOMETRIC_REPRESENTATION_CONTEXT(2) 
PARAMETRIC_REPRESENTATION_CONTEXT() REPRESENTATION_CONTEXT('2D SPACE',''
  ) );
#11869 = PCURVE('',#11870,#11875);
#11870 = CYLINDRICAL_SURFACE('',#11871,5.3);
#11871 = AXIS2_PLACEMENT_3D('',#11872,#11873,#11874);
#11872 = CARTESIAN_POINT('',(47.7,14.3,-1.E-02));
#11873 = DIRECTION('',(0.,0.,1.));
#11874 = DIRECTION('',(1.,0.,-0.));
#11875 = DEFINITIONAL_REPRESENTATION('',(#11876),#11880);
#11876 = LINE('',#11877,#11878);
#11877 = CARTESIAN_POINT('',(0.,1.E-02));
#11878 = VECTOR('',#11879,1.);
#11879 = DIRECTION('',(1.,0.));
#11880 = ( GEOMETRIC_REPRESENTATION_CONTEXT(2) 
PARAMETRIC_REPRESENTATION_CONTEXT() REPRESENTATION_CONTEXT('2D SPACE',''
  ) );
#11881 = FACE_BOUND('',#11882,.T.);
#11882 = EDGE_LOOP('',(#11883,#11884,#11885,#11886));
#11883 = ORIENTED_EDGE('',*,*,#9450,.T.);
#11884 = ORIENTED_EDGE('',*,*,#9569,.T.);
#11885 = ORIENTED_EDGE('',*,*,#9544,.F.);
#11886 = ORIENTED_EDGE('',*,*,#9497,.F.);
#11887 = FACE_BOUND('',#11888,.T.);
#11888 = EDGE_LOOP('',(#11889,#11890,#11891,#11892));
#11889 = ORIENTED_EDGE('',*,*,#9638,.T.);
#11890 = ORIENTED_EDGE('',*,*,#9757,.T.);
#11891 = ORIENTED_EDGE('',*,*,#9732,.F.);
#11892 = ORIENTED_EDGE('',*,*,#9685,.F.);
#11893 = FACE_BOUND('',#11894,.T.);
#11894 = EDGE_LOOP('',(#11895,#11896,#11897,#11898));
#11895 = ORIENTED_EDGE('',*,*,#9826,.T.);
#11896 = ORIENTED_EDGE('',*,*,#9945,.T.);
#11897 = ORIENTED_EDGE('',*,*,#9920,.F.);
#11898 = ORIENTED_EDGE('',*,*,#9873,.F.);
#11899 = FACE_BOUND('',#11900,.T.);
#11900 = EDGE_LOOP('',(#11901,#11902,#11903,#11904));
#11901 = ORIENTED_EDGE('',*,*,#9061,.T.);
#11902 = ORIENTED_EDGE('',*,*,#9180,.T.);
#11903 = ORIENTED_EDGE('',*,*,#9155,.F.);
#11904 = ORIENTED_EDGE('',*,*,#9108,.F.);
#11905 = FACE_BOUND('',#11906,.T.);
#11906 = EDGE_LOOP('',(#11907,#11908,#11909,#11910));
#11907 = ORIENTED_EDGE('',*,*,#10202,.T.);
#11908 = ORIENTED_EDGE('',*,*,#10321,.T.);
#11909 = ORIENTED_EDGE('',*,*,#10296,.F.);
#11910 = ORIENTED_EDGE('',*,*,#10249,.F.);
#11911 = FACE_BOUND('',#11912,.T.);
#11912 = EDGE_LOOP('',(#11913,#11914,#11915,#11916));
#11913 = ORIENTED_EDGE('',*,*,#10390,.T.);
#11914 = ORIENTED_EDGE('',*,*,#10509,.T.);
#11915 = ORIENTED_EDGE('',*,*,#10484,.F.);
#11916 = ORIENTED_EDGE('',*,*,#10437,.F.);
#11917 = FACE_BOUND('',#11918,.T.);
#11918 = EDGE_LOOP('',(#11919,#11920,#11921,#11922));
#11919 = ORIENTED_EDGE('',*,*,#10578,.T.);
#11920 = ORIENTED_EDGE('',*,*,#10697,.T.);
#11921 = ORIENTED_EDGE('',*,*,#10672,.F.);
#11922 = ORIENTED_EDGE('',*,*,#10625,.F.);
#11923 = FACE_BOUND('',#11924,.T.);
#11924 = EDGE_LOOP('',(#11925));
#11925 = ORIENTED_EDGE('',*,*,#11926,.F.);
#11926 = EDGE_CURVE('',#11927,#11927,#11929,.T.);
#11927 = VERTEX_POINT('',#11928);
#11928 = CARTESIAN_POINT('',(10.,64.3,0.));
#11929 = SURFACE_CURVE('',#11930,(#11935,#11942),.PCURVE_S1.);
#11930 = CIRCLE('',#11931,3.5);
#11931 = AXIS2_PLACEMENT_3D('',#11932,#11933,#11934);
#11932 = CARTESIAN_POINT('',(6.5,64.3,0.));
#11933 = DIRECTION('',(0.,0.,1.));
#11934 = DIRECTION('',(1.,0.,-0.));
#11935 = PCURVE('',#6847,#11936);
#11936 = DEFINITIONAL_REPRESENTATION('',(#11937),#11941);
#11937 = CIRCLE('',#11938,3.5);
#11938 = AXIS2_PLACEMENT_2D('',#11939,#11940);
#11939 = CARTESIAN_POINT('',(-24.5,19.85));
#11940 = DIRECTION('',(1.,0.));
#11941 = ( GEOMETRIC_REPRESENTATION_CONTEXT(2) 
PARAMETRIC_REPRESENTATION_CONTEXT() REPRESENTATION_CONTEXT('2D SPACE',''
  ) );
#11942 = PCURVE('',#11943,#11948);
#11943 = CYLINDRICAL_SURFACE('',#11944,3.5);
#11944 = AXIS2_PLACEMENT_3D('',#11945,#11946,#11947);
#11945 = CARTESIAN_POINT('',(6.5,64.3,-1.E-02));
#11946 = DIRECTION('',(0.,0.,1.));
#11947 = DIRECTION('',(1.,0.,-0.));
#11948 = DEFINITIONAL_REPRESENTATION('',(#11949),#11953);
#11949 = LINE('',#11950,#11951);
#11950 = CARTESIAN_POINT('',(0.,1.E-02));
#11951 = VECTOR('',#11952,1.);
#11952 = DIRECTION('',(1.,0.));
#11953 = ( GEOMETRIC_REPRESENTATION_CONTEXT(2) 
PARAMETRIC_REPRESENTATION_CONTEXT() REPRESENTATION_CONTEXT('2D SPACE',''
  ) );
#11954 = FACE_BOUND('',#11955,.T.);
#11955 = EDGE_LOOP('',(#11956));
#11956 = ORIENTED_EDGE('',*,*,#11957,.F.);
#11957 = EDGE_CURVE('',#11958,#11958,#11960,.T.);
#11958 = VERTEX_POINT('',#11959);
#11959 = CARTESIAN_POINT('',(19.6,74.6,0.));
#11960 = SURFACE_CURVE('',#11961,(#11966,#11973),.PCURVE_S1.);
#11961 = CIRCLE('',#11962,5.3);
#11962 = AXIS2_PLACEMENT_3D('',#11963,#11964,#11965);
#11963 = CARTESIAN_POINT('',(14.3,74.6,0.));
#11964 = DIRECTION('',(0.,0.,1.));
#11965 = DIRECTION('',(1.,0.,-0.));
#11966 = PCURVE('',#6847,#11967);
#11967 = DEFINITIONAL_REPRESENTATION('',(#11968),#11972);
#11968 = CIRCLE('',#11969,5.3);
#11969 = AXIS2_PLACEMENT_2D('',#11970,#11971);
#11970 = CARTESIAN_POINT('',(-16.7,30.15));
#11971 = DIRECTION('',(1.,0.));
#11972 = ( GEOMETRIC_REPRESENTATION_CONTEXT(2) 
PARAMETRIC_REPRESENTATION_CONTEXT() REPRESENTATION_CONTEXT('2D SPACE',''
  ) );
#11973 = PCURVE('',#11974,#11979);
#11974 = CYLINDRICAL_SURFACE('',#11975,5.3);
#11975 = AXIS2_PLACEMENT_3D('',#11976,#11977,#11978);
#11976 = CARTESIAN_POINT('',(14.3,74.6,-1.E-02));
#11977 = DIRECTION('',(0.,0.,1.));
#11978 = DIRECTION('',(1.,0.,-0.));
#11979 = DEFINITIONAL_REPRESENTATION('',(#11980),#11984);
#11980 = LINE('',#11981,#11982);
#11981 = CARTESIAN_POINT('',(0.,1.E-02));
#11982 = VECTOR('',#11983,1.);
#11983 = DIRECTION('',(1.,0.));
#11984 = ( GEOMETRIC_REPRESENTATION_CONTEXT(2) 
PARAMETRIC_REPRESENTATION_CONTEXT() REPRESENTATION_CONTEXT('2D SPACE',''
  ) );
#11985 = FACE_BOUND('',#11986,.T.);
#11986 = EDGE_LOOP('',(#11987,#11988,#11989,#11990));
#11987 = ORIENTED_EDGE('',*,*,#10014,.T.);
#11988 = ORIENTED_EDGE('',*,*,#10133,.T.);
#11989 = ORIENTED_EDGE('',*,*,#10108,.F.);
#11990 = ORIENTED_EDGE('',*,*,#10061,.F.);
#11991 = FACE_BOUND('',#11992,.T.);
#11992 = EDGE_LOOP('',(#11993,#11994,#11995,#11996));
#11993 = ORIENTED_EDGE('',*,*,#10967,.T.);
#11994 = ORIENTED_EDGE('',*,*,#11086,.T.);
#11995 = ORIENTED_EDGE('',*,*,#11061,.F.);
#11996 = ORIENTED_EDGE('',*,*,#11014,.F.);
#11997 = FACE_BOUND('',#11998,.T.);
#11998 = EDGE_LOOP('',(#11999,#12000,#12001,#12002));
#11999 = ORIENTED_EDGE('',*,*,#11155,.T.);
#12000 = ORIENTED_EDGE('',*,*,#11274,.T.);
#12001 = ORIENTED_EDGE('',*,*,#11249,.F.);
#12002 = ORIENTED_EDGE('',*,*,#11202,.F.);
#12003 = FACE_BOUND('',#12004,.T.);
#12004 = EDGE_LOOP('',(#12005,#12006,#12007,#12008));
#12005 = ORIENTED_EDGE('',*,*,#11343,.T.);
#12006 = ORIENTED_EDGE('',*,*,#11462,.T.);
#12007 = ORIENTED_EDGE('',*,*,#11437,.F.);
#12008 = ORIENTED_EDGE('',*,*,#11390,.F.);
#12009 = FACE_BOUND('',#12010,.T.);
#12010 = EDGE_LOOP('',(#12011));
#12011 = ORIENTED_EDGE('',*,*,#12012,.F.);
#12012 = EDGE_CURVE('',#12013,#12013,#12015,.T.);
#12013 = VERTEX_POINT('',#12014);
#12014 = CARTESIAN_POINT('',(59.,64.3,0.));
#12015 = SURFACE_CURVE('',#12016,(#12021,#12028),.PCURVE_S1.);
#12016 = CIRCLE('',#12017,3.5);
#12017 = AXIS2_PLACEMENT_3D('',#12018,#12019,#12020);
#12018 = CARTESIAN_POINT('',(55.5,64.3,0.));
#12019 = DIRECTION('',(0.,0.,1.));
#12020 = DIRECTION('',(1.,0.,-0.));
#12021 = PCURVE('',#6847,#12022);
#12022 = DEFINITIONAL_REPRESENTATION('',(#12023),#12027);
#12023 = CIRCLE('',#12024,3.5);
#12024 = AXIS2_PLACEMENT_2D('',#12025,#12026);
#12025 = CARTESIAN_POINT('',(24.5,19.85));
#12026 = DIRECTION('',(1.,0.));
#12027 = ( GEOMETRIC_REPRESENTATION_CONTEXT(2) 
PARAMETRIC_REPRESENTATION_CONTEXT() REPRESENTATION_CONTEXT('2D SPACE',''
  ) );
#12028 = PCURVE('',#12029,#12034);
#12029 = CYLINDRICAL_SURFACE('',#12030,3.5);
#12030 = AXIS2_PLACEMENT_3D('',#12031,#12032,#12033);
#12031 = CARTESIAN_POINT('',(55.5,64.3,-1.E-02));
#12032 = DIRECTION('',(0.,0.,1.));
#12033 = DIRECTION('',(1.,0.,-0.));
#12034 = DEFINITIONAL_REPRESENTATION('',(#12035),#12039);
#12035 = LINE('',#12036,#12037);
#12036 = CARTESIAN_POINT('',(0.,1.E-02));
#12037 = VECTOR('',#12038,1.);
#12038 = DIRECTION('',(1.,0.));
#12039 = ( GEOMETRIC_REPRESENTATION_CONTEXT(2) 
PARAMETRIC_REPRESENTATION_CONTEXT() REPRESENTATION_CONTEXT('2D SPACE',''
  ) );
#12040 = FACE_BOUND('',#12041,.T.);
#12041 = EDGE_LOOP('',(#12042));
#12042 = ORIENTED_EDGE('',*,*,#12043,.F.);
#12043 = EDGE_CURVE('',#12044,#12044,#12046,.T.);
#12044 = VERTEX_POINT('',#12045);
#12045 = CARTESIAN_POINT('',(53.,74.6,0.));
#12046 = SURFACE_CURVE('',#12047,(#12052,#12059),.PCURVE_S1.);
#12047 = CIRCLE('',#12048,5.3);
#12048 = AXIS2_PLACEMENT_3D('',#12049,#12050,#12051);
#12049 = CARTESIAN_POINT('',(47.7,74.6,0.));
#12050 = DIRECTION('',(0.,0.,1.));
#12051 = DIRECTION('',(1.,0.,-0.));
#12052 = PCURVE('',#6847,#12053);
#12053 = DEFINITIONAL_REPRESENTATION('',(#12054),#12058);
#12054 = CIRCLE('',#12055,5.3);
#12055 = AXIS2_PLACEMENT_2D('',#12056,#12057);
#12056 = CARTESIAN_POINT('',(16.7,30.15));
#12057 = DIRECTION('',(1.,0.));
#12058 = ( GEOMETRIC_REPRESENTATION_CONTEXT(2) 
PARAMETRIC_REPRESENTATION_CONTEXT() REPRESENTATION_CONTEXT('2D SPACE',''
  ) );
#12059 = PCURVE('',#12060,#12065);
#12060 = CYLINDRICAL_SURFACE('',#12061,5.3);
#12061 = AXIS2_PLACEMENT_3D('',#12062,#12063,#12064);
#12062 = CARTESIAN_POINT('',(47.7,74.6,-1.E-02));
#12063 = DIRECTION('',(0.,0.,1.));
#12064 = DIRECTION('',(1.,0.,-0.));
#12065 = DEFINITIONAL_REPRESENTATION('',(#12066),#12070);
#12066 = LINE('',#12067,#12068);
#12067 = CARTESIAN_POINT('',(0.,1.E-02));
#12068 = VECTOR('',#12069,1.);
#12069 = DIRECTION('',(1.,0.));
#12070 = ( GEOMETRIC_REPRESENTATION_CONTEXT(2) 
PARAMETRIC_REPRESENTATION_CONTEXT() REPRESENTATION_CONTEXT('2D SPACE',''
  ) );
#12071 = ADVANCED_FACE('',(#12072),#6928,.F.);
#12072 = FACE_BOUND('',#12073,.F.);
#12073 = EDGE_LOOP('',(#12074,#12075,#12076,#12077));
#12074 = ORIENTED_EDGE('',*,*,#11718,.F.);
#12075 = ORIENTED_EDGE('',*,*,#6914,.T.);
#12076 = ORIENTED_EDGE('',*,*,#7836,.T.);
#12077 = ORIENTED_EDGE('',*,*,#12078,.F.);
#12078 = EDGE_CURVE('',#11691,#7837,#12079,.T.);
#12079 = SURFACE_CURVE('',#12080,(#12084,#12091),.PCURVE_S1.);
#12080 = LINE('',#12081,#12082);
#12081 = CARTESIAN_POINT('',(58.4,88.9,0.));
#12082 = VECTOR('',#12083,1.);
#12083 = DIRECTION('',(0.,0.,1.));
#12084 = PCURVE('',#6928,#12085);
#12085 = DEFINITIONAL_REPRESENTATION('',(#12086),#12090);
#12086 = LINE('',#12087,#12088);
#12087 = CARTESIAN_POINT('',(54.8,0.));
#12088 = VECTOR('',#12089,1.);
#12089 = DIRECTION('',(0.,-1.));
#12090 = ( GEOMETRIC_REPRESENTATION_CONTEXT(2) 
PARAMETRIC_REPRESENTATION_CONTEXT() REPRESENTATION_CONTEXT('2D SPACE',''
  ) );
#12091 = PCURVE('',#7407,#12092);
#12092 = DEFINITIONAL_REPRESENTATION('',(#12093),#12097);
#12093 = LINE('',#12094,#12095);
#12094 = CARTESIAN_POINT('',(1.570796326795,0.));
#12095 = VECTOR('',#12096,1.);
#12096 = DIRECTION('',(0.,-1.));
#12097 = ( GEOMETRIC_REPRESENTATION_CONTEXT(2) 
PARAMETRIC_REPRESENTATION_CONTEXT() REPRESENTATION_CONTEXT('2D SPACE',''
  ) );
#12098 = ADVANCED_FACE('',(#12099),#7407,.F.);
#12099 = FACE_BOUND('',#12100,.F.);
#12100 = EDGE_LOOP('',(#12101,#12102,#12103,#12104));
#12101 = ORIENTED_EDGE('',*,*,#11690,.F.);
#12102 = ORIENTED_EDGE('',*,*,#12078,.T.);
#12103 = ORIENTED_EDGE('',*,*,#7857,.T.);
#12104 = ORIENTED_EDGE('',*,*,#7393,.F.);
#12105 = ADVANCED_FACE('',(#12106),#7438,.T.);
#12106 = FACE_BOUND('',#12107,.T.);
#12107 = EDGE_LOOP('',(#12108,#12109,#12130,#12131));
#12108 = ORIENTED_EDGE('',*,*,#7421,.F.);
#12109 = ORIENTED_EDGE('',*,*,#12110,.T.);
#12110 = EDGE_CURVE('',#7422,#7699,#12111,.T.);
#12111 = SURFACE_CURVE('',#12112,(#12116,#12123),.PCURVE_S1.);
#12112 = LINE('',#12113,#12114);
#12113 = CARTESIAN_POINT('',(61.99,7.5,12.1));
#12114 = VECTOR('',#12115,1.);
#12115 = DIRECTION('',(1.,0.,0.));
#12116 = PCURVE('',#7438,#12117);
#12117 = DEFINITIONAL_REPRESENTATION('',(#12118),#12122);
#12118 = LINE('',#12119,#12120);
#12119 = CARTESIAN_POINT('',(0.,0.));
#12120 = VECTOR('',#12121,1.);
#12121 = DIRECTION('',(0.,-1.));
#12122 = ( GEOMETRIC_REPRESENTATION_CONTEXT(2) 
PARAMETRIC_REPRESENTATION_CONTEXT() REPRESENTATION_CONTEXT('2D SPACE',''
  ) );
#12123 = PCURVE('',#7540,#12124);
#12124 = DEFINITIONAL_REPRESENTATION('',(#12125),#12129);
#12125 = LINE('',#12126,#12127);
#12126 = CARTESIAN_POINT('',(9.192388155425,0.));
#12127 = VECTOR('',#12128,1.);
#12128 = DIRECTION('',(0.,-1.));
#12129 = ( GEOMETRIC_REPRESENTATION_CONTEXT(2) 
PARAMETRIC_REPRESENTATION_CONTEXT() REPRESENTATION_CONTEXT('2D SPACE',''
  ) );
#12130 = ORIENTED_EDGE('',*,*,#7698,.T.);
#12131 = ORIENTED_EDGE('',*,*,#12132,.F.);
#12132 = EDGE_CURVE('',#7424,#7701,#12133,.T.);
#12133 = SURFACE_CURVE('',#12134,(#12138,#12145),.PCURVE_S1.);
#12134 = LINE('',#12135,#12136);
#12135 = CARTESIAN_POINT('',(61.99,7.5,4.1));
#12136 = VECTOR('',#12137,1.);
#12137 = DIRECTION('',(1.,0.,0.));
#12138 = PCURVE('',#7438,#12139);
#12139 = DEFINITIONAL_REPRESENTATION('',(#12140),#12144);
#12140 = LINE('',#12141,#12142);
#12141 = CARTESIAN_POINT('',(8.,0.));
#12142 = VECTOR('',#12143,1.);
#12143 = DIRECTION('',(0.,-1.));
#12144 = ( GEOMETRIC_REPRESENTATION_CONTEXT(2) 
PARAMETRIC_REPRESENTATION_CONTEXT() REPRESENTATION_CONTEXT('2D SPACE',''
  ) );
#12145 = PCURVE('',#7464,#12146);
#12146 = DEFINITIONAL_REPRESENTATION('',(#12147),#12151);
#12147 = LINE('',#12148,#12149);
#12148 = CARTESIAN_POINT('',(0.,0.));
#12149 = VECTOR('',#12150,1.);
#12150 = DIRECTION('',(0.,-1.));
#12151 = ( GEOMETRIC_REPRESENTATION_CONTEXT(2) 
PARAMETRIC_REPRESENTATION_CONTEXT() REPRESENTATION_CONTEXT('2D SPACE',''
  ) );
#12152 = ADVANCED_FACE('',(#12153),#7540,.T.);
#12153 = FACE_BOUND('',#12154,.T.);
#12154 = EDGE_LOOP('',(#12155,#12156,#12177,#12178));
#12155 = ORIENTED_EDGE('',*,*,#7527,.F.);
#12156 = ORIENTED_EDGE('',*,*,#12157,.T.);
#12157 = EDGE_CURVE('',#7502,#7764,#12158,.T.);
#12158 = SURFACE_CURVE('',#12159,(#12163,#12170),.PCURVE_S1.);
#12159 = LINE('',#12160,#12161);
#12160 = CARTESIAN_POINT('',(61.99,14.,18.6));
#12161 = VECTOR('',#12162,1.);
#12162 = DIRECTION('',(1.,0.,0.));
#12163 = PCURVE('',#7540,#12164);
#12164 = DEFINITIONAL_REPRESENTATION('',(#12165),#12169);
#12165 = LINE('',#12166,#12167);
#12166 = CARTESIAN_POINT('',(0.,0.));
#12167 = VECTOR('',#12168,1.);
#12168 = DIRECTION('',(0.,-1.));
#12169 = ( GEOMETRIC_REPRESENTATION_CONTEXT(2) 
PARAMETRIC_REPRESENTATION_CONTEXT() REPRESENTATION_CONTEXT('2D SPACE',''
  ) );
#12170 = PCURVE('',#7516,#12171);
#12171 = DEFINITIONAL_REPRESENTATION('',(#12172),#12176);
#12172 = LINE('',#12173,#12174);
#12173 = CARTESIAN_POINT('',(9.192388155425,0.));
#12174 = VECTOR('',#12175,1.);
#12175 = DIRECTION('',(0.,-1.));
#12176 = ( GEOMETRIC_REPRESENTATION_CONTEXT(2) 
PARAMETRIC_REPRESENTATION_CONTEXT() REPRESENTATION_CONTEXT('2D SPACE',''
  ) );
#12177 = ORIENTED_EDGE('',*,*,#7784,.T.);
#12178 = ORIENTED_EDGE('',*,*,#12110,.F.);
#12179 = ADVANCED_FACE('',(#12180),#7516,.T.);
#12180 = FACE_BOUND('',#12181,.T.);
#12181 = EDGE_LOOP('',(#12182,#12183,#12204,#12205));
#12182 = ORIENTED_EDGE('',*,*,#7501,.F.);
#12183 = ORIENTED_EDGE('',*,*,#12184,.T.);
#12184 = EDGE_CURVE('',#7476,#7743,#12185,.T.);
#12185 = SURFACE_CURVE('',#12186,(#12190,#12197),.PCURVE_S1.);
#12186 = LINE('',#12187,#12188);
#12187 = CARTESIAN_POINT('',(61.99,20.5,12.1));
#12188 = VECTOR('',#12189,1.);
#12189 = DIRECTION('',(1.,0.,0.));
#12190 = PCURVE('',#7516,#12191);
#12191 = DEFINITIONAL_REPRESENTATION('',(#12192),#12196);
#12192 = LINE('',#12193,#12194);
#12193 = CARTESIAN_POINT('',(0.,0.));
#12194 = VECTOR('',#12195,1.);
#12195 = DIRECTION('',(0.,-1.));
#12196 = ( GEOMETRIC_REPRESENTATION_CONTEXT(2) 
PARAMETRIC_REPRESENTATION_CONTEXT() REPRESENTATION_CONTEXT('2D SPACE',''
  ) );
#12197 = PCURVE('',#7490,#12198);
#12198 = DEFINITIONAL_REPRESENTATION('',(#12199),#12203);
#12199 = LINE('',#12200,#12201);
#12200 = CARTESIAN_POINT('',(8.,0.));
#12201 = VECTOR('',#12202,1.);
#12202 = DIRECTION('',(0.,-1.));
#12203 = ( GEOMETRIC_REPRESENTATION_CONTEXT(2) 
PARAMETRIC_REPRESENTATION_CONTEXT() REPRESENTATION_CONTEXT('2D SPACE',''
  ) );
#12204 = ORIENTED_EDGE('',*,*,#7763,.T.);
#12205 = ORIENTED_EDGE('',*,*,#12157,.F.);
#12206 = ADVANCED_FACE('',(#12207),#7490,.T.);
#12207 = FACE_BOUND('',#12208,.T.);
#12208 = EDGE_LOOP('',(#12209,#12210,#12231,#12232));
#12209 = ORIENTED_EDGE('',*,*,#7475,.F.);
#12210 = ORIENTED_EDGE('',*,*,#12211,.T.);
#12211 = EDGE_CURVE('',#7450,#7722,#12212,.T.);
#12212 = SURFACE_CURVE('',#12213,(#12217,#12224),.PCURVE_S1.);
#12213 = LINE('',#12214,#12215);
#12214 = CARTESIAN_POINT('',(61.99,20.5,4.1));
#12215 = VECTOR('',#12216,1.);
#12216 = DIRECTION('',(1.,0.,0.));
#12217 = PCURVE('',#7490,#12218);
#12218 = DEFINITIONAL_REPRESENTATION('',(#12219),#12223);
#12219 = LINE('',#12220,#12221);
#12220 = CARTESIAN_POINT('',(0.,0.));
#12221 = VECTOR('',#12222,1.);
#12222 = DIRECTION('',(0.,-1.));
#12223 = ( GEOMETRIC_REPRESENTATION_CONTEXT(2) 
PARAMETRIC_REPRESENTATION_CONTEXT() REPRESENTATION_CONTEXT('2D SPACE',''
  ) );
#12224 = PCURVE('',#7464,#12225);
#12225 = DEFINITIONAL_REPRESENTATION('',(#12226),#12230);
#12226 = LINE('',#12227,#12228);
#12227 = CARTESIAN_POINT('',(13.,0.));
#12228 = VECTOR('',#12229,1.);
#12229 = DIRECTION('',(0.,-1.));
#12230 = ( GEOMETRIC_REPRESENTATION_CONTEXT(2) 
PARAMETRIC_REPRESENTATION_CONTEXT() REPRESENTATION_CONTEXT('2D SPACE',''
  ) );
#12231 = ORIENTED_EDGE('',*,*,#7742,.T.);
#12232 = ORIENTED_EDGE('',*,*,#12184,.F.);
#12233 = ADVANCED_FACE('',(#12234),#7464,.T.);
#12234 = FACE_BOUND('',#12235,.T.);
#12235 = EDGE_LOOP('',(#12236,#12237,#12238,#12239));
#12236 = ORIENTED_EDGE('',*,*,#7449,.F.);
#12237 = ORIENTED_EDGE('',*,*,#12132,.T.);
#12238 = ORIENTED_EDGE('',*,*,#7721,.T.);
#12239 = ORIENTED_EDGE('',*,*,#12211,.F.);
#12240 = ADVANCED_FACE('',(#12241),#7684,.T.);
#12241 = FACE_BOUND('',#12242,.F.);
#12242 = EDGE_LOOP('',(#12243,#12244,#12245,#12246));
#12243 = ORIENTED_EDGE('',*,*,#8197,.T.);
#12244 = ORIENTED_EDGE('',*,*,#7670,.T.);
#12245 = ORIENTED_EDGE('',*,*,#7886,.F.);
#12246 = ORIENTED_EDGE('',*,*,#7962,.F.);
#12247 = ADVANCED_FACE('',(#12248,#12254),#8310,.F.);
#12248 = FACE_BOUND('',#12249,.F.);
#12249 = EDGE_LOOP('',(#12250,#12251,#12252,#12253));
#12250 = ORIENTED_EDGE('',*,*,#8426,.F.);
#12251 = ORIENTED_EDGE('',*,*,#8296,.T.);
#12252 = ORIENTED_EDGE('',*,*,#8350,.T.);
#12253 = ORIENTED_EDGE('',*,*,#8399,.F.);
#12254 = FACE_BOUND('',#12255,.F.);
#12255 = EDGE_LOOP('',(#12256,#12284,#12310,#12336));
#12256 = ORIENTED_EDGE('',*,*,#12257,.T.);
#12257 = EDGE_CURVE('',#12258,#12260,#12262,.T.);
#12258 = VERTEX_POINT('',#12259);
#12259 = CARTESIAN_POINT('',(27.5,1.1,-2.));
#12260 = VERTEX_POINT('',#12261);
#12261 = CARTESIAN_POINT('',(1.1,1.1,-2.));
#12262 = SURFACE_CURVE('',#12263,(#12267,#12273),.PCURVE_S1.);
#12263 = LINE('',#12264,#12265);
#12264 = CARTESIAN_POINT('',(0.7,1.1,-2.));
#12265 = VECTOR('',#12266,1.);
#12266 = DIRECTION('',(-1.,-0.,0.));
#12267 = PCURVE('',#8310,#12268);
#12268 = DEFINITIONAL_REPRESENTATION('',(#12269),#12272);
#12269 = B_SPLINE_CURVE_WITH_KNOTS('',1,(#12270,#12271),.UNSPECIFIED.,
  .F.,.F.,(2,2),(-26.8,-0.4),.PIECEWISE_BEZIER_KNOTS.);
#12270 = CARTESIAN_POINT('',(27.2,0.8));
#12271 = CARTESIAN_POINT('',(0.8,0.8));
#12272 = ( GEOMETRIC_REPRESENTATION_CONTEXT(2) 
PARAMETRIC_REPRESENTATION_CONTEXT() REPRESENTATION_CONTEXT('2D SPACE',''
  ) );
#12273 = PCURVE('',#12274,#12279);
#12274 = PLANE('',#12275);
#12275 = AXIS2_PLACEMENT_3D('',#12276,#12277,#12278);
#12276 = CARTESIAN_POINT('',(1.1,1.1,-3.41));
#12277 = DIRECTION('',(-0.,1.,0.));
#12278 = DIRECTION('',(0.,0.,1.));
#12279 = DEFINITIONAL_REPRESENTATION('',(#12280),#12283);
#12280 = B_SPLINE_CURVE_WITH_KNOTS('',1,(#12281,#12282),.UNSPECIFIED.,
  .F.,.F.,(2,2),(-26.8,-0.4),.PIECEWISE_BEZIER_KNOTS.);
#12281 = CARTESIAN_POINT('',(1.41,26.4));
#12282 = CARTESIAN_POINT('',(1.41,0.));
#12283 = ( GEOMETRIC_REPRESENTATION_CONTEXT(2) 
PARAMETRIC_REPRESENTATION_CONTEXT() REPRESENTATION_CONTEXT('2D SPACE',''
  ) );
#12284 = ORIENTED_EDGE('',*,*,#12285,.T.);
#12285 = EDGE_CURVE('',#12260,#12286,#12288,.T.);
#12286 = VERTEX_POINT('',#12287);
#12287 = CARTESIAN_POINT('',(1.1,27.5,-2.));
#12288 = SURFACE_CURVE('',#12289,(#12293,#12299),.PCURVE_S1.);
#12289 = LINE('',#12290,#12291);
#12290 = CARTESIAN_POINT('',(1.1,0.7,-2.));
#12291 = VECTOR('',#12292,1.);
#12292 = DIRECTION('',(-0.,1.,0.));
#12293 = PCURVE('',#8310,#12294);
#12294 = DEFINITIONAL_REPRESENTATION('',(#12295),#12298);
#12295 = B_SPLINE_CURVE_WITH_KNOTS('',1,(#12296,#12297),.UNSPECIFIED.,
  .F.,.F.,(2,2),(0.4,26.8),.PIECEWISE_BEZIER_KNOTS.);
#12296 = CARTESIAN_POINT('',(0.8,0.8));
#12297 = CARTESIAN_POINT('',(0.8,27.2));
#12298 = ( GEOMETRIC_REPRESENTATION_CONTEXT(2) 
PARAMETRIC_REPRESENTATION_CONTEXT() REPRESENTATION_CONTEXT('2D SPACE',''
  ) );
#12299 = PCURVE('',#12300,#12305);
#12300 = PLANE('',#12301);
#12301 = AXIS2_PLACEMENT_3D('',#12302,#12303,#12304);
#12302 = CARTESIAN_POINT('',(1.1,1.1,-3.41));
#12303 = DIRECTION('',(1.,0.,-0.));
#12304 = DIRECTION('',(0.,0.,1.));
#12305 = DEFINITIONAL_REPRESENTATION('',(#12306),#12309);
#12306 = B_SPLINE_CURVE_WITH_KNOTS('',1,(#12307,#12308),.UNSPECIFIED.,
  .F.,.F.,(2,2),(0.4,26.8),.PIECEWISE_BEZIER_KNOTS.);
#12307 = CARTESIAN_POINT('',(1.41,0.));
#12308 = CARTESIAN_POINT('',(1.41,-26.4));
#12309 = ( GEOMETRIC_REPRESENTATION_CONTEXT(2) 
PARAMETRIC_REPRESENTATION_CONTEXT() REPRESENTATION_CONTEXT('2D SPACE',''
  ) );
#12310 = ORIENTED_EDGE('',*,*,#12311,.F.);
#12311 = EDGE_CURVE('',#12312,#12286,#12314,.T.);
#12312 = VERTEX_POINT('',#12313);
#12313 = CARTESIAN_POINT('',(27.5,27.5,-2.));
#12314 = SURFACE_CURVE('',#12315,(#12319,#12325),.PCURVE_S1.);
#12315 = LINE('',#12316,#12317);
#12316 = CARTESIAN_POINT('',(0.7,27.5,-2.));
#12317 = VECTOR('',#12318,1.);
#12318 = DIRECTION('',(-1.,-0.,0.));
#12319 = PCURVE('',#8310,#12320);
#12320 = DEFINITIONAL_REPRESENTATION('',(#12321),#12324);
#12321 = B_SPLINE_CURVE_WITH_KNOTS('',1,(#12322,#12323),.UNSPECIFIED.,
  .F.,.F.,(2,2),(-26.8,-0.4),.PIECEWISE_BEZIER_KNOTS.);
#12322 = CARTESIAN_POINT('',(27.2,27.2));
#12323 = CARTESIAN_POINT('',(0.8,27.2));
#12324 = ( GEOMETRIC_REPRESENTATION_CONTEXT(2) 
PARAMETRIC_REPRESENTATION_CONTEXT() REPRESENTATION_CONTEXT('2D SPACE',''
  ) );
#12325 = PCURVE('',#12326,#12331);
#12326 = PLANE('',#12327);
#12327 = AXIS2_PLACEMENT_3D('',#12328,#12329,#12330);
#12328 = CARTESIAN_POINT('',(1.1,27.5,-3.41));
#12329 = DIRECTION('',(-0.,1.,0.));
#12330 = DIRECTION('',(0.,0.,1.));
#12331 = DEFINITIONAL_REPRESENTATION('',(#12332),#12335);
#12332 = B_SPLINE_CURVE_WITH_KNOTS('',1,(#12333,#12334),.UNSPECIFIED.,
  .F.,.F.,(2,2),(-26.8,-0.4),.PIECEWISE_BEZIER_KNOTS.);
#12333 = CARTESIAN_POINT('',(1.41,26.4));
#12334 = CARTESIAN_POINT('',(1.41,0.));
#12335 = ( GEOMETRIC_REPRESENTATION_CONTEXT(2) 
PARAMETRIC_REPRESENTATION_CONTEXT() REPRESENTATION_CONTEXT('2D SPACE',''
  ) );
#12336 = ORIENTED_EDGE('',*,*,#12337,.F.);
#12337 = EDGE_CURVE('',#12258,#12312,#12338,.T.);
#12338 = SURFACE_CURVE('',#12339,(#12343,#12349),.PCURVE_S1.);
#12339 = LINE('',#12340,#12341);
#12340 = CARTESIAN_POINT('',(27.5,0.7,-2.));
#12341 = VECTOR('',#12342,1.);
#12342 = DIRECTION('',(-0.,1.,0.));
#12343 = PCURVE('',#8310,#12344);
#12344 = DEFINITIONAL_REPRESENTATION('',(#12345),#12348);
#12345 = B_SPLINE_CURVE_WITH_KNOTS('',1,(#12346,#12347),.UNSPECIFIED.,
  .F.,.F.,(2,2),(0.4,26.8),.PIECEWISE_BEZIER_KNOTS.);
#12346 = CARTESIAN_POINT('',(27.2,0.8));
#12347 = CARTESIAN_POINT('',(27.2,27.2));
#12348 = ( GEOMETRIC_REPRESENTATION_CONTEXT(2) 
PARAMETRIC_REPRESENTATION_CONTEXT() REPRESENTATION_CONTEXT('2D SPACE',''
  ) );
#12349 = PCURVE('',#12350,#12355);
#12350 = PLANE('',#12351);
#12351 = AXIS2_PLACEMENT_3D('',#12352,#12353,#12354);
#12352 = CARTESIAN_POINT('',(27.5,1.1,-3.41));
#12353 = DIRECTION('',(1.,0.,-0.));
#12354 = DIRECTION('',(0.,0.,1.));
#12355 = DEFINITIONAL_REPRESENTATION('',(#12356),#12359);
#12356 = B_SPLINE_CURVE_WITH_KNOTS('',1,(#12357,#12358),.UNSPECIFIED.,
  .F.,.F.,(2,2),(0.4,26.8),.PIECEWISE_BEZIER_KNOTS.);
#12357 = CARTESIAN_POINT('',(1.41,0.));
#12358 = CARTESIAN_POINT('',(1.41,-26.4));
#12359 = ( GEOMETRIC_REPRESENTATION_CONTEXT(2) 
PARAMETRIC_REPRESENTATION_CONTEXT() REPRESENTATION_CONTEXT('2D SPACE',''
  ) );
#12360 = ADVANCED_FACE('',(#12361,#12367),#9263,.F.);
#12361 = FACE_BOUND('',#12362,.F.);
#12362 = EDGE_LOOP('',(#12363,#12364,#12365,#12366));
#12363 = ORIENTED_EDGE('',*,*,#9379,.F.);
#12364 = ORIENTED_EDGE('',*,*,#9249,.T.);
#12365 = ORIENTED_EDGE('',*,*,#9303,.T.);
#12366 = ORIENTED_EDGE('',*,*,#9352,.F.);
#12367 = FACE_BOUND('',#12368,.F.);
#12368 = EDGE_LOOP('',(#12369,#12397,#12423,#12449));
#12369 = ORIENTED_EDGE('',*,*,#12370,.T.);
#12370 = EDGE_CURVE('',#12371,#12373,#12375,.T.);
#12371 = VERTEX_POINT('',#12372);
#12372 = CARTESIAN_POINT('',(60.9,1.1,-2.));
#12373 = VERTEX_POINT('',#12374);
#12374 = CARTESIAN_POINT('',(34.5,1.1,-2.));
#12375 = SURFACE_CURVE('',#12376,(#12380,#12386),.PCURVE_S1.);
#12376 = LINE('',#12377,#12378);
#12377 = CARTESIAN_POINT('',(34.1,1.1,-2.));
#12378 = VECTOR('',#12379,1.);
#12379 = DIRECTION('',(-1.,-0.,0.));
#12380 = PCURVE('',#9263,#12381);
#12381 = DEFINITIONAL_REPRESENTATION('',(#12382),#12385);
#12382 = B_SPLINE_CURVE_WITH_KNOTS('',1,(#12383,#12384),.UNSPECIFIED.,
  .F.,.F.,(2,2),(-26.8,-0.4),.PIECEWISE_BEZIER_KNOTS.);
#12383 = CARTESIAN_POINT('',(27.2,0.8));
#12384 = CARTESIAN_POINT('',(0.8,0.8));
#12385 = ( GEOMETRIC_REPRESENTATION_CONTEXT(2) 
PARAMETRIC_REPRESENTATION_CONTEXT() REPRESENTATION_CONTEXT('2D SPACE',''
  ) );
#12386 = PCURVE('',#12387,#12392);
#12387 = PLANE('',#12388);
#12388 = AXIS2_PLACEMENT_3D('',#12389,#12390,#12391);
#12389 = CARTESIAN_POINT('',(34.5,1.1,-3.41));
#12390 = DIRECTION('',(-0.,1.,0.));
#12391 = DIRECTION('',(0.,0.,1.));
#12392 = DEFINITIONAL_REPRESENTATION('',(#12393),#12396);
#12393 = B_SPLINE_CURVE_WITH_KNOTS('',1,(#12394,#12395),.UNSPECIFIED.,
  .F.,.F.,(2,2),(-26.8,-0.4),.PIECEWISE_BEZIER_KNOTS.);
#12394 = CARTESIAN_POINT('',(1.41,26.4));
#12395 = CARTESIAN_POINT('',(1.41,0.));
#12396 = ( GEOMETRIC_REPRESENTATION_CONTEXT(2) 
PARAMETRIC_REPRESENTATION_CONTEXT() REPRESENTATION_CONTEXT('2D SPACE',''
  ) );
#12397 = ORIENTED_EDGE('',*,*,#12398,.T.);
#12398 = EDGE_CURVE('',#12373,#12399,#12401,.T.);
#12399 = VERTEX_POINT('',#12400);
#12400 = CARTESIAN_POINT('',(34.5,27.5,-2.));
#12401 = SURFACE_CURVE('',#12402,(#12406,#12412),.PCURVE_S1.);
#12402 = LINE('',#12403,#12404);
#12403 = CARTESIAN_POINT('',(34.5,0.7,-2.));
#12404 = VECTOR('',#12405,1.);
#12405 = DIRECTION('',(-0.,1.,0.));
#12406 = PCURVE('',#9263,#12407);
#12407 = DEFINITIONAL_REPRESENTATION('',(#12408),#12411);
#12408 = B_SPLINE_CURVE_WITH_KNOTS('',1,(#12409,#12410),.UNSPECIFIED.,
  .F.,.F.,(2,2),(0.4,26.8),.PIECEWISE_BEZIER_KNOTS.);
#12409 = CARTESIAN_POINT('',(0.8,0.8));
#12410 = CARTESIAN_POINT('',(0.8,27.2));
#12411 = ( GEOMETRIC_REPRESENTATION_CONTEXT(2) 
PARAMETRIC_REPRESENTATION_CONTEXT() REPRESENTATION_CONTEXT('2D SPACE',''
  ) );
#12412 = PCURVE('',#12413,#12418);
#12413 = PLANE('',#12414);
#12414 = AXIS2_PLACEMENT_3D('',#12415,#12416,#12417);
#12415 = CARTESIAN_POINT('',(34.5,1.1,-3.41));
#12416 = DIRECTION('',(1.,0.,-0.));
#12417 = DIRECTION('',(0.,0.,1.));
#12418 = DEFINITIONAL_REPRESENTATION('',(#12419),#12422);
#12419 = B_SPLINE_CURVE_WITH_KNOTS('',1,(#12420,#12421),.UNSPECIFIED.,
  .F.,.F.,(2,2),(0.4,26.8),.PIECEWISE_BEZIER_KNOTS.);
#12420 = CARTESIAN_POINT('',(1.41,0.));
#12421 = CARTESIAN_POINT('',(1.41,-26.4));
#12422 = ( GEOMETRIC_REPRESENTATION_CONTEXT(2) 
PARAMETRIC_REPRESENTATION_CONTEXT() REPRESENTATION_CONTEXT('2D SPACE',''
  ) );
#12423 = ORIENTED_EDGE('',*,*,#12424,.F.);
#12424 = EDGE_CURVE('',#12425,#12399,#12427,.T.);
#12425 = VERTEX_POINT('',#12426);
#12426 = CARTESIAN_POINT('',(60.9,27.5,-2.));
#12427 = SURFACE_CURVE('',#12428,(#12432,#12438),.PCURVE_S1.);
#12428 = LINE('',#12429,#12430);
#12429 = CARTESIAN_POINT('',(34.1,27.5,-2.));
#12430 = VECTOR('',#12431,1.);
#12431 = DIRECTION('',(-1.,-0.,0.));
#12432 = PCURVE('',#9263,#12433);
#12433 = DEFINITIONAL_REPRESENTATION('',(#12434),#12437);
#12434 = B_SPLINE_CURVE_WITH_KNOTS('',1,(#12435,#12436),.UNSPECIFIED.,
  .F.,.F.,(2,2),(-26.8,-0.4),.PIECEWISE_BEZIER_KNOTS.);
#12435 = CARTESIAN_POINT('',(27.2,27.2));
#12436 = CARTESIAN_POINT('',(0.8,27.2));
#12437 = ( GEOMETRIC_REPRESENTATION_CONTEXT(2) 
PARAMETRIC_REPRESENTATION_CONTEXT() REPRESENTATION_CONTEXT('2D SPACE',''
  ) );
#12438 = PCURVE('',#12439,#12444);
#12439 = PLANE('',#12440);
#12440 = AXIS2_PLACEMENT_3D('',#12441,#12442,#12443);
#12441 = CARTESIAN_POINT('',(34.5,27.5,-3.41));
#12442 = DIRECTION('',(-0.,1.,0.));
#12443 = DIRECTION('',(0.,0.,1.));
#12444 = DEFINITIONAL_REPRESENTATION('',(#12445),#12448);
#12445 = B_SPLINE_CURVE_WITH_KNOTS('',1,(#12446,#12447),.UNSPECIFIED.,
  .F.,.F.,(2,2),(-26.8,-0.4),.PIECEWISE_BEZIER_KNOTS.);
#12446 = CARTESIAN_POINT('',(1.41,26.4));
#12447 = CARTESIAN_POINT('',(1.41,0.));
#12448 = ( GEOMETRIC_REPRESENTATION_CONTEXT(2) 
PARAMETRIC_REPRESENTATION_CONTEXT() REPRESENTATION_CONTEXT('2D SPACE',''
  ) );
#12449 = ORIENTED_EDGE('',*,*,#12450,.F.);
#12450 = EDGE_CURVE('',#12371,#12425,#12451,.T.);
#12451 = SURFACE_CURVE('',#12452,(#12456,#12462),.PCURVE_S1.);
#12452 = LINE('',#12453,#12454);
#12453 = CARTESIAN_POINT('',(60.9,0.7,-2.));
#12454 = VECTOR('',#12455,1.);
#12455 = DIRECTION('',(-0.,1.,0.));
#12456 = PCURVE('',#9263,#12457);
#12457 = DEFINITIONAL_REPRESENTATION('',(#12458),#12461);
#12458 = B_SPLINE_CURVE_WITH_KNOTS('',1,(#12459,#12460),.UNSPECIFIED.,
  .F.,.F.,(2,2),(0.4,26.8),.PIECEWISE_BEZIER_KNOTS.);
#12459 = CARTESIAN_POINT('',(27.2,0.8));
#12460 = CARTESIAN_POINT('',(27.2,27.2));
#12461 = ( GEOMETRIC_REPRESENTATION_CONTEXT(2) 
PARAMETRIC_REPRESENTATION_CONTEXT() REPRESENTATION_CONTEXT('2D SPACE',''
  ) );
#12462 = PCURVE('',#12463,#12468);
#12463 = PLANE('',#12464);
#12464 = AXIS2_PLACEMENT_3D('',#12465,#12466,#12467);
#12465 = CARTESIAN_POINT('',(60.9,1.1,-3.41));
#12466 = DIRECTION('',(1.,0.,-0.));
#12467 = DIRECTION('',(0.,0.,1.));
#12468 = DEFINITIONAL_REPRESENTATION('',(#12469),#12472);
#12469 = B_SPLINE_CURVE_WITH_KNOTS('',1,(#12470,#12471),.UNSPECIFIED.,
  .F.,.F.,(2,2),(0.4,26.8),.PIECEWISE_BEZIER_KNOTS.);
#12470 = CARTESIAN_POINT('',(1.41,0.));
#12471 = CARTESIAN_POINT('',(1.41,-26.4));
#12472 = ( GEOMETRIC_REPRESENTATION_CONTEXT(2) 
PARAMETRIC_REPRESENTATION_CONTEXT() REPRESENTATION_CONTEXT('2D SPACE',''
  ) );
#12473 = ADVANCED_FACE('',(#12474,#12480),#10780,.F.);
#12474 = FACE_BOUND('',#12475,.F.);
#12475 = EDGE_LOOP('',(#12476,#12477,#12478,#12479));
#12476 = ORIENTED_EDGE('',*,*,#10896,.F.);
#12477 = ORIENTED_EDGE('',*,*,#10766,.T.);
#12478 = ORIENTED_EDGE('',*,*,#10820,.T.);
#12479 = ORIENTED_EDGE('',*,*,#10869,.F.);
#12480 = FACE_BOUND('',#12481,.F.);
#12481 = EDGE_LOOP('',(#12482,#12510,#12536,#12562));
#12482 = ORIENTED_EDGE('',*,*,#12483,.T.);
#12483 = EDGE_CURVE('',#12484,#12486,#12488,.T.);
#12484 = VERTEX_POINT('',#12485);
#12485 = CARTESIAN_POINT('',(27.5,61.4,-2.));
#12486 = VERTEX_POINT('',#12487);
#12487 = CARTESIAN_POINT('',(1.1,61.4,-2.));
#12488 = SURFACE_CURVE('',#12489,(#12493,#12499),.PCURVE_S1.);
#12489 = LINE('',#12490,#12491);
#12490 = CARTESIAN_POINT('',(0.7,61.4,-2.));
#12491 = VECTOR('',#12492,1.);
#12492 = DIRECTION('',(-1.,-0.,0.));
#12493 = PCURVE('',#10780,#12494);
#12494 = DEFINITIONAL_REPRESENTATION('',(#12495),#12498);
#12495 = B_SPLINE_CURVE_WITH_KNOTS('',1,(#12496,#12497),.UNSPECIFIED.,
  .F.,.F.,(2,2),(-26.8,-0.4),.PIECEWISE_BEZIER_KNOTS.);
#12496 = CARTESIAN_POINT('',(27.2,0.8));
#12497 = CARTESIAN_POINT('',(0.8,0.8));
#12498 = ( GEOMETRIC_REPRESENTATION_CONTEXT(2) 
PARAMETRIC_REPRESENTATION_CONTEXT() REPRESENTATION_CONTEXT('2D SPACE',''
  ) );
#12499 = PCURVE('',#12500,#12505);
#12500 = PLANE('',#12501);
#12501 = AXIS2_PLACEMENT_3D('',#12502,#12503,#12504);
#12502 = CARTESIAN_POINT('',(1.1,61.4,-3.41));
#12503 = DIRECTION('',(-0.,1.,0.));
#12504 = DIRECTION('',(0.,0.,1.));
#12505 = DEFINITIONAL_REPRESENTATION('',(#12506),#12509);
#12506 = B_SPLINE_CURVE_WITH_KNOTS('',1,(#12507,#12508),.UNSPECIFIED.,
  .F.,.F.,(2,2),(-26.8,-0.4),.PIECEWISE_BEZIER_KNOTS.);
#12507 = CARTESIAN_POINT('',(1.41,26.4));
#12508 = CARTESIAN_POINT('',(1.41,0.));
#12509 = ( GEOMETRIC_REPRESENTATION_CONTEXT(2) 
PARAMETRIC_REPRESENTATION_CONTEXT() REPRESENTATION_CONTEXT('2D SPACE',''
  ) );
#12510 = ORIENTED_EDGE('',*,*,#12511,.T.);
#12511 = EDGE_CURVE('',#12486,#12512,#12514,.T.);
#12512 = VERTEX_POINT('',#12513);
#12513 = CARTESIAN_POINT('',(1.1,87.8,-2.));
#12514 = SURFACE_CURVE('',#12515,(#12519,#12525),.PCURVE_S1.);
#12515 = LINE('',#12516,#12517);
#12516 = CARTESIAN_POINT('',(1.1,61.,-2.));
#12517 = VECTOR('',#12518,1.);
#12518 = DIRECTION('',(-0.,1.,0.));
#12519 = PCURVE('',#10780,#12520);
#12520 = DEFINITIONAL_REPRESENTATION('',(#12521),#12524);
#12521 = B_SPLINE_CURVE_WITH_KNOTS('',1,(#12522,#12523),.UNSPECIFIED.,
  .F.,.F.,(2,2),(0.4,26.8),.PIECEWISE_BEZIER_KNOTS.);
#12522 = CARTESIAN_POINT('',(0.8,0.8));
#12523 = CARTESIAN_POINT('',(0.8,27.2));
#12524 = ( GEOMETRIC_REPRESENTATION_CONTEXT(2) 
PARAMETRIC_REPRESENTATION_CONTEXT() REPRESENTATION_CONTEXT('2D SPACE',''
  ) );
#12525 = PCURVE('',#12526,#12531);
#12526 = PLANE('',#12527);
#12527 = AXIS2_PLACEMENT_3D('',#12528,#12529,#12530);
#12528 = CARTESIAN_POINT('',(1.1,61.4,-3.41));
#12529 = DIRECTION('',(1.,0.,-0.));
#12530 = DIRECTION('',(0.,0.,1.));
#12531 = DEFINITIONAL_REPRESENTATION('',(#12532),#12535);
#12532 = B_SPLINE_CURVE_WITH_KNOTS('',1,(#12533,#12534),.UNSPECIFIED.,
  .F.,.F.,(2,2),(0.4,26.8),.PIECEWISE_BEZIER_KNOTS.);
#12533 = CARTESIAN_POINT('',(1.41,0.));
#12534 = CARTESIAN_POINT('',(1.41,-26.4));
#12535 = ( GEOMETRIC_REPRESENTATION_CONTEXT(2) 
PARAMETRIC_REPRESENTATION_CONTEXT() REPRESENTATION_CONTEXT('2D SPACE',''
  ) );
#12536 = ORIENTED_EDGE('',*,*,#12537,.F.);
#12537 = EDGE_CURVE('',#12538,#12512,#12540,.T.);
#12538 = VERTEX_POINT('',#12539);
#12539 = CARTESIAN_POINT('',(27.5,87.8,-2.));
#12540 = SURFACE_CURVE('',#12541,(#12545,#12551),.PCURVE_S1.);
#12541 = LINE('',#12542,#12543);
#12542 = CARTESIAN_POINT('',(0.7,87.8,-2.));
#12543 = VECTOR('',#12544,1.);
#12544 = DIRECTION('',(-1.,-0.,0.));
#12545 = PCURVE('',#10780,#12546);
#12546 = DEFINITIONAL_REPRESENTATION('',(#12547),#12550);
#12547 = B_SPLINE_CURVE_WITH_KNOTS('',1,(#12548,#12549),.UNSPECIFIED.,
  .F.,.F.,(2,2),(-26.8,-0.4),.PIECEWISE_BEZIER_KNOTS.);
#12548 = CARTESIAN_POINT('',(27.2,27.2));
#12549 = CARTESIAN_POINT('',(0.8,27.2));
#12550 = ( GEOMETRIC_REPRESENTATION_CONTEXT(2) 
PARAMETRIC_REPRESENTATION_CONTEXT() REPRESENTATION_CONTEXT('2D SPACE',''
  ) );
#12551 = PCURVE('',#12552,#12557);
#12552 = PLANE('',#12553);
#12553 = AXIS2_PLACEMENT_3D('',#12554,#12555,#12556);
#12554 = CARTESIAN_POINT('',(1.1,87.8,-3.41));
#12555 = DIRECTION('',(-0.,1.,0.));
#12556 = DIRECTION('',(0.,0.,1.));
#12557 = DEFINITIONAL_REPRESENTATION('',(#12558),#12561);
#12558 = B_SPLINE_CURVE_WITH_KNOTS('',1,(#12559,#12560),.UNSPECIFIED.,
  .F.,.F.,(2,2),(-26.8,-0.4),.PIECEWISE_BEZIER_KNOTS.);
#12559 = CARTESIAN_POINT('',(1.41,26.4));
#12560 = CARTESIAN_POINT('',(1.41,0.));
#12561 = ( GEOMETRIC_REPRESENTATION_CONTEXT(2) 
PARAMETRIC_REPRESENTATION_CONTEXT() REPRESENTATION_CONTEXT('2D SPACE',''
  ) );
#12562 = ORIENTED_EDGE('',*,*,#12563,.F.);
#12563 = EDGE_CURVE('',#12484,#12538,#12564,.T.);
#12564 = SURFACE_CURVE('',#12565,(#12569,#12575),.PCURVE_S1.);
#12565 = LINE('',#12566,#12567);
#12566 = CARTESIAN_POINT('',(27.5,61.,-2.));
#12567 = VECTOR('',#12568,1.);
#12568 = DIRECTION('',(-0.,1.,0.));
#12569 = PCURVE('',#10780,#12570);
#12570 = DEFINITIONAL_REPRESENTATION('',(#12571),#12574);
#12571 = B_SPLINE_CURVE_WITH_KNOTS('',1,(#12572,#12573),.UNSPECIFIED.,
  .F.,.F.,(2,2),(0.4,26.8),.PIECEWISE_BEZIER_KNOTS.);
#12572 = CARTESIAN_POINT('',(27.2,0.8));
#12573 = CARTESIAN_POINT('',(27.2,27.2));
#12574 = ( GEOMETRIC_REPRESENTATION_CONTEXT(2) 
PARAMETRIC_REPRESENTATION_CONTEXT() REPRESENTATION_CONTEXT('2D SPACE',''
  ) );
#12575 = PCURVE('',#12576,#12581);
#12576 = PLANE('',#12577);
#12577 = AXIS2_PLACEMENT_3D('',#12578,#12579,#12580);
#12578 = CARTESIAN_POINT('',(27.5,61.4,-3.41));
#12579 = DIRECTION('',(1.,0.,-0.));
#12580 = DIRECTION('',(0.,0.,1.));
#12581 = DEFINITIONAL_REPRESENTATION('',(#12582),#12585);
#12582 = B_SPLINE_CURVE_WITH_KNOTS('',1,(#12583,#12584),.UNSPECIFIED.,
  .F.,.F.,(2,2),(0.4,26.8),.PIECEWISE_BEZIER_KNOTS.);
#12583 = CARTESIAN_POINT('',(1.41,0.));
#12584 = CARTESIAN_POINT('',(1.41,-26.4));
#12585 = ( GEOMETRIC_REPRESENTATION_CONTEXT(2) 
PARAMETRIC_REPRESENTATION_CONTEXT() REPRESENTATION_CONTEXT('2D SPACE',''
  ) );
#12586 = ADVANCED_FACE('',(#12587,#12593),#11545,.F.);
#12587 = FACE_BOUND('',#12588,.F.);
#12588 = EDGE_LOOP('',(#12589,#12590,#12591,#12592));
#12589 = ORIENTED_EDGE('',*,*,#11661,.F.);
#12590 = ORIENTED_EDGE('',*,*,#11531,.T.);
#12591 = ORIENTED_EDGE('',*,*,#11585,.T.);
#12592 = ORIENTED_EDGE('',*,*,#11634,.F.);
#12593 = FACE_BOUND('',#12594,.F.);
#12594 = EDGE_LOOP('',(#12595,#12623,#12649,#12675));
#12595 = ORIENTED_EDGE('',*,*,#12596,.T.);
#12596 = EDGE_CURVE('',#12597,#12599,#12601,.T.);
#12597 = VERTEX_POINT('',#12598);
#12598 = CARTESIAN_POINT('',(60.9,61.4,-2.));
#12599 = VERTEX_POINT('',#12600);
#12600 = CARTESIAN_POINT('',(34.5,61.4,-2.));
#12601 = SURFACE_CURVE('',#12602,(#12606,#12612),.PCURVE_S1.);
#12602 = LINE('',#12603,#12604);
#12603 = CARTESIAN_POINT('',(34.1,61.4,-2.));
#12604 = VECTOR('',#12605,1.);
#12605 = DIRECTION('',(-1.,-0.,0.));
#12606 = PCURVE('',#11545,#12607);
#12607 = DEFINITIONAL_REPRESENTATION('',(#12608),#12611);
#12608 = B_SPLINE_CURVE_WITH_KNOTS('',1,(#12609,#12610),.UNSPECIFIED.,
  .F.,.F.,(2,2),(-26.8,-0.4),.PIECEWISE_BEZIER_KNOTS.);
#12609 = CARTESIAN_POINT('',(27.2,0.8));
#12610 = CARTESIAN_POINT('',(0.8,0.8));
#12611 = ( GEOMETRIC_REPRESENTATION_CONTEXT(2) 
PARAMETRIC_REPRESENTATION_CONTEXT() REPRESENTATION_CONTEXT('2D SPACE',''
  ) );
#12612 = PCURVE('',#12613,#12618);
#12613 = PLANE('',#12614);
#12614 = AXIS2_PLACEMENT_3D('',#12615,#12616,#12617);
#12615 = CARTESIAN_POINT('',(34.5,61.4,-3.41));
#12616 = DIRECTION('',(-0.,1.,0.));
#12617 = DIRECTION('',(0.,0.,1.));
#12618 = DEFINITIONAL_REPRESENTATION('',(#12619),#12622);
#12619 = B_SPLINE_CURVE_WITH_KNOTS('',1,(#12620,#12621),.UNSPECIFIED.,
  .F.,.F.,(2,2),(-26.8,-0.4),.PIECEWISE_BEZIER_KNOTS.);
#12620 = CARTESIAN_POINT('',(1.41,26.4));
#12621 = CARTESIAN_POINT('',(1.41,0.));
#12622 = ( GEOMETRIC_REPRESENTATION_CONTEXT(2) 
PARAMETRIC_REPRESENTATION_CONTEXT() REPRESENTATION_CONTEXT('2D SPACE',''
  ) );
#12623 = ORIENTED_EDGE('',*,*,#12624,.T.);
#12624 = EDGE_CURVE('',#12599,#12625,#12627,.T.);
#12625 = VERTEX_POINT('',#12626);
#12626 = CARTESIAN_POINT('',(34.5,87.8,-2.));
#12627 = SURFACE_CURVE('',#12628,(#12632,#12638),.PCURVE_S1.);
#12628 = LINE('',#12629,#12630);
#12629 = CARTESIAN_POINT('',(34.5,61.,-2.));
#12630 = VECTOR('',#12631,1.);
#12631 = DIRECTION('',(-0.,1.,0.));
#12632 = PCURVE('',#11545,#12633);
#12633 = DEFINITIONAL_REPRESENTATION('',(#12634),#12637);
#12634 = B_SPLINE_CURVE_WITH_KNOTS('',1,(#12635,#12636),.UNSPECIFIED.,
  .F.,.F.,(2,2),(0.4,26.8),.PIECEWISE_BEZIER_KNOTS.);
#12635 = CARTESIAN_POINT('',(0.8,0.8));
#12636 = CARTESIAN_POINT('',(0.8,27.2));
#12637 = ( GEOMETRIC_REPRESENTATION_CONTEXT(2) 
PARAMETRIC_REPRESENTATION_CONTEXT() REPRESENTATION_CONTEXT('2D SPACE',''
  ) );
#12638 = PCURVE('',#12639,#12644);
#12639 = PLANE('',#12640);
#12640 = AXIS2_PLACEMENT_3D('',#12641,#12642,#12643);
#12641 = CARTESIAN_POINT('',(34.5,61.4,-3.41));
#12642 = DIRECTION('',(1.,0.,-0.));
#12643 = DIRECTION('',(0.,0.,1.));
#12644 = DEFINITIONAL_REPRESENTATION('',(#12645),#12648);
#12645 = B_SPLINE_CURVE_WITH_KNOTS('',1,(#12646,#12647),.UNSPECIFIED.,
  .F.,.F.,(2,2),(0.4,26.8),.PIECEWISE_BEZIER_KNOTS.);
#12646 = CARTESIAN_POINT('',(1.41,0.));
#12647 = CARTESIAN_POINT('',(1.41,-26.4));
#12648 = ( GEOMETRIC_REPRESENTATION_CONTEXT(2) 
PARAMETRIC_REPRESENTATION_CONTEXT() REPRESENTATION_CONTEXT('2D SPACE',''
  ) );
#12649 = ORIENTED_EDGE('',*,*,#12650,.F.);
#12650 = EDGE_CURVE('',#12651,#12625,#12653,.T.);
#12651 = VERTEX_POINT('',#12652);
#12652 = CARTESIAN_POINT('',(60.9,87.8,-2.));
#12653 = SURFACE_CURVE('',#12654,(#12658,#12664),.PCURVE_S1.);
#12654 = LINE('',#12655,#12656);
#12655 = CARTESIAN_POINT('',(34.1,87.8,-2.));
#12656 = VECTOR('',#12657,1.);
#12657 = DIRECTION('',(-1.,-0.,0.));
#12658 = PCURVE('',#11545,#12659);
#12659 = DEFINITIONAL_REPRESENTATION('',(#12660),#12663);
#12660 = B_SPLINE_CURVE_WITH_KNOTS('',1,(#12661,#12662),.UNSPECIFIED.,
  .F.,.F.,(2,2),(-26.8,-0.4),.PIECEWISE_BEZIER_KNOTS.);
#12661 = CARTESIAN_POINT('',(27.2,27.2));
#12662 = CARTESIAN_POINT('',(0.8,27.2));
#12663 = ( GEOMETRIC_REPRESENTATION_CONTEXT(2) 
PARAMETRIC_REPRESENTATION_CONTEXT() REPRESENTATION_CONTEXT('2D SPACE',''
  ) );
#12664 = PCURVE('',#12665,#12670);
#12665 = PLANE('',#12666);
#12666 = AXIS2_PLACEMENT_3D('',#12667,#12668,#12669);
#12667 = CARTESIAN_POINT('',(34.5,87.8,-3.41));
#12668 = DIRECTION('',(-0.,1.,0.));
#12669 = DIRECTION('',(0.,0.,1.));
#12670 = DEFINITIONAL_REPRESENTATION('',(#12671),#12674);
#12671 = B_SPLINE_CURVE_WITH_KNOTS('',1,(#12672,#12673),.UNSPECIFIED.,
  .F.,.F.,(2,2),(-26.8,-0.4),.PIECEWISE_BEZIER_KNOTS.);
#12672 = CARTESIAN_POINT('',(1.41,26.4));
#12673 = CARTESIAN_POINT('',(1.41,0.));
#12674 = ( GEOMETRIC_REPRESENTATION_CONTEXT(2) 
PARAMETRIC_REPRESENTATION_CONTEXT() REPRESENTATION_CONTEXT('2D SPACE',''
  ) );
#12675 = ORIENTED_EDGE('',*,*,#12676,.F.);
#12676 = EDGE_CURVE('',#12597,#12651,#12677,.T.);
#12677 = SURFACE_CURVE('',#12678,(#12682,#12688),.PCURVE_S1.);
#12678 = LINE('',#12679,#12680);
#12679 = CARTESIAN_POINT('',(60.9,61.,-2.));
#12680 = VECTOR('',#12681,1.);
#12681 = DIRECTION('',(-0.,1.,0.));
#12682 = PCURVE('',#11545,#12683);
#12683 = DEFINITIONAL_REPRESENTATION('',(#12684),#12687);
#12684 = B_SPLINE_CURVE_WITH_KNOTS('',1,(#12685,#12686),.UNSPECIFIED.,
  .F.,.F.,(2,2),(0.4,26.8),.PIECEWISE_BEZIER_KNOTS.);
#12685 = CARTESIAN_POINT('',(27.2,0.8));
#12686 = CARTESIAN_POINT('',(27.2,27.2));
#12687 = ( GEOMETRIC_REPRESENTATION_CONTEXT(2) 
PARAMETRIC_REPRESENTATION_CONTEXT() REPRESENTATION_CONTEXT('2D SPACE',''
  ) );
#12688 = PCURVE('',#12689,#12694);
#12689 = PLANE('',#12690);
#12690 = AXIS2_PLACEMENT_3D('',#12691,#12692,#12693);
#12691 = CARTESIAN_POINT('',(60.9,61.4,-3.41));
#12692 = DIRECTION('',(1.,0.,-0.));
#12693 = DIRECTION('',(0.,0.,1.));
#12694 = DEFINITIONAL_REPRESENTATION('',(#12695),#12698);
#12695 = B_SPLINE_CURVE_WITH_KNOTS('',1,(#12696,#12697),.UNSPECIFIED.,
  .F.,.F.,(2,2),(0.4,26.8),.PIECEWISE_BEZIER_KNOTS.);
#12696 = CARTESIAN_POINT('',(1.41,0.));
#12697 = CARTESIAN_POINT('',(1.41,-26.4));
#12698 = ( GEOMETRIC_REPRESENTATION_CONTEXT(2) 
PARAMETRIC_REPRESENTATION_CONTEXT() REPRESENTATION_CONTEXT('2D SPACE',''
  ) );
#12699 = ADVANCED_FACE('',(#12700),#11759,.T.);
#12700 = FACE_BOUND('',#12701,.T.);
#12701 = EDGE_LOOP('',(#12702,#12725,#12752,#12753));
#12702 = ORIENTED_EDGE('',*,*,#12703,.T.);
#12703 = EDGE_CURVE('',#11743,#12704,#12706,.T.);
#12704 = VERTEX_POINT('',#12705);
#12705 = CARTESIAN_POINT('',(10.,6.3,5.));
#12706 = SEAM_CURVE('',#12707,(#12711,#12718),.PCURVE_S1.);
#12707 = LINE('',#12708,#12709);
#12708 = CARTESIAN_POINT('',(10.,6.3,-1.E-02));
#12709 = VECTOR('',#12710,1.);
#12710 = DIRECTION('',(0.,0.,1.));
#12711 = PCURVE('',#11759,#12712);
#12712 = DEFINITIONAL_REPRESENTATION('',(#12713),#12717);
#12713 = LINE('',#12714,#12715);
#12714 = CARTESIAN_POINT('',(6.28318530718,-0.));
#12715 = VECTOR('',#12716,1.);
#12716 = DIRECTION('',(0.,1.));
#12717 = ( GEOMETRIC_REPRESENTATION_CONTEXT(2) 
PARAMETRIC_REPRESENTATION_CONTEXT() REPRESENTATION_CONTEXT('2D SPACE',''
  ) );
#12718 = PCURVE('',#11759,#12719);
#12719 = DEFINITIONAL_REPRESENTATION('',(#12720),#12724);
#12720 = LINE('',#12721,#12722);
#12721 = CARTESIAN_POINT('',(0.,-0.));
#12722 = VECTOR('',#12723,1.);
#12723 = DIRECTION('',(0.,1.));
#12724 = ( GEOMETRIC_REPRESENTATION_CONTEXT(2) 
PARAMETRIC_REPRESENTATION_CONTEXT() REPRESENTATION_CONTEXT('2D SPACE',''
  ) );
#12725 = ORIENTED_EDGE('',*,*,#12726,.F.);
#12726 = EDGE_CURVE('',#12704,#12704,#12727,.T.);
#12727 = SURFACE_CURVE('',#12728,(#12733,#12740),.PCURVE_S1.);
#12728 = CIRCLE('',#12729,3.5);
#12729 = AXIS2_PLACEMENT_3D('',#12730,#12731,#12732);
#12730 = CARTESIAN_POINT('',(6.5,6.3,5.));
#12731 = DIRECTION('',(0.,0.,1.));
#12732 = DIRECTION('',(1.,0.,-0.));
#12733 = PCURVE('',#11759,#12734);
#12734 = DEFINITIONAL_REPRESENTATION('',(#12735),#12739);
#12735 = LINE('',#12736,#12737);
#12736 = CARTESIAN_POINT('',(0.,5.01));
#12737 = VECTOR('',#12738,1.);
#12738 = DIRECTION('',(1.,0.));
#12739 = ( GEOMETRIC_REPRESENTATION_CONTEXT(2) 
PARAMETRIC_REPRESENTATION_CONTEXT() REPRESENTATION_CONTEXT('2D SPACE',''
  ) );
#12740 = PCURVE('',#12741,#12746);
#12741 = PLANE('',#12742);
#12742 = AXIS2_PLACEMENT_3D('',#12743,#12744,#12745);
#12743 = CARTESIAN_POINT('',(6.5,6.3,5.));
#12744 = DIRECTION('',(0.,0.,1.));
#12745 = DIRECTION('',(1.,0.,-0.));
#12746 = DEFINITIONAL_REPRESENTATION('',(#12747),#12751);
#12747 = CIRCLE('',#12748,3.5);
#12748 = AXIS2_PLACEMENT_2D('',#12749,#12750);
#12749 = CARTESIAN_POINT('',(0.,0.));
#12750 = DIRECTION('',(1.,0.));
#12751 = ( GEOMETRIC_REPRESENTATION_CONTEXT(2) 
PARAMETRIC_REPRESENTATION_CONTEXT() REPRESENTATION_CONTEXT('2D SPACE',''
  ) );
#12752 = ORIENTED_EDGE('',*,*,#12703,.F.);
#12753 = ORIENTED_EDGE('',*,*,#11742,.T.);
#12754 = ADVANCED_FACE('',(#12755),#11790,.T.);
#12755 = FACE_BOUND('',#12756,.T.);
#12756 = EDGE_LOOP('',(#12757,#12780,#12807,#12808));
#12757 = ORIENTED_EDGE('',*,*,#12758,.T.);
#12758 = EDGE_CURVE('',#11774,#12759,#12761,.T.);
#12759 = VERTEX_POINT('',#12760);
#12760 = CARTESIAN_POINT('',(19.6,14.3,1.3));
#12761 = SEAM_CURVE('',#12762,(#12766,#12773),.PCURVE_S1.);
#12762 = LINE('',#12763,#12764);
#12763 = CARTESIAN_POINT('',(19.6,14.3,-1.E-02));
#12764 = VECTOR('',#12765,1.);
#12765 = DIRECTION('',(0.,0.,1.));
#12766 = PCURVE('',#11790,#12767);
#12767 = DEFINITIONAL_REPRESENTATION('',(#12768),#12772);
#12768 = LINE('',#12769,#12770);
#12769 = CARTESIAN_POINT('',(6.28318530718,-0.));
#12770 = VECTOR('',#12771,1.);
#12771 = DIRECTION('',(0.,1.));
#12772 = ( GEOMETRIC_REPRESENTATION_CONTEXT(2) 
PARAMETRIC_REPRESENTATION_CONTEXT() REPRESENTATION_CONTEXT('2D SPACE',''
  ) );
#12773 = PCURVE('',#11790,#12774);
#12774 = DEFINITIONAL_REPRESENTATION('',(#12775),#12779);
#12775 = LINE('',#12776,#12777);
#12776 = CARTESIAN_POINT('',(0.,-0.));
#12777 = VECTOR('',#12778,1.);
#12778 = DIRECTION('',(0.,1.));
#12779 = ( GEOMETRIC_REPRESENTATION_CONTEXT(2) 
PARAMETRIC_REPRESENTATION_CONTEXT() REPRESENTATION_CONTEXT('2D SPACE',''
  ) );
#12780 = ORIENTED_EDGE('',*,*,#12781,.F.);
#12781 = EDGE_CURVE('',#12759,#12759,#12782,.T.);
#12782 = SURFACE_CURVE('',#12783,(#12788,#12795),.PCURVE_S1.);
#12783 = CIRCLE('',#12784,5.3);
#12784 = AXIS2_PLACEMENT_3D('',#12785,#12786,#12787);
#12785 = CARTESIAN_POINT('',(14.3,14.3,1.3));
#12786 = DIRECTION('',(0.,0.,1.));
#12787 = DIRECTION('',(1.,0.,-0.));
#12788 = PCURVE('',#11790,#12789);
#12789 = DEFINITIONAL_REPRESENTATION('',(#12790),#12794);
#12790 = LINE('',#12791,#12792);
#12791 = CARTESIAN_POINT('',(0.,1.31));
#12792 = VECTOR('',#12793,1.);
#12793 = DIRECTION('',(1.,0.));
#12794 = ( GEOMETRIC_REPRESENTATION_CONTEXT(2) 
PARAMETRIC_REPRESENTATION_CONTEXT() REPRESENTATION_CONTEXT('2D SPACE',''
  ) );
#12795 = PCURVE('',#12796,#12801);
#12796 = PLANE('',#12797);
#12797 = AXIS2_PLACEMENT_3D('',#12798,#12799,#12800);
#12798 = CARTESIAN_POINT('',(14.3,14.3,1.3));
#12799 = DIRECTION('',(0.,0.,1.));
#12800 = DIRECTION('',(1.,0.,-0.));
#12801 = DEFINITIONAL_REPRESENTATION('',(#12802),#12806);
#12802 = CIRCLE('',#12803,5.3);
#12803 = AXIS2_PLACEMENT_2D('',#12804,#12805);
#12804 = CARTESIAN_POINT('',(0.,0.));
#12805 = DIRECTION('',(1.,0.));
#12806 = ( GEOMETRIC_REPRESENTATION_CONTEXT(2) 
PARAMETRIC_REPRESENTATION_CONTEXT() REPRESENTATION_CONTEXT('2D SPACE',''
  ) );
#12807 = ORIENTED_EDGE('',*,*,#12758,.F.);
#12808 = ORIENTED_EDGE('',*,*,#11773,.T.);
#12809 = ADVANCED_FACE('',(#12810),#11839,.T.);
#12810 = FACE_BOUND('',#12811,.T.);
#12811 = EDGE_LOOP('',(#12812,#12835,#12862,#12863));
#12812 = ORIENTED_EDGE('',*,*,#12813,.T.);
#12813 = EDGE_CURVE('',#11823,#12814,#12816,.T.);
#12814 = VERTEX_POINT('',#12815);
#12815 = CARTESIAN_POINT('',(59.,6.3,5.));
#12816 = SEAM_CURVE('',#12817,(#12821,#12828),.PCURVE_S1.);
#12817 = LINE('',#12818,#12819);
#12818 = CARTESIAN_POINT('',(59.,6.3,-1.E-02));
#12819 = VECTOR('',#12820,1.);
#12820 = DIRECTION('',(0.,0.,1.));
#12821 = PCURVE('',#11839,#12822);
#12822 = DEFINITIONAL_REPRESENTATION('',(#12823),#12827);
#12823 = LINE('',#12824,#12825);
#12824 = CARTESIAN_POINT('',(6.28318530718,-0.));
#12825 = VECTOR('',#12826,1.);
#12826 = DIRECTION('',(0.,1.));
#12827 = ( GEOMETRIC_REPRESENTATION_CONTEXT(2) 
PARAMETRIC_REPRESENTATION_CONTEXT() REPRESENTATION_CONTEXT('2D SPACE',''
  ) );
#12828 = PCURVE('',#11839,#12829);
#12829 = DEFINITIONAL_REPRESENTATION('',(#12830),#12834);
#12830 = LINE('',#12831,#12832);
#12831 = CARTESIAN_POINT('',(0.,-0.));
#12832 = VECTOR('',#12833,1.);
#12833 = DIRECTION('',(0.,1.));
#12834 = ( GEOMETRIC_REPRESENTATION_CONTEXT(2) 
PARAMETRIC_REPRESENTATION_CONTEXT() REPRESENTATION_CONTEXT('2D SPACE',''
  ) );
#12835 = ORIENTED_EDGE('',*,*,#12836,.F.);
#12836 = EDGE_CURVE('',#12814,#12814,#12837,.T.);
#12837 = SURFACE_CURVE('',#12838,(#12843,#12850),.PCURVE_S1.);
#12838 = CIRCLE('',#12839,3.5);
#12839 = AXIS2_PLACEMENT_3D('',#12840,#12841,#12842);
#12840 = CARTESIAN_POINT('',(55.5,6.3,5.));
#12841 = DIRECTION('',(0.,0.,1.));
#12842 = DIRECTION('',(1.,0.,-0.));
#12843 = PCURVE('',#11839,#12844);
#12844 = DEFINITIONAL_REPRESENTATION('',(#12845),#12849);
#12845 = LINE('',#12846,#12847);
#12846 = CARTESIAN_POINT('',(0.,5.01));
#12847 = VECTOR('',#12848,1.);
#12848 = DIRECTION('',(1.,0.));
#12849 = ( GEOMETRIC_REPRESENTATION_CONTEXT(2) 
PARAMETRIC_REPRESENTATION_CONTEXT() REPRESENTATION_CONTEXT('2D SPACE',''
  ) );
#12850 = PCURVE('',#12851,#12856);
#12851 = PLANE('',#12852);
#12852 = AXIS2_PLACEMENT_3D('',#12853,#12854,#12855);
#12853 = CARTESIAN_POINT('',(55.5,6.3,5.));
#12854 = DIRECTION('',(0.,0.,1.));
#12855 = DIRECTION('',(1.,0.,-0.));
#12856 = DEFINITIONAL_REPRESENTATION('',(#12857),#12861);
#12857 = CIRCLE('',#12858,3.5);
#12858 = AXIS2_PLACEMENT_2D('',#12859,#12860);
#12859 = CARTESIAN_POINT('',(0.,0.));
#12860 = DIRECTION('',(1.,0.));
#12861 = ( GEOMETRIC_REPRESENTATION_CONTEXT(2) 
PARAMETRIC_REPRESENTATION_CONTEXT() REPRESENTATION_CONTEXT('2D SPACE',''
  ) );
#12862 = ORIENTED_EDGE('',*,*,#12813,.F.);
#12863 = ORIENTED_EDGE('',*,*,#11822,.T.);
#12864 = ADVANCED_FACE('',(#12865),#11870,.T.);
#12865 = FACE_BOUND('',#12866,.T.);
#12866 = EDGE_LOOP('',(#12867,#12890,#12917,#12918));
#12867 = ORIENTED_EDGE('',*,*,#12868,.T.);
#12868 = EDGE_CURVE('',#11854,#12869,#12871,.T.);
#12869 = VERTEX_POINT('',#12870);
#12870 = CARTESIAN_POINT('',(53.,14.3,1.3));
#12871 = SEAM_CURVE('',#12872,(#12876,#12883),.PCURVE_S1.);
#12872 = LINE('',#12873,#12874);
#12873 = CARTESIAN_POINT('',(53.,14.3,-1.E-02));
#12874 = VECTOR('',#12875,1.);
#12875 = DIRECTION('',(0.,0.,1.));
#12876 = PCURVE('',#11870,#12877);
#12877 = DEFINITIONAL_REPRESENTATION('',(#12878),#12882);
#12878 = LINE('',#12879,#12880);
#12879 = CARTESIAN_POINT('',(6.28318530718,-0.));
#12880 = VECTOR('',#12881,1.);
#12881 = DIRECTION('',(0.,1.));
#12882 = ( GEOMETRIC_REPRESENTATION_CONTEXT(2) 
PARAMETRIC_REPRESENTATION_CONTEXT() REPRESENTATION_CONTEXT('2D SPACE',''
  ) );
#12883 = PCURVE('',#11870,#12884);
#12884 = DEFINITIONAL_REPRESENTATION('',(#12885),#12889);
#12885 = LINE('',#12886,#12887);
#12886 = CARTESIAN_POINT('',(0.,-0.));
#12887 = VECTOR('',#12888,1.);
#12888 = DIRECTION('',(0.,1.));
#12889 = ( GEOMETRIC_REPRESENTATION_CONTEXT(2) 
PARAMETRIC_REPRESENTATION_CONTEXT() REPRESENTATION_CONTEXT('2D SPACE',''
  ) );
#12890 = ORIENTED_EDGE('',*,*,#12891,.F.);
#12891 = EDGE_CURVE('',#12869,#12869,#12892,.T.);
#12892 = SURFACE_CURVE('',#12893,(#12898,#12905),.PCURVE_S1.);
#12893 = CIRCLE('',#12894,5.3);
#12894 = AXIS2_PLACEMENT_3D('',#12895,#12896,#12897);
#12895 = CARTESIAN_POINT('',(47.7,14.3,1.3));
#12896 = DIRECTION('',(0.,0.,1.));
#12897 = DIRECTION('',(1.,0.,-0.));
#12898 = PCURVE('',#11870,#12899);
#12899 = DEFINITIONAL_REPRESENTATION('',(#12900),#12904);
#12900 = LINE('',#12901,#12902);
#12901 = CARTESIAN_POINT('',(0.,1.31));
#12902 = VECTOR('',#12903,1.);
#12903 = DIRECTION('',(1.,0.));
#12904 = ( GEOMETRIC_REPRESENTATION_CONTEXT(2) 
PARAMETRIC_REPRESENTATION_CONTEXT() REPRESENTATION_CONTEXT('2D SPACE',''
  ) );
#12905 = PCURVE('',#12906,#12911);
#12906 = PLANE('',#12907);
#12907 = AXIS2_PLACEMENT_3D('',#12908,#12909,#12910);
#12908 = CARTESIAN_POINT('',(47.7,14.3,1.3));
#12909 = DIRECTION('',(0.,0.,1.));
#12910 = DIRECTION('',(1.,0.,-0.));
#12911 = DEFINITIONAL_REPRESENTATION('',(#12912),#12916);
#12912 = CIRCLE('',#12913,5.3);
#12913 = AXIS2_PLACEMENT_2D('',#12914,#12915);
#12914 = CARTESIAN_POINT('',(0.,0.));
#12915 = DIRECTION('',(1.,0.));
#12916 = ( GEOMETRIC_REPRESENTATION_CONTEXT(2) 
PARAMETRIC_REPRESENTATION_CONTEXT() REPRESENTATION_CONTEXT('2D SPACE',''
  ) );
#12917 = ORIENTED_EDGE('',*,*,#12868,.F.);
#12918 = ORIENTED_EDGE('',*,*,#11853,.T.);
#12919 = ADVANCED_FACE('',(#12920),#11943,.T.);
#12920 = FACE_BOUND('',#12921,.T.);
#12921 = EDGE_LOOP('',(#12922,#12945,#12972,#12973));
#12922 = ORIENTED_EDGE('',*,*,#12923,.T.);
#12923 = EDGE_CURVE('',#11927,#12924,#12926,.T.);
#12924 = VERTEX_POINT('',#12925);
#12925 = CARTESIAN_POINT('',(10.,64.3,5.));
#12926 = SEAM_CURVE('',#12927,(#12931,#12938),.PCURVE_S1.);
#12927 = LINE('',#12928,#12929);
#12928 = CARTESIAN_POINT('',(10.,64.3,-1.E-02));
#12929 = VECTOR('',#12930,1.);
#12930 = DIRECTION('',(0.,0.,1.));
#12931 = PCURVE('',#11943,#12932);
#12932 = DEFINITIONAL_REPRESENTATION('',(#12933),#12937);
#12933 = LINE('',#12934,#12935);
#12934 = CARTESIAN_POINT('',(6.28318530718,-0.));
#12935 = VECTOR('',#12936,1.);
#12936 = DIRECTION('',(0.,1.));
#12937 = ( GEOMETRIC_REPRESENTATION_CONTEXT(2) 
PARAMETRIC_REPRESENTATION_CONTEXT() REPRESENTATION_CONTEXT('2D SPACE',''
  ) );
#12938 = PCURVE('',#11943,#12939);
#12939 = DEFINITIONAL_REPRESENTATION('',(#12940),#12944);
#12940 = LINE('',#12941,#12942);
#12941 = CARTESIAN_POINT('',(0.,-0.));
#12942 = VECTOR('',#12943,1.);
#12943 = DIRECTION('',(0.,1.));
#12944 = ( GEOMETRIC_REPRESENTATION_CONTEXT(2) 
PARAMETRIC_REPRESENTATION_CONTEXT() REPRESENTATION_CONTEXT('2D SPACE',''
  ) );
#12945 = ORIENTED_EDGE('',*,*,#12946,.F.);
#12946 = EDGE_CURVE('',#12924,#12924,#12947,.T.);
#12947 = SURFACE_CURVE('',#12948,(#12953,#12960),.PCURVE_S1.);
#12948 = CIRCLE('',#12949,3.5);
#12949 = AXIS2_PLACEMENT_3D('',#12950,#12951,#12952);
#12950 = CARTESIAN_POINT('',(6.5,64.3,5.));
#12951 = DIRECTION('',(0.,0.,1.));
#12952 = DIRECTION('',(1.,0.,-0.));
#12953 = PCURVE('',#11943,#12954);
#12954 = DEFINITIONAL_REPRESENTATION('',(#12955),#12959);
#12955 = LINE('',#12956,#12957);
#12956 = CARTESIAN_POINT('',(0.,5.01));
#12957 = VECTOR('',#12958,1.);
#12958 = DIRECTION('',(1.,0.));
#12959 = ( GEOMETRIC_REPRESENTATION_CONTEXT(2) 
PARAMETRIC_REPRESENTATION_CONTEXT() REPRESENTATION_CONTEXT('2D SPACE',''
  ) );
#12960 = PCURVE('',#12961,#12966);
#12961 = PLANE('',#12962);
#12962 = AXIS2_PLACEMENT_3D('',#12963,#12964,#12965);
#12963 = CARTESIAN_POINT('',(6.5,64.3,5.));
#12964 = DIRECTION('',(0.,0.,1.));
#12965 = DIRECTION('',(1.,0.,-0.));
#12966 = DEFINITIONAL_REPRESENTATION('',(#12967),#12971);
#12967 = CIRCLE('',#12968,3.5);
#12968 = AXIS2_PLACEMENT_2D('',#12969,#12970);
#12969 = CARTESIAN_POINT('',(0.,0.));
#12970 = DIRECTION('',(1.,0.));
#12971 = ( GEOMETRIC_REPRESENTATION_CONTEXT(2) 
PARAMETRIC_REPRESENTATION_CONTEXT() REPRESENTATION_CONTEXT('2D SPACE',''
  ) );
#12972 = ORIENTED_EDGE('',*,*,#12923,.F.);
#12973 = ORIENTED_EDGE('',*,*,#11926,.T.);
#12974 = ADVANCED_FACE('',(#12975),#11974,.T.);
#12975 = FACE_BOUND('',#12976,.T.);
#12976 = EDGE_LOOP('',(#12977,#13000,#13027,#13028));
#12977 = ORIENTED_EDGE('',*,*,#12978,.T.);
#12978 = EDGE_CURVE('',#11958,#12979,#12981,.T.);
#12979 = VERTEX_POINT('',#12980);
#12980 = CARTESIAN_POINT('',(19.6,74.6,1.3));
#12981 = SEAM_CURVE('',#12982,(#12986,#12993),.PCURVE_S1.);
#12982 = LINE('',#12983,#12984);
#12983 = CARTESIAN_POINT('',(19.6,74.6,-1.E-02));
#12984 = VECTOR('',#12985,1.);
#12985 = DIRECTION('',(0.,0.,1.));
#12986 = PCURVE('',#11974,#12987);
#12987 = DEFINITIONAL_REPRESENTATION('',(#12988),#12992);
#12988 = LINE('',#12989,#12990);
#12989 = CARTESIAN_POINT('',(6.28318530718,-0.));
#12990 = VECTOR('',#12991,1.);
#12991 = DIRECTION('',(0.,1.));
#12992 = ( GEOMETRIC_REPRESENTATION_CONTEXT(2) 
PARAMETRIC_REPRESENTATION_CONTEXT() REPRESENTATION_CONTEXT('2D SPACE',''
  ) );
#12993 = PCURVE('',#11974,#12994);
#12994 = DEFINITIONAL_REPRESENTATION('',(#12995),#12999);
#12995 = LINE('',#12996,#12997);
#12996 = CARTESIAN_POINT('',(0.,-0.));
#12997 = VECTOR('',#12998,1.);
#12998 = DIRECTION('',(0.,1.));
#12999 = ( GEOMETRIC_REPRESENTATION_CONTEXT(2) 
PARAMETRIC_REPRESENTATION_CONTEXT() REPRESENTATION_CONTEXT('2D SPACE',''
  ) );
#13000 = ORIENTED_EDGE('',*,*,#13001,.F.);
#13001 = EDGE_CURVE('',#12979,#12979,#13002,.T.);
#13002 = SURFACE_CURVE('',#13003,(#13008,#13015),.PCURVE_S1.);
#13003 = CIRCLE('',#13004,5.3);
#13004 = AXIS2_PLACEMENT_3D('',#13005,#13006,#13007);
#13005 = CARTESIAN_POINT('',(14.3,74.6,1.3));
#13006 = DIRECTION('',(0.,0.,1.));
#13007 = DIRECTION('',(1.,0.,-0.));
#13008 = PCURVE('',#11974,#13009);
#13009 = DEFINITIONAL_REPRESENTATION('',(#13010),#13014);
#13010 = LINE('',#13011,#13012);
#13011 = CARTESIAN_POINT('',(0.,1.31));
#13012 = VECTOR('',#13013,1.);
#13013 = DIRECTION('',(1.,0.));
#13014 = ( GEOMETRIC_REPRESENTATION_CONTEXT(2) 
PARAMETRIC_REPRESENTATION_CONTEXT() REPRESENTATION_CONTEXT('2D SPACE',''
  ) );
#13015 = PCURVE('',#13016,#13021);
#13016 = PLANE('',#13017);
#13017 = AXIS2_PLACEMENT_3D('',#13018,#13019,#13020);
#13018 = CARTESIAN_POINT('',(14.3,74.6,1.3));
#13019 = DIRECTION('',(0.,0.,1.));
#13020 = DIRECTION('',(1.,0.,-0.));
#13021 = DEFINITIONAL_REPRESENTATION('',(#13022),#13026);
#13022 = CIRCLE('',#13023,5.3);
#13023 = AXIS2_PLACEMENT_2D('',#13024,#13025);
#13024 = CARTESIAN_POINT('',(0.,0.));
#13025 = DIRECTION('',(1.,0.));
#13026 = ( GEOMETRIC_REPRESENTATION_CONTEXT(2) 
PARAMETRIC_REPRESENTATION_CONTEXT() REPRESENTATION_CONTEXT('2D SPACE',''
  ) );
#13027 = ORIENTED_EDGE('',*,*,#12978,.F.);
#13028 = ORIENTED_EDGE('',*,*,#11957,.T.);
#13029 = ADVANCED_FACE('',(#13030),#12029,.T.);
#13030 = FACE_BOUND('',#13031,.T.);
#13031 = EDGE_LOOP('',(#13032,#13055,#13082,#13083));
#13032 = ORIENTED_EDGE('',*,*,#13033,.T.);
#13033 = EDGE_CURVE('',#12013,#13034,#13036,.T.);
#13034 = VERTEX_POINT('',#13035);
#13035 = CARTESIAN_POINT('',(59.,64.3,5.));
#13036 = SEAM_CURVE('',#13037,(#13041,#13048),.PCURVE_S1.);
#13037 = LINE('',#13038,#13039);
#13038 = CARTESIAN_POINT('',(59.,64.3,-1.E-02));
#13039 = VECTOR('',#13040,1.);
#13040 = DIRECTION('',(0.,0.,1.));
#13041 = PCURVE('',#12029,#13042);
#13042 = DEFINITIONAL_REPRESENTATION('',(#13043),#13047);
#13043 = LINE('',#13044,#13045);
#13044 = CARTESIAN_POINT('',(6.28318530718,-0.));
#13045 = VECTOR('',#13046,1.);
#13046 = DIRECTION('',(0.,1.));
#13047 = ( GEOMETRIC_REPRESENTATION_CONTEXT(2) 
PARAMETRIC_REPRESENTATION_CONTEXT() REPRESENTATION_CONTEXT('2D SPACE',''
  ) );
#13048 = PCURVE('',#12029,#13049);
#13049 = DEFINITIONAL_REPRESENTATION('',(#13050),#13054);
#13050 = LINE('',#13051,#13052);
#13051 = CARTESIAN_POINT('',(0.,-0.));
#13052 = VECTOR('',#13053,1.);
#13053 = DIRECTION('',(0.,1.));
#13054 = ( GEOMETRIC_REPRESENTATION_CONTEXT(2) 
PARAMETRIC_REPRESENTATION_CONTEXT() REPRESENTATION_CONTEXT('2D SPACE',''
  ) );
#13055 = ORIENTED_EDGE('',*,*,#13056,.F.);
#13056 = EDGE_CURVE('',#13034,#13034,#13057,.T.);
#13057 = SURFACE_CURVE('',#13058,(#13063,#13070),.PCURVE_S1.);
#13058 = CIRCLE('',#13059,3.5);
#13059 = AXIS2_PLACEMENT_3D('',#13060,#13061,#13062);
#13060 = CARTESIAN_POINT('',(55.5,64.3,5.));
#13061 = DIRECTION('',(0.,0.,1.));
#13062 = DIRECTION('',(1.,0.,-0.));
#13063 = PCURVE('',#12029,#13064);
#13064 = DEFINITIONAL_REPRESENTATION('',(#13065),#13069);
#13065 = LINE('',#13066,#13067);
#13066 = CARTESIAN_POINT('',(0.,5.01));
#13067 = VECTOR('',#13068,1.);
#13068 = DIRECTION('',(1.,0.));
#13069 = ( GEOMETRIC_REPRESENTATION_CONTEXT(2) 
PARAMETRIC_REPRESENTATION_CONTEXT() REPRESENTATION_CONTEXT('2D SPACE',''
  ) );
#13070 = PCURVE('',#13071,#13076);
#13071 = PLANE('',#13072);
#13072 = AXIS2_PLACEMENT_3D('',#13073,#13074,#13075);
#13073 = CARTESIAN_POINT('',(55.5,64.3,5.));
#13074 = DIRECTION('',(0.,0.,1.));
#13075 = DIRECTION('',(1.,0.,-0.));
#13076 = DEFINITIONAL_REPRESENTATION('',(#13077),#13081);
#13077 = CIRCLE('',#13078,3.5);
#13078 = AXIS2_PLACEMENT_2D('',#13079,#13080);
#13079 = CARTESIAN_POINT('',(0.,0.));
#13080 = DIRECTION('',(1.,0.));
#13081 = ( GEOMETRIC_REPRESENTATION_CONTEXT(2) 
PARAMETRIC_REPRESENTATION_CONTEXT() REPRESENTATION_CONTEXT('2D SPACE',''
  ) );
#13082 = ORIENTED_EDGE('',*,*,#13033,.F.);
#13083 = ORIENTED_EDGE('',*,*,#12012,.T.);
#13084 = ADVANCED_FACE('',(#13085),#12060,.T.);
#13085 = FACE_BOUND('',#13086,.T.);
#13086 = EDGE_LOOP('',(#13087,#13110,#13137,#13138));
#13087 = ORIENTED_EDGE('',*,*,#13088,.T.);
#13088 = EDGE_CURVE('',#12044,#13089,#13091,.T.);
#13089 = VERTEX_POINT('',#13090);
#13090 = CARTESIAN_POINT('',(53.,74.6,1.3));
#13091 = SEAM_CURVE('',#13092,(#13096,#13103),.PCURVE_S1.);
#13092 = LINE('',#13093,#13094);
#13093 = CARTESIAN_POINT('',(53.,74.6,-1.E-02));
#13094 = VECTOR('',#13095,1.);
#13095 = DIRECTION('',(0.,0.,1.));
#13096 = PCURVE('',#12060,#13097);
#13097 = DEFINITIONAL_REPRESENTATION('',(#13098),#13102);
#13098 = LINE('',#13099,#13100);
#13099 = CARTESIAN_POINT('',(6.28318530718,-0.));
#13100 = VECTOR('',#13101,1.);
#13101 = DIRECTION('',(0.,1.));
#13102 = ( GEOMETRIC_REPRESENTATION_CONTEXT(2) 
PARAMETRIC_REPRESENTATION_CONTEXT() REPRESENTATION_CONTEXT('2D SPACE',''
  ) );
#13103 = PCURVE('',#12060,#13104);
#13104 = DEFINITIONAL_REPRESENTATION('',(#13105),#13109);
#13105 = LINE('',#13106,#13107);
#13106 = CARTESIAN_POINT('',(0.,-0.));
#13107 = VECTOR('',#13108,1.);
#13108 = DIRECTION('',(0.,1.));
#13109 = ( GEOMETRIC_REPRESENTATION_CONTEXT(2) 
PARAMETRIC_REPRESENTATION_CONTEXT() REPRESENTATION_CONTEXT('2D SPACE',''
  ) );
#13110 = ORIENTED_EDGE('',*,*,#13111,.F.);
#13111 = EDGE_CURVE('',#13089,#13089,#13112,.T.);
#13112 = SURFACE_CURVE('',#13113,(#13118,#13125),.PCURVE_S1.);
#13113 = CIRCLE('',#13114,5.3);
#13114 = AXIS2_PLACEMENT_3D('',#13115,#13116,#13117);
#13115 = CARTESIAN_POINT('',(47.7,74.6,1.3));
#13116 = DIRECTION('',(0.,0.,1.));
#13117 = DIRECTION('',(1.,0.,-0.));
#13118 = PCURVE('',#12060,#13119);
#13119 = DEFINITIONAL_REPRESENTATION('',(#13120),#13124);
#13120 = LINE('',#13121,#13122);
#13121 = CARTESIAN_POINT('',(0.,1.31));
#13122 = VECTOR('',#13123,1.);
#13123 = DIRECTION('',(1.,0.));
#13124 = ( GEOMETRIC_REPRESENTATION_CONTEXT(2) 
PARAMETRIC_REPRESENTATION_CONTEXT() REPRESENTATION_CONTEXT('2D SPACE',''
  ) );
#13125 = PCURVE('',#13126,#13131);
#13126 = PLANE('',#13127);
#13127 = AXIS2_PLACEMENT_3D('',#13128,#13129,#13130);
#13128 = CARTESIAN_POINT('',(47.7,74.6,1.3));
#13129 = DIRECTION('',(0.,0.,1.));
#13130 = DIRECTION('',(1.,0.,-0.));
#13131 = DEFINITIONAL_REPRESENTATION('',(#13132),#13136);
#13132 = CIRCLE('',#13133,5.3);
#13133 = AXIS2_PLACEMENT_2D('',#13134,#13135);
#13134 = CARTESIAN_POINT('',(0.,0.));
#13135 = DIRECTION('',(1.,0.));
#13136 = ( GEOMETRIC_REPRESENTATION_CONTEXT(2) 
PARAMETRIC_REPRESENTATION_CONTEXT() REPRESENTATION_CONTEXT('2D SPACE',''
  ) );
#13137 = ORIENTED_EDGE('',*,*,#13088,.F.);
#13138 = ORIENTED_EDGE('',*,*,#12043,.T.);
#13139 = ADVANCED_FACE('',(#13140),#12274,.F.);
#13140 = FACE_BOUND('',#13141,.F.);
#13141 = EDGE_LOOP('',(#13142,#13165,#13191,#13212));
#13142 = ORIENTED_EDGE('',*,*,#13143,.F.);
#13143 = EDGE_CURVE('',#13144,#12258,#13146,.T.);
#13144 = VERTEX_POINT('',#13145);
#13145 = CARTESIAN_POINT('',(27.5,1.1,-2.4));
#13146 = SURFACE_CURVE('',#13147,(#13151,#13158),.PCURVE_S1.);
#13147 = LINE('',#13148,#13149);
#13148 = CARTESIAN_POINT('',(27.5,1.1,-3.41));
#13149 = VECTOR('',#13150,1.);
#13150 = DIRECTION('',(0.,0.,1.));
#13151 = PCURVE('',#12274,#13152);
#13152 = DEFINITIONAL_REPRESENTATION('',(#13153),#13157);
#13153 = LINE('',#13154,#13155);
#13154 = CARTESIAN_POINT('',(0.,26.4));
#13155 = VECTOR('',#13156,1.);
#13156 = DIRECTION('',(1.,0.));
#13157 = ( GEOMETRIC_REPRESENTATION_CONTEXT(2) 
PARAMETRIC_REPRESENTATION_CONTEXT() REPRESENTATION_CONTEXT('2D SPACE',''
  ) );
#13158 = PCURVE('',#12350,#13159);
#13159 = DEFINITIONAL_REPRESENTATION('',(#13160),#13164);
#13160 = LINE('',#13161,#13162);
#13161 = CARTESIAN_POINT('',(0.,0.));
#13162 = VECTOR('',#13163,1.);
#13163 = DIRECTION('',(1.,0.));
#13164 = ( GEOMETRIC_REPRESENTATION_CONTEXT(2) 
PARAMETRIC_REPRESENTATION_CONTEXT() REPRESENTATION_CONTEXT('2D SPACE',''
  ) );
#13165 = ORIENTED_EDGE('',*,*,#13166,.T.);
#13166 = EDGE_CURVE('',#13144,#13167,#13169,.T.);
#13167 = VERTEX_POINT('',#13168);
#13168 = CARTESIAN_POINT('',(1.1,1.1,-2.4));
#13169 = SURFACE_CURVE('',#13170,(#13174,#13180),.PCURVE_S1.);
#13170 = LINE('',#13171,#13172);
#13171 = CARTESIAN_POINT('',(16.05,1.1,-2.4));
#13172 = VECTOR('',#13173,1.);
#13173 = DIRECTION('',(-1.,-0.,0.));
#13174 = PCURVE('',#12274,#13175);
#13175 = DEFINITIONAL_REPRESENTATION('',(#13176),#13179);
#13176 = B_SPLINE_CURVE_WITH_KNOTS('',1,(#13177,#13178),.UNSPECIFIED.,
  .F.,.F.,(2,2),(-11.45,14.95),.PIECEWISE_BEZIER_KNOTS.);
#13177 = CARTESIAN_POINT('',(1.01,26.4));
#13178 = CARTESIAN_POINT('',(1.01,0.));
#13179 = ( GEOMETRIC_REPRESENTATION_CONTEXT(2) 
PARAMETRIC_REPRESENTATION_CONTEXT() REPRESENTATION_CONTEXT('2D SPACE',''
  ) );
#13180 = PCURVE('',#13181,#13186);
#13181 = PLANE('',#13182);
#13182 = AXIS2_PLACEMENT_3D('',#13183,#13184,#13185);
#13183 = CARTESIAN_POINT('',(31.,44.45,-2.4));
#13184 = DIRECTION('',(0.,0.,1.));
#13185 = DIRECTION('',(1.,0.,-0.));
#13186 = DEFINITIONAL_REPRESENTATION('',(#13187),#13190);
#13187 = B_SPLINE_CURVE_WITH_KNOTS('',1,(#13188,#13189),.UNSPECIFIED.,
  .F.,.F.,(2,2),(-11.45,14.95),.PIECEWISE_BEZIER_KNOTS.);
#13188 = CARTESIAN_POINT('',(-3.5,-43.35));
#13189 = CARTESIAN_POINT('',(-29.9,-43.35));
#13190 = ( GEOMETRIC_REPRESENTATION_CONTEXT(2) 
PARAMETRIC_REPRESENTATION_CONTEXT() REPRESENTATION_CONTEXT('2D SPACE',''
  ) );
#13191 = ORIENTED_EDGE('',*,*,#13192,.T.);
#13192 = EDGE_CURVE('',#13167,#12260,#13193,.T.);
#13193 = SURFACE_CURVE('',#13194,(#13198,#13205),.PCURVE_S1.);
#13194 = LINE('',#13195,#13196);
#13195 = CARTESIAN_POINT('',(1.1,1.1,-3.41));
#13196 = VECTOR('',#13197,1.);
#13197 = DIRECTION('',(0.,0.,1.));
#13198 = PCURVE('',#12274,#13199);
#13199 = DEFINITIONAL_REPRESENTATION('',(#13200),#13204);
#13200 = LINE('',#13201,#13202);
#13201 = CARTESIAN_POINT('',(0.,0.));
#13202 = VECTOR('',#13203,1.);
#13203 = DIRECTION('',(1.,0.));
#13204 = ( GEOMETRIC_REPRESENTATION_CONTEXT(2) 
PARAMETRIC_REPRESENTATION_CONTEXT() REPRESENTATION_CONTEXT('2D SPACE',''
  ) );
#13205 = PCURVE('',#12300,#13206);
#13206 = DEFINITIONAL_REPRESENTATION('',(#13207),#13211);
#13207 = LINE('',#13208,#13209);
#13208 = CARTESIAN_POINT('',(0.,0.));
#13209 = VECTOR('',#13210,1.);
#13210 = DIRECTION('',(1.,0.));
#13211 = ( GEOMETRIC_REPRESENTATION_CONTEXT(2) 
PARAMETRIC_REPRESENTATION_CONTEXT() REPRESENTATION_CONTEXT('2D SPACE',''
  ) );
#13212 = ORIENTED_EDGE('',*,*,#12257,.F.);
#13213 = ADVANCED_FACE('',(#13214),#12350,.T.);
#13214 = FACE_BOUND('',#13215,.T.);
#13215 = EDGE_LOOP('',(#13216,#13217,#13238,#13259));
#13216 = ORIENTED_EDGE('',*,*,#13143,.F.);
#13217 = ORIENTED_EDGE('',*,*,#13218,.T.);
#13218 = EDGE_CURVE('',#13144,#13219,#13221,.T.);
#13219 = VERTEX_POINT('',#13220);
#13220 = CARTESIAN_POINT('',(27.5,27.5,-2.4));
#13221 = SURFACE_CURVE('',#13222,(#13226,#13232),.PCURVE_S1.);
#13222 = LINE('',#13223,#13224);
#13223 = CARTESIAN_POINT('',(27.5,22.775,-2.4));
#13224 = VECTOR('',#13225,1.);
#13225 = DIRECTION('',(-0.,1.,0.));
#13226 = PCURVE('',#12350,#13227);
#13227 = DEFINITIONAL_REPRESENTATION('',(#13228),#13231);
#13228 = B_SPLINE_CURVE_WITH_KNOTS('',1,(#13229,#13230),.UNSPECIFIED.,
  .F.,.F.,(2,2),(-21.675,4.725),.PIECEWISE_BEZIER_KNOTS.);
#13229 = CARTESIAN_POINT('',(1.01,0.));
#13230 = CARTESIAN_POINT('',(1.01,-26.4));
#13231 = ( GEOMETRIC_REPRESENTATION_CONTEXT(2) 
PARAMETRIC_REPRESENTATION_CONTEXT() REPRESENTATION_CONTEXT('2D SPACE',''
  ) );
#13232 = PCURVE('',#13181,#13233);
#13233 = DEFINITIONAL_REPRESENTATION('',(#13234),#13237);
#13234 = B_SPLINE_CURVE_WITH_KNOTS('',1,(#13235,#13236),.UNSPECIFIED.,
  .F.,.F.,(2,2),(-21.675,4.725),.PIECEWISE_BEZIER_KNOTS.);
#13235 = CARTESIAN_POINT('',(-3.5,-43.35));
#13236 = CARTESIAN_POINT('',(-3.5,-16.95));
#13237 = ( GEOMETRIC_REPRESENTATION_CONTEXT(2) 
PARAMETRIC_REPRESENTATION_CONTEXT() REPRESENTATION_CONTEXT('2D SPACE',''
  ) );
#13238 = ORIENTED_EDGE('',*,*,#13239,.T.);
#13239 = EDGE_CURVE('',#13219,#12312,#13240,.T.);
#13240 = SURFACE_CURVE('',#13241,(#13245,#13252),.PCURVE_S1.);
#13241 = LINE('',#13242,#13243);
#13242 = CARTESIAN_POINT('',(27.5,27.5,-3.41));
#13243 = VECTOR('',#13244,1.);
#13244 = DIRECTION('',(0.,0.,1.));
#13245 = PCURVE('',#12350,#13246);
#13246 = DEFINITIONAL_REPRESENTATION('',(#13247),#13251);
#13247 = LINE('',#13248,#13249);
#13248 = CARTESIAN_POINT('',(0.,-26.4));
#13249 = VECTOR('',#13250,1.);
#13250 = DIRECTION('',(1.,0.));
#13251 = ( GEOMETRIC_REPRESENTATION_CONTEXT(2) 
PARAMETRIC_REPRESENTATION_CONTEXT() REPRESENTATION_CONTEXT('2D SPACE',''
  ) );
#13252 = PCURVE('',#12326,#13253);
#13253 = DEFINITIONAL_REPRESENTATION('',(#13254),#13258);
#13254 = LINE('',#13255,#13256);
#13255 = CARTESIAN_POINT('',(0.,26.4));
#13256 = VECTOR('',#13257,1.);
#13257 = DIRECTION('',(1.,0.));
#13258 = ( GEOMETRIC_REPRESENTATION_CONTEXT(2) 
PARAMETRIC_REPRESENTATION_CONTEXT() REPRESENTATION_CONTEXT('2D SPACE',''
  ) );
#13259 = ORIENTED_EDGE('',*,*,#12337,.F.);
#13260 = ADVANCED_FACE('',(#13261),#12326,.T.);
#13261 = FACE_BOUND('',#13262,.T.);
#13262 = EDGE_LOOP('',(#13263,#13264,#13285,#13306));
#13263 = ORIENTED_EDGE('',*,*,#13239,.F.);
#13264 = ORIENTED_EDGE('',*,*,#13265,.T.);
#13265 = EDGE_CURVE('',#13219,#13266,#13268,.T.);
#13266 = VERTEX_POINT('',#13267);
#13267 = CARTESIAN_POINT('',(1.1,27.5,-2.4));
#13268 = SURFACE_CURVE('',#13269,(#13273,#13279),.PCURVE_S1.);
#13269 = LINE('',#13270,#13271);
#13270 = CARTESIAN_POINT('',(16.05,27.5,-2.4));
#13271 = VECTOR('',#13272,1.);
#13272 = DIRECTION('',(-1.,-0.,0.));
#13273 = PCURVE('',#12326,#13274);
#13274 = DEFINITIONAL_REPRESENTATION('',(#13275),#13278);
#13275 = B_SPLINE_CURVE_WITH_KNOTS('',1,(#13276,#13277),.UNSPECIFIED.,
  .F.,.F.,(2,2),(-11.45,14.95),.PIECEWISE_BEZIER_KNOTS.);
#13276 = CARTESIAN_POINT('',(1.01,26.4));
#13277 = CARTESIAN_POINT('',(1.01,0.));
#13278 = ( GEOMETRIC_REPRESENTATION_CONTEXT(2) 
PARAMETRIC_REPRESENTATION_CONTEXT() REPRESENTATION_CONTEXT('2D SPACE',''
  ) );
#13279 = PCURVE('',#13181,#13280);
#13280 = DEFINITIONAL_REPRESENTATION('',(#13281),#13284);
#13281 = B_SPLINE_CURVE_WITH_KNOTS('',1,(#13282,#13283),.UNSPECIFIED.,
  .F.,.F.,(2,2),(-11.45,14.95),.PIECEWISE_BEZIER_KNOTS.);
#13282 = CARTESIAN_POINT('',(-3.5,-16.95));
#13283 = CARTESIAN_POINT('',(-29.9,-16.95));
#13284 = ( GEOMETRIC_REPRESENTATION_CONTEXT(2) 
PARAMETRIC_REPRESENTATION_CONTEXT() REPRESENTATION_CONTEXT('2D SPACE',''
  ) );
#13285 = ORIENTED_EDGE('',*,*,#13286,.T.);
#13286 = EDGE_CURVE('',#13266,#12286,#13287,.T.);
#13287 = SURFACE_CURVE('',#13288,(#13292,#13299),.PCURVE_S1.);
#13288 = LINE('',#13289,#13290);
#13289 = CARTESIAN_POINT('',(1.1,27.5,-3.41));
#13290 = VECTOR('',#13291,1.);
#13291 = DIRECTION('',(0.,0.,1.));
#13292 = PCURVE('',#12326,#13293);
#13293 = DEFINITIONAL_REPRESENTATION('',(#13294),#13298);
#13294 = LINE('',#13295,#13296);
#13295 = CARTESIAN_POINT('',(0.,0.));
#13296 = VECTOR('',#13297,1.);
#13297 = DIRECTION('',(1.,0.));
#13298 = ( GEOMETRIC_REPRESENTATION_CONTEXT(2) 
PARAMETRIC_REPRESENTATION_CONTEXT() REPRESENTATION_CONTEXT('2D SPACE',''
  ) );
#13299 = PCURVE('',#12300,#13300);
#13300 = DEFINITIONAL_REPRESENTATION('',(#13301),#13305);
#13301 = LINE('',#13302,#13303);
#13302 = CARTESIAN_POINT('',(0.,-26.4));
#13303 = VECTOR('',#13304,1.);
#13304 = DIRECTION('',(1.,0.));
#13305 = ( GEOMETRIC_REPRESENTATION_CONTEXT(2) 
PARAMETRIC_REPRESENTATION_CONTEXT() REPRESENTATION_CONTEXT('2D SPACE',''
  ) );
#13306 = ORIENTED_EDGE('',*,*,#12311,.F.);
#13307 = ADVANCED_FACE('',(#13308),#12300,.F.);
#13308 = FACE_BOUND('',#13309,.F.);
#13309 = EDGE_LOOP('',(#13310,#13311,#13330,#13331));
#13310 = ORIENTED_EDGE('',*,*,#13192,.F.);
#13311 = ORIENTED_EDGE('',*,*,#13312,.T.);
#13312 = EDGE_CURVE('',#13167,#13266,#13313,.T.);
#13313 = SURFACE_CURVE('',#13314,(#13318,#13324),.PCURVE_S1.);
#13314 = LINE('',#13315,#13316);
#13315 = CARTESIAN_POINT('',(1.1,22.775,-2.4));
#13316 = VECTOR('',#13317,1.);
#13317 = DIRECTION('',(-0.,1.,0.));
#13318 = PCURVE('',#12300,#13319);
#13319 = DEFINITIONAL_REPRESENTATION('',(#13320),#13323);
#13320 = B_SPLINE_CURVE_WITH_KNOTS('',1,(#13321,#13322),.UNSPECIFIED.,
  .F.,.F.,(2,2),(-21.675,4.725),.PIECEWISE_BEZIER_KNOTS.);
#13321 = CARTESIAN_POINT('',(1.01,0.));
#13322 = CARTESIAN_POINT('',(1.01,-26.4));
#13323 = ( GEOMETRIC_REPRESENTATION_CONTEXT(2) 
PARAMETRIC_REPRESENTATION_CONTEXT() REPRESENTATION_CONTEXT('2D SPACE',''
  ) );
#13324 = PCURVE('',#13181,#13325);
#13325 = DEFINITIONAL_REPRESENTATION('',(#13326),#13329);
#13326 = B_SPLINE_CURVE_WITH_KNOTS('',1,(#13327,#13328),.UNSPECIFIED.,
  .F.,.F.,(2,2),(-21.675,4.725),.PIECEWISE_BEZIER_KNOTS.);
#13327 = CARTESIAN_POINT('',(-29.9,-43.35));
#13328 = CARTESIAN_POINT('',(-29.9,-16.95));
#13329 = ( GEOMETRIC_REPRESENTATION_CONTEXT(2) 
PARAMETRIC_REPRESENTATION_CONTEXT() REPRESENTATION_CONTEXT('2D SPACE',''
  ) );
#13330 = ORIENTED_EDGE('',*,*,#13286,.T.);
#13331 = ORIENTED_EDGE('',*,*,#12285,.F.);
#13332 = ADVANCED_FACE('',(#13333),#12387,.F.);
#13333 = FACE_BOUND('',#13334,.F.);
#13334 = EDGE_LOOP('',(#13335,#13358,#13384,#13405));
#13335 = ORIENTED_EDGE('',*,*,#13336,.F.);
#13336 = EDGE_CURVE('',#13337,#12371,#13339,.T.);
#13337 = VERTEX_POINT('',#13338);
#13338 = CARTESIAN_POINT('',(60.9,1.1,-2.4));
#13339 = SURFACE_CURVE('',#13340,(#13344,#13351),.PCURVE_S1.);
#13340 = LINE('',#13341,#13342);
#13341 = CARTESIAN_POINT('',(60.9,1.1,-3.41));
#13342 = VECTOR('',#13343,1.);
#13343 = DIRECTION('',(0.,0.,1.));
#13344 = PCURVE('',#12387,#13345);
#13345 = DEFINITIONAL_REPRESENTATION('',(#13346),#13350);
#13346 = LINE('',#13347,#13348);
#13347 = CARTESIAN_POINT('',(0.,26.4));
#13348 = VECTOR('',#13349,1.);
#13349 = DIRECTION('',(1.,0.));
#13350 = ( GEOMETRIC_REPRESENTATION_CONTEXT(2) 
PARAMETRIC_REPRESENTATION_CONTEXT() REPRESENTATION_CONTEXT('2D SPACE',''
  ) );
#13351 = PCURVE('',#12463,#13352);
#13352 = DEFINITIONAL_REPRESENTATION('',(#13353),#13357);
#13353 = LINE('',#13354,#13355);
#13354 = CARTESIAN_POINT('',(0.,0.));
#13355 = VECTOR('',#13356,1.);
#13356 = DIRECTION('',(1.,0.));
#13357 = ( GEOMETRIC_REPRESENTATION_CONTEXT(2) 
PARAMETRIC_REPRESENTATION_CONTEXT() REPRESENTATION_CONTEXT('2D SPACE',''
  ) );
#13358 = ORIENTED_EDGE('',*,*,#13359,.T.);
#13359 = EDGE_CURVE('',#13337,#13360,#13362,.T.);
#13360 = VERTEX_POINT('',#13361);
#13361 = CARTESIAN_POINT('',(34.5,1.1,-2.4));
#13362 = SURFACE_CURVE('',#13363,(#13367,#13373),.PCURVE_S1.);
#13363 = LINE('',#13364,#13365);
#13364 = CARTESIAN_POINT('',(32.75,1.1,-2.4));
#13365 = VECTOR('',#13366,1.);
#13366 = DIRECTION('',(-1.,-0.,0.));
#13367 = PCURVE('',#12387,#13368);
#13368 = DEFINITIONAL_REPRESENTATION('',(#13369),#13372);
#13369 = B_SPLINE_CURVE_WITH_KNOTS('',1,(#13370,#13371),.UNSPECIFIED.,
  .F.,.F.,(2,2),(-28.15,-1.75),.PIECEWISE_BEZIER_KNOTS.);
#13370 = CARTESIAN_POINT('',(1.01,26.4));
#13371 = CARTESIAN_POINT('',(1.01,0.));
#13372 = ( GEOMETRIC_REPRESENTATION_CONTEXT(2) 
PARAMETRIC_REPRESENTATION_CONTEXT() REPRESENTATION_CONTEXT('2D SPACE',''
  ) );
#13373 = PCURVE('',#13374,#13379);
#13374 = PLANE('',#13375);
#13375 = AXIS2_PLACEMENT_3D('',#13376,#13377,#13378);
#13376 = CARTESIAN_POINT('',(31.,44.45,-2.4));
#13377 = DIRECTION('',(0.,0.,1.));
#13378 = DIRECTION('',(1.,0.,-0.));
#13379 = DEFINITIONAL_REPRESENTATION('',(#13380),#13383);
#13380 = B_SPLINE_CURVE_WITH_KNOTS('',1,(#13381,#13382),.UNSPECIFIED.,
  .F.,.F.,(2,2),(-28.15,-1.75),.PIECEWISE_BEZIER_KNOTS.);
#13381 = CARTESIAN_POINT('',(29.9,-43.35));
#13382 = CARTESIAN_POINT('',(3.5,-43.35));
#13383 = ( GEOMETRIC_REPRESENTATION_CONTEXT(2) 
PARAMETRIC_REPRESENTATION_CONTEXT() REPRESENTATION_CONTEXT('2D SPACE',''
  ) );
#13384 = ORIENTED_EDGE('',*,*,#13385,.T.);
#13385 = EDGE_CURVE('',#13360,#12373,#13386,.T.);
#13386 = SURFACE_CURVE('',#13387,(#13391,#13398),.PCURVE_S1.);
#13387 = LINE('',#13388,#13389);
#13388 = CARTESIAN_POINT('',(34.5,1.1,-3.41));
#13389 = VECTOR('',#13390,1.);
#13390 = DIRECTION('',(0.,0.,1.));
#13391 = PCURVE('',#12387,#13392);
#13392 = DEFINITIONAL_REPRESENTATION('',(#13393),#13397);
#13393 = LINE('',#13394,#13395);
#13394 = CARTESIAN_POINT('',(0.,0.));
#13395 = VECTOR('',#13396,1.);
#13396 = DIRECTION('',(1.,0.));
#13397 = ( GEOMETRIC_REPRESENTATION_CONTEXT(2) 
PARAMETRIC_REPRESENTATION_CONTEXT() REPRESENTATION_CONTEXT('2D SPACE',''
  ) );
#13398 = PCURVE('',#12413,#13399);
#13399 = DEFINITIONAL_REPRESENTATION('',(#13400),#13404);
#13400 = LINE('',#13401,#13402);
#13401 = CARTESIAN_POINT('',(0.,0.));
#13402 = VECTOR('',#13403,1.);
#13403 = DIRECTION('',(1.,0.));
#13404 = ( GEOMETRIC_REPRESENTATION_CONTEXT(2) 
PARAMETRIC_REPRESENTATION_CONTEXT() REPRESENTATION_CONTEXT('2D SPACE',''
  ) );
#13405 = ORIENTED_EDGE('',*,*,#12370,.F.);
#13406 = ADVANCED_FACE('',(#13407),#12463,.T.);
#13407 = FACE_BOUND('',#13408,.T.);
#13408 = EDGE_LOOP('',(#13409,#13410,#13431,#13452));
#13409 = ORIENTED_EDGE('',*,*,#13336,.F.);
#13410 = ORIENTED_EDGE('',*,*,#13411,.T.);
#13411 = EDGE_CURVE('',#13337,#13412,#13414,.T.);
#13412 = VERTEX_POINT('',#13413);
#13413 = CARTESIAN_POINT('',(60.9,27.5,-2.4));
#13414 = SURFACE_CURVE('',#13415,(#13419,#13425),.PCURVE_S1.);
#13415 = LINE('',#13416,#13417);
#13416 = CARTESIAN_POINT('',(60.9,22.775,-2.4));
#13417 = VECTOR('',#13418,1.);
#13418 = DIRECTION('',(-0.,1.,0.));
#13419 = PCURVE('',#12463,#13420);
#13420 = DEFINITIONAL_REPRESENTATION('',(#13421),#13424);
#13421 = B_SPLINE_CURVE_WITH_KNOTS('',1,(#13422,#13423),.UNSPECIFIED.,
  .F.,.F.,(2,2),(-21.675,4.725),.PIECEWISE_BEZIER_KNOTS.);
#13422 = CARTESIAN_POINT('',(1.01,0.));
#13423 = CARTESIAN_POINT('',(1.01,-26.4));
#13424 = ( GEOMETRIC_REPRESENTATION_CONTEXT(2) 
PARAMETRIC_REPRESENTATION_CONTEXT() REPRESENTATION_CONTEXT('2D SPACE',''
  ) );
#13425 = PCURVE('',#13374,#13426);
#13426 = DEFINITIONAL_REPRESENTATION('',(#13427),#13430);
#13427 = B_SPLINE_CURVE_WITH_KNOTS('',1,(#13428,#13429),.UNSPECIFIED.,
  .F.,.F.,(2,2),(-21.675,4.725),.PIECEWISE_BEZIER_KNOTS.);
#13428 = CARTESIAN_POINT('',(29.9,-43.35));
#13429 = CARTESIAN_POINT('',(29.9,-16.95));
#13430 = ( GEOMETRIC_REPRESENTATION_CONTEXT(2) 
PARAMETRIC_REPRESENTATION_CONTEXT() REPRESENTATION_CONTEXT('2D SPACE',''
  ) );
#13431 = ORIENTED_EDGE('',*,*,#13432,.T.);
#13432 = EDGE_CURVE('',#13412,#12425,#13433,.T.);
#13433 = SURFACE_CURVE('',#13434,(#13438,#13445),.PCURVE_S1.);
#13434 = LINE('',#13435,#13436);
#13435 = CARTESIAN_POINT('',(60.9,27.5,-3.41));
#13436 = VECTOR('',#13437,1.);
#13437 = DIRECTION('',(0.,0.,1.));
#13438 = PCURVE('',#12463,#13439);
#13439 = DEFINITIONAL_REPRESENTATION('',(#13440),#13444);
#13440 = LINE('',#13441,#13442);
#13441 = CARTESIAN_POINT('',(0.,-26.4));
#13442 = VECTOR('',#13443,1.);
#13443 = DIRECTION('',(1.,0.));
#13444 = ( GEOMETRIC_REPRESENTATION_CONTEXT(2) 
PARAMETRIC_REPRESENTATION_CONTEXT() REPRESENTATION_CONTEXT('2D SPACE',''
  ) );
#13445 = PCURVE('',#12439,#13446);
#13446 = DEFINITIONAL_REPRESENTATION('',(#13447),#13451);
#13447 = LINE('',#13448,#13449);
#13448 = CARTESIAN_POINT('',(0.,26.4));
#13449 = VECTOR('',#13450,1.);
#13450 = DIRECTION('',(1.,0.));
#13451 = ( GEOMETRIC_REPRESENTATION_CONTEXT(2) 
PARAMETRIC_REPRESENTATION_CONTEXT() REPRESENTATION_CONTEXT('2D SPACE',''
  ) );
#13452 = ORIENTED_EDGE('',*,*,#12450,.F.);
#13453 = ADVANCED_FACE('',(#13454),#12439,.T.);
#13454 = FACE_BOUND('',#13455,.T.);
#13455 = EDGE_LOOP('',(#13456,#13457,#13478,#13499));
#13456 = ORIENTED_EDGE('',*,*,#13432,.F.);
#13457 = ORIENTED_EDGE('',*,*,#13458,.T.);
#13458 = EDGE_CURVE('',#13412,#13459,#13461,.T.);
#13459 = VERTEX_POINT('',#13460);
#13460 = CARTESIAN_POINT('',(34.5,27.5,-2.4));
#13461 = SURFACE_CURVE('',#13462,(#13466,#13472),.PCURVE_S1.);
#13462 = LINE('',#13463,#13464);
#13463 = CARTESIAN_POINT('',(32.75,27.5,-2.4));
#13464 = VECTOR('',#13465,1.);
#13465 = DIRECTION('',(-1.,-0.,0.));
#13466 = PCURVE('',#12439,#13467);
#13467 = DEFINITIONAL_REPRESENTATION('',(#13468),#13471);
#13468 = B_SPLINE_CURVE_WITH_KNOTS('',1,(#13469,#13470),.UNSPECIFIED.,
  .F.,.F.,(2,2),(-28.15,-1.75),.PIECEWISE_BEZIER_KNOTS.);
#13469 = CARTESIAN_POINT('',(1.01,26.4));
#13470 = CARTESIAN_POINT('',(1.01,0.));
#13471 = ( GEOMETRIC_REPRESENTATION_CONTEXT(2) 
PARAMETRIC_REPRESENTATION_CONTEXT() REPRESENTATION_CONTEXT('2D SPACE',''
  ) );
#13472 = PCURVE('',#13374,#13473);
#13473 = DEFINITIONAL_REPRESENTATION('',(#13474),#13477);
#13474 = B_SPLINE_CURVE_WITH_KNOTS('',1,(#13475,#13476),.UNSPECIFIED.,
  .F.,.F.,(2,2),(-28.15,-1.75),.PIECEWISE_BEZIER_KNOTS.);
#13475 = CARTESIAN_POINT('',(29.9,-16.95));
#13476 = CARTESIAN_POINT('',(3.5,-16.95));
#13477 = ( GEOMETRIC_REPRESENTATION_CONTEXT(2) 
PARAMETRIC_REPRESENTATION_CONTEXT() REPRESENTATION_CONTEXT('2D SPACE',''
  ) );
#13478 = ORIENTED_EDGE('',*,*,#13479,.T.);
#13479 = EDGE_CURVE('',#13459,#12399,#13480,.T.);
#13480 = SURFACE_CURVE('',#13481,(#13485,#13492),.PCURVE_S1.);
#13481 = LINE('',#13482,#13483);
#13482 = CARTESIAN_POINT('',(34.5,27.5,-3.41));
#13483 = VECTOR('',#13484,1.);
#13484 = DIRECTION('',(0.,0.,1.));
#13485 = PCURVE('',#12439,#13486);
#13486 = DEFINITIONAL_REPRESENTATION('',(#13487),#13491);
#13487 = LINE('',#13488,#13489);
#13488 = CARTESIAN_POINT('',(0.,0.));
#13489 = VECTOR('',#13490,1.);
#13490 = DIRECTION('',(1.,0.));
#13491 = ( GEOMETRIC_REPRESENTATION_CONTEXT(2) 
PARAMETRIC_REPRESENTATION_CONTEXT() REPRESENTATION_CONTEXT('2D SPACE',''
  ) );
#13492 = PCURVE('',#12413,#13493);
#13493 = DEFINITIONAL_REPRESENTATION('',(#13494),#13498);
#13494 = LINE('',#13495,#13496);
#13495 = CARTESIAN_POINT('',(0.,-26.4));
#13496 = VECTOR('',#13497,1.);
#13497 = DIRECTION('',(1.,0.));
#13498 = ( GEOMETRIC_REPRESENTATION_CONTEXT(2) 
PARAMETRIC_REPRESENTATION_CONTEXT() REPRESENTATION_CONTEXT('2D SPACE',''
  ) );
#13499 = ORIENTED_EDGE('',*,*,#12424,.F.);
#13500 = ADVANCED_FACE('',(#13501),#12413,.F.);
#13501 = FACE_BOUND('',#13502,.F.);
#13502 = EDGE_LOOP('',(#13503,#13504,#13523,#13524));
#13503 = ORIENTED_EDGE('',*,*,#13385,.F.);
#13504 = ORIENTED_EDGE('',*,*,#13505,.T.);
#13505 = EDGE_CURVE('',#13360,#13459,#13506,.T.);
#13506 = SURFACE_CURVE('',#13507,(#13511,#13517),.PCURVE_S1.);
#13507 = LINE('',#13508,#13509);
#13508 = CARTESIAN_POINT('',(34.5,22.775,-2.4));
#13509 = VECTOR('',#13510,1.);
#13510 = DIRECTION('',(-0.,1.,0.));
#13511 = PCURVE('',#12413,#13512);
#13512 = DEFINITIONAL_REPRESENTATION('',(#13513),#13516);
#13513 = B_SPLINE_CURVE_WITH_KNOTS('',1,(#13514,#13515),.UNSPECIFIED.,
  .F.,.F.,(2,2),(-21.675,4.725),.PIECEWISE_BEZIER_KNOTS.);
#13514 = CARTESIAN_POINT('',(1.01,0.));
#13515 = CARTESIAN_POINT('',(1.01,-26.4));
#13516 = ( GEOMETRIC_REPRESENTATION_CONTEXT(2) 
PARAMETRIC_REPRESENTATION_CONTEXT() REPRESENTATION_CONTEXT('2D SPACE',''
  ) );
#13517 = PCURVE('',#13374,#13518);
#13518 = DEFINITIONAL_REPRESENTATION('',(#13519),#13522);
#13519 = B_SPLINE_CURVE_WITH_KNOTS('',1,(#13520,#13521),.UNSPECIFIED.,
  .F.,.F.,(2,2),(-21.675,4.725),.PIECEWISE_BEZIER_KNOTS.);
#13520 = CARTESIAN_POINT('',(3.5,-43.35));
#13521 = CARTESIAN_POINT('',(3.5,-16.95));
#13522 = ( GEOMETRIC_REPRESENTATION_CONTEXT(2) 
PARAMETRIC_REPRESENTATION_CONTEXT() REPRESENTATION_CONTEXT('2D SPACE',''
  ) );
#13523 = ORIENTED_EDGE('',*,*,#13479,.T.);
#13524 = ORIENTED_EDGE('',*,*,#12398,.F.);
#13525 = ADVANCED_FACE('',(#13526),#12500,.F.);
#13526 = FACE_BOUND('',#13527,.F.);
#13527 = EDGE_LOOP('',(#13528,#13551,#13577,#13598));
#13528 = ORIENTED_EDGE('',*,*,#13529,.F.);
#13529 = EDGE_CURVE('',#13530,#12484,#13532,.T.);
#13530 = VERTEX_POINT('',#13531);
#13531 = CARTESIAN_POINT('',(27.5,61.4,-2.4));
#13532 = SURFACE_CURVE('',#13533,(#13537,#13544),.PCURVE_S1.);
#13533 = LINE('',#13534,#13535);
#13534 = CARTESIAN_POINT('',(27.5,61.4,-3.41));
#13535 = VECTOR('',#13536,1.);
#13536 = DIRECTION('',(0.,0.,1.));
#13537 = PCURVE('',#12500,#13538);
#13538 = DEFINITIONAL_REPRESENTATION('',(#13539),#13543);
#13539 = LINE('',#13540,#13541);
#13540 = CARTESIAN_POINT('',(0.,26.4));
#13541 = VECTOR('',#13542,1.);
#13542 = DIRECTION('',(1.,0.));
#13543 = ( GEOMETRIC_REPRESENTATION_CONTEXT(2) 
PARAMETRIC_REPRESENTATION_CONTEXT() REPRESENTATION_CONTEXT('2D SPACE',''
  ) );
#13544 = PCURVE('',#12576,#13545);
#13545 = DEFINITIONAL_REPRESENTATION('',(#13546),#13550);
#13546 = LINE('',#13547,#13548);
#13547 = CARTESIAN_POINT('',(0.,0.));
#13548 = VECTOR('',#13549,1.);
#13549 = DIRECTION('',(1.,0.));
#13550 = ( GEOMETRIC_REPRESENTATION_CONTEXT(2) 
PARAMETRIC_REPRESENTATION_CONTEXT() REPRESENTATION_CONTEXT('2D SPACE',''
  ) );
#13551 = ORIENTED_EDGE('',*,*,#13552,.T.);
#13552 = EDGE_CURVE('',#13530,#13553,#13555,.T.);
#13553 = VERTEX_POINT('',#13554);
#13554 = CARTESIAN_POINT('',(1.1,61.4,-2.4));
#13555 = SURFACE_CURVE('',#13556,(#13560,#13566),.PCURVE_S1.);
#13556 = LINE('',#13557,#13558);
#13557 = CARTESIAN_POINT('',(16.05,61.4,-2.4));
#13558 = VECTOR('',#13559,1.);
#13559 = DIRECTION('',(-1.,-0.,0.));
#13560 = PCURVE('',#12500,#13561);
#13561 = DEFINITIONAL_REPRESENTATION('',(#13562),#13565);
#13562 = B_SPLINE_CURVE_WITH_KNOTS('',1,(#13563,#13564),.UNSPECIFIED.,
  .F.,.F.,(2,2),(-11.45,14.95),.PIECEWISE_BEZIER_KNOTS.);
#13563 = CARTESIAN_POINT('',(1.01,26.4));
#13564 = CARTESIAN_POINT('',(1.01,0.));
#13565 = ( GEOMETRIC_REPRESENTATION_CONTEXT(2) 
PARAMETRIC_REPRESENTATION_CONTEXT() REPRESENTATION_CONTEXT('2D SPACE',''
  ) );
#13566 = PCURVE('',#13567,#13572);
#13567 = PLANE('',#13568);
#13568 = AXIS2_PLACEMENT_3D('',#13569,#13570,#13571);
#13569 = CARTESIAN_POINT('',(31.,44.45,-2.4));
#13570 = DIRECTION('',(0.,0.,1.));
#13571 = DIRECTION('',(1.,0.,-0.));
#13572 = DEFINITIONAL_REPRESENTATION('',(#13573),#13576);
#13573 = B_SPLINE_CURVE_WITH_KNOTS('',1,(#13574,#13575),.UNSPECIFIED.,
  .F.,.F.,(2,2),(-11.45,14.95),.PIECEWISE_BEZIER_KNOTS.);
#13574 = CARTESIAN_POINT('',(-3.5,16.95));
#13575 = CARTESIAN_POINT('',(-29.9,16.95));
#13576 = ( GEOMETRIC_REPRESENTATION_CONTEXT(2) 
PARAMETRIC_REPRESENTATION_CONTEXT() REPRESENTATION_CONTEXT('2D SPACE',''
  ) );
#13577 = ORIENTED_EDGE('',*,*,#13578,.T.);
#13578 = EDGE_CURVE('',#13553,#12486,#13579,.T.);
#13579 = SURFACE_CURVE('',#13580,(#13584,#13591),.PCURVE_S1.);
#13580 = LINE('',#13581,#13582);
#13581 = CARTESIAN_POINT('',(1.1,61.4,-3.41));
#13582 = VECTOR('',#13583,1.);
#13583 = DIRECTION('',(0.,0.,1.));
#13584 = PCURVE('',#12500,#13585);
#13585 = DEFINITIONAL_REPRESENTATION('',(#13586),#13590);
#13586 = LINE('',#13587,#13588);
#13587 = CARTESIAN_POINT('',(0.,0.));
#13588 = VECTOR('',#13589,1.);
#13589 = DIRECTION('',(1.,0.));
#13590 = ( GEOMETRIC_REPRESENTATION_CONTEXT(2) 
PARAMETRIC_REPRESENTATION_CONTEXT() REPRESENTATION_CONTEXT('2D SPACE',''
  ) );
#13591 = PCURVE('',#12526,#13592);
#13592 = DEFINITIONAL_REPRESENTATION('',(#13593),#13597);
#13593 = LINE('',#13594,#13595);
#13594 = CARTESIAN_POINT('',(0.,0.));
#13595 = VECTOR('',#13596,1.);
#13596 = DIRECTION('',(1.,0.));
#13597 = ( GEOMETRIC_REPRESENTATION_CONTEXT(2) 
PARAMETRIC_REPRESENTATION_CONTEXT() REPRESENTATION_CONTEXT('2D SPACE',''
  ) );
#13598 = ORIENTED_EDGE('',*,*,#12483,.F.);
#13599 = ADVANCED_FACE('',(#13600),#12576,.T.);
#13600 = FACE_BOUND('',#13601,.T.);
#13601 = EDGE_LOOP('',(#13602,#13603,#13624,#13645));
#13602 = ORIENTED_EDGE('',*,*,#13529,.F.);
#13603 = ORIENTED_EDGE('',*,*,#13604,.T.);
#13604 = EDGE_CURVE('',#13530,#13605,#13607,.T.);
#13605 = VERTEX_POINT('',#13606);
#13606 = CARTESIAN_POINT('',(27.5,87.8,-2.4));
#13607 = SURFACE_CURVE('',#13608,(#13612,#13618),.PCURVE_S1.);
#13608 = LINE('',#13609,#13610);
#13609 = CARTESIAN_POINT('',(27.5,52.925,-2.4));
#13610 = VECTOR('',#13611,1.);
#13611 = DIRECTION('',(-0.,1.,0.));
#13612 = PCURVE('',#12576,#13613);
#13613 = DEFINITIONAL_REPRESENTATION('',(#13614),#13617);
#13614 = B_SPLINE_CURVE_WITH_KNOTS('',1,(#13615,#13616),.UNSPECIFIED.,
  .F.,.F.,(2,2),(8.475,34.875),.PIECEWISE_BEZIER_KNOTS.);
#13615 = CARTESIAN_POINT('',(1.01,0.));
#13616 = CARTESIAN_POINT('',(1.01,-26.4));
#13617 = ( GEOMETRIC_REPRESENTATION_CONTEXT(2) 
PARAMETRIC_REPRESENTATION_CONTEXT() REPRESENTATION_CONTEXT('2D SPACE',''
  ) );
#13618 = PCURVE('',#13567,#13619);
#13619 = DEFINITIONAL_REPRESENTATION('',(#13620),#13623);
#13620 = B_SPLINE_CURVE_WITH_KNOTS('',1,(#13621,#13622),.UNSPECIFIED.,
  .F.,.F.,(2,2),(8.475,34.875),.PIECEWISE_BEZIER_KNOTS.);
#13621 = CARTESIAN_POINT('',(-3.5,16.95));
#13622 = CARTESIAN_POINT('',(-3.5,43.35));
#13623 = ( GEOMETRIC_REPRESENTATION_CONTEXT(2) 
PARAMETRIC_REPRESENTATION_CONTEXT() REPRESENTATION_CONTEXT('2D SPACE',''
  ) );
#13624 = ORIENTED_EDGE('',*,*,#13625,.T.);
#13625 = EDGE_CURVE('',#13605,#12538,#13626,.T.);
#13626 = SURFACE_CURVE('',#13627,(#13631,#13638),.PCURVE_S1.);
#13627 = LINE('',#13628,#13629);
#13628 = CARTESIAN_POINT('',(27.5,87.8,-3.41));
#13629 = VECTOR('',#13630,1.);
#13630 = DIRECTION('',(0.,0.,1.));
#13631 = PCURVE('',#12576,#13632);
#13632 = DEFINITIONAL_REPRESENTATION('',(#13633),#13637);
#13633 = LINE('',#13634,#13635);
#13634 = CARTESIAN_POINT('',(0.,-26.4));
#13635 = VECTOR('',#13636,1.);
#13636 = DIRECTION('',(1.,0.));
#13637 = ( GEOMETRIC_REPRESENTATION_CONTEXT(2) 
PARAMETRIC_REPRESENTATION_CONTEXT() REPRESENTATION_CONTEXT('2D SPACE',''
  ) );
#13638 = PCURVE('',#12552,#13639);
#13639 = DEFINITIONAL_REPRESENTATION('',(#13640),#13644);
#13640 = LINE('',#13641,#13642);
#13641 = CARTESIAN_POINT('',(0.,26.4));
#13642 = VECTOR('',#13643,1.);
#13643 = DIRECTION('',(1.,0.));
#13644 = ( GEOMETRIC_REPRESENTATION_CONTEXT(2) 
PARAMETRIC_REPRESENTATION_CONTEXT() REPRESENTATION_CONTEXT('2D SPACE',''
  ) );
#13645 = ORIENTED_EDGE('',*,*,#12563,.F.);
#13646 = ADVANCED_FACE('',(#13647),#12552,.T.);
#13647 = FACE_BOUND('',#13648,.T.);
#13648 = EDGE_LOOP('',(#13649,#13650,#13671,#13692));
#13649 = ORIENTED_EDGE('',*,*,#13625,.F.);
#13650 = ORIENTED_EDGE('',*,*,#13651,.T.);
#13651 = EDGE_CURVE('',#13605,#13652,#13654,.T.);
#13652 = VERTEX_POINT('',#13653);
#13653 = CARTESIAN_POINT('',(1.1,87.8,-2.4));
#13654 = SURFACE_CURVE('',#13655,(#13659,#13665),.PCURVE_S1.);
#13655 = LINE('',#13656,#13657);
#13656 = CARTESIAN_POINT('',(16.05,87.8,-2.4));
#13657 = VECTOR('',#13658,1.);
#13658 = DIRECTION('',(-1.,-0.,0.));
#13659 = PCURVE('',#12552,#13660);
#13660 = DEFINITIONAL_REPRESENTATION('',(#13661),#13664);
#13661 = B_SPLINE_CURVE_WITH_KNOTS('',1,(#13662,#13663),.UNSPECIFIED.,
  .F.,.F.,(2,2),(-11.45,14.95),.PIECEWISE_BEZIER_KNOTS.);
#13662 = CARTESIAN_POINT('',(1.01,26.4));
#13663 = CARTESIAN_POINT('',(1.01,0.));
#13664 = ( GEOMETRIC_REPRESENTATION_CONTEXT(2) 
PARAMETRIC_REPRESENTATION_CONTEXT() REPRESENTATION_CONTEXT('2D SPACE',''
  ) );
#13665 = PCURVE('',#13567,#13666);
#13666 = DEFINITIONAL_REPRESENTATION('',(#13667),#13670);
#13667 = B_SPLINE_CURVE_WITH_KNOTS('',1,(#13668,#13669),.UNSPECIFIED.,
  .F.,.F.,(2,2),(-11.45,14.95),.PIECEWISE_BEZIER_KNOTS.);
#13668 = CARTESIAN_POINT('',(-3.5,43.35));
#13669 = CARTESIAN_POINT('',(-29.9,43.35));
#13670 = ( GEOMETRIC_REPRESENTATION_CONTEXT(2) 
PARAMETRIC_REPRESENTATION_CONTEXT() REPRESENTATION_CONTEXT('2D SPACE',''
  ) );
#13671 = ORIENTED_EDGE('',*,*,#13672,.T.);
#13672 = EDGE_CURVE('',#13652,#12512,#13673,.T.);
#13673 = SURFACE_CURVE('',#13674,(#13678,#13685),.PCURVE_S1.);
#13674 = LINE('',#13675,#13676);
#13675 = CARTESIAN_POINT('',(1.1,87.8,-3.41));
#13676 = VECTOR('',#13677,1.);
#13677 = DIRECTION('',(0.,0.,1.));
#13678 = PCURVE('',#12552,#13679);
#13679 = DEFINITIONAL_REPRESENTATION('',(#13680),#13684);
#13680 = LINE('',#13681,#13682);
#13681 = CARTESIAN_POINT('',(0.,0.));
#13682 = VECTOR('',#13683,1.);
#13683 = DIRECTION('',(1.,0.));
#13684 = ( GEOMETRIC_REPRESENTATION_CONTEXT(2) 
PARAMETRIC_REPRESENTATION_CONTEXT() REPRESENTATION_CONTEXT('2D SPACE',''
  ) );
#13685 = PCURVE('',#12526,#13686);
#13686 = DEFINITIONAL_REPRESENTATION('',(#13687),#13691);
#13687 = LINE('',#13688,#13689);
#13688 = CARTESIAN_POINT('',(0.,-26.4));
#13689 = VECTOR('',#13690,1.);
#13690 = DIRECTION('',(1.,0.));
#13691 = ( GEOMETRIC_REPRESENTATION_CONTEXT(2) 
PARAMETRIC_REPRESENTATION_CONTEXT() REPRESENTATION_CONTEXT('2D SPACE',''
  ) );
#13692 = ORIENTED_EDGE('',*,*,#12537,.F.);
#13693 = ADVANCED_FACE('',(#13694),#12526,.F.);
#13694 = FACE_BOUND('',#13695,.F.);
#13695 = EDGE_LOOP('',(#13696,#13697,#13716,#13717));
#13696 = ORIENTED_EDGE('',*,*,#13578,.F.);
#13697 = ORIENTED_EDGE('',*,*,#13698,.T.);
#13698 = EDGE_CURVE('',#13553,#13652,#13699,.T.);
#13699 = SURFACE_CURVE('',#13700,(#13704,#13710),.PCURVE_S1.);
#13700 = LINE('',#13701,#13702);
#13701 = CARTESIAN_POINT('',(1.1,52.925,-2.4));
#13702 = VECTOR('',#13703,1.);
#13703 = DIRECTION('',(-0.,1.,0.));
#13704 = PCURVE('',#12526,#13705);
#13705 = DEFINITIONAL_REPRESENTATION('',(#13706),#13709);
#13706 = B_SPLINE_CURVE_WITH_KNOTS('',1,(#13707,#13708),.UNSPECIFIED.,
  .F.,.F.,(2,2),(8.475,34.875),.PIECEWISE_BEZIER_KNOTS.);
#13707 = CARTESIAN_POINT('',(1.01,0.));
#13708 = CARTESIAN_POINT('',(1.01,-26.4));
#13709 = ( GEOMETRIC_REPRESENTATION_CONTEXT(2) 
PARAMETRIC_REPRESENTATION_CONTEXT() REPRESENTATION_CONTEXT('2D SPACE',''
  ) );
#13710 = PCURVE('',#13567,#13711);
#13711 = DEFINITIONAL_REPRESENTATION('',(#13712),#13715);
#13712 = B_SPLINE_CURVE_WITH_KNOTS('',1,(#13713,#13714),.UNSPECIFIED.,
  .F.,.F.,(2,2),(8.475,34.875),.PIECEWISE_BEZIER_KNOTS.);
#13713 = CARTESIAN_POINT('',(-29.9,16.95));
#13714 = CARTESIAN_POINT('',(-29.9,43.35));
#13715 = ( GEOMETRIC_REPRESENTATION_CONTEXT(2) 
PARAMETRIC_REPRESENTATION_CONTEXT() REPRESENTATION_CONTEXT('2D SPACE',''
  ) );
#13716 = ORIENTED_EDGE('',*,*,#13672,.T.);
#13717 = ORIENTED_EDGE('',*,*,#12511,.F.);
#13718 = ADVANCED_FACE('',(#13719),#12613,.F.);
#13719 = FACE_BOUND('',#13720,.F.);
#13720 = EDGE_LOOP('',(#13721,#13744,#13770,#13791));
#13721 = ORIENTED_EDGE('',*,*,#13722,.F.);
#13722 = EDGE_CURVE('',#13723,#12597,#13725,.T.);
#13723 = VERTEX_POINT('',#13724);
#13724 = CARTESIAN_POINT('',(60.9,61.4,-2.4));
#13725 = SURFACE_CURVE('',#13726,(#13730,#13737),.PCURVE_S1.);
#13726 = LINE('',#13727,#13728);
#13727 = CARTESIAN_POINT('',(60.9,61.4,-3.41));
#13728 = VECTOR('',#13729,1.);
#13729 = DIRECTION('',(0.,0.,1.));
#13730 = PCURVE('',#12613,#13731);
#13731 = DEFINITIONAL_REPRESENTATION('',(#13732),#13736);
#13732 = LINE('',#13733,#13734);
#13733 = CARTESIAN_POINT('',(0.,26.4));
#13734 = VECTOR('',#13735,1.);
#13735 = DIRECTION('',(1.,0.));
#13736 = ( GEOMETRIC_REPRESENTATION_CONTEXT(2) 
PARAMETRIC_REPRESENTATION_CONTEXT() REPRESENTATION_CONTEXT('2D SPACE',''
  ) );
#13737 = PCURVE('',#12689,#13738);
#13738 = DEFINITIONAL_REPRESENTATION('',(#13739),#13743);
#13739 = LINE('',#13740,#13741);
#13740 = CARTESIAN_POINT('',(0.,0.));
#13741 = VECTOR('',#13742,1.);
#13742 = DIRECTION('',(1.,0.));
#13743 = ( GEOMETRIC_REPRESENTATION_CONTEXT(2) 
PARAMETRIC_REPRESENTATION_CONTEXT() REPRESENTATION_CONTEXT('2D SPACE',''
  ) );
#13744 = ORIENTED_EDGE('',*,*,#13745,.T.);
#13745 = EDGE_CURVE('',#13723,#13746,#13748,.T.);
#13746 = VERTEX_POINT('',#13747);
#13747 = CARTESIAN_POINT('',(34.5,61.4,-2.4));
#13748 = SURFACE_CURVE('',#13749,(#13753,#13759),.PCURVE_S1.);
#13749 = LINE('',#13750,#13751);
#13750 = CARTESIAN_POINT('',(32.75,61.4,-2.4));
#13751 = VECTOR('',#13752,1.);
#13752 = DIRECTION('',(-1.,-0.,0.));
#13753 = PCURVE('',#12613,#13754);
#13754 = DEFINITIONAL_REPRESENTATION('',(#13755),#13758);
#13755 = B_SPLINE_CURVE_WITH_KNOTS('',1,(#13756,#13757),.UNSPECIFIED.,
  .F.,.F.,(2,2),(-28.15,-1.75),.PIECEWISE_BEZIER_KNOTS.);
#13756 = CARTESIAN_POINT('',(1.01,26.4));
#13757 = CARTESIAN_POINT('',(1.01,0.));
#13758 = ( GEOMETRIC_REPRESENTATION_CONTEXT(2) 
PARAMETRIC_REPRESENTATION_CONTEXT() REPRESENTATION_CONTEXT('2D SPACE',''
  ) );
#13759 = PCURVE('',#13760,#13765);
#13760 = PLANE('',#13761);
#13761 = AXIS2_PLACEMENT_3D('',#13762,#13763,#13764);
#13762 = CARTESIAN_POINT('',(31.,44.45,-2.4));
#13763 = DIRECTION('',(0.,0.,1.));
#13764 = DIRECTION('',(1.,0.,-0.));
#13765 = DEFINITIONAL_REPRESENTATION('',(#13766),#13769);
#13766 = B_SPLINE_CURVE_WITH_KNOTS('',1,(#13767,#13768),.UNSPECIFIED.,
  .F.,.F.,(2,2),(-28.15,-1.75),.PIECEWISE_BEZIER_KNOTS.);
#13767 = CARTESIAN_POINT('',(29.9,16.95));
#13768 = CARTESIAN_POINT('',(3.5,16.95));
#13769 = ( GEOMETRIC_REPRESENTATION_CONTEXT(2) 
PARAMETRIC_REPRESENTATION_CONTEXT() REPRESENTATION_CONTEXT('2D SPACE',''
  ) );
#13770 = ORIENTED_EDGE('',*,*,#13771,.T.);
#13771 = EDGE_CURVE('',#13746,#12599,#13772,.T.);
#13772 = SURFACE_CURVE('',#13773,(#13777,#13784),.PCURVE_S1.);
#13773 = LINE('',#13774,#13775);
#13774 = CARTESIAN_POINT('',(34.5,61.4,-3.41));
#13775 = VECTOR('',#13776,1.);
#13776 = DIRECTION('',(0.,0.,1.));
#13777 = PCURVE('',#12613,#13778);
#13778 = DEFINITIONAL_REPRESENTATION('',(#13779),#13783);
#13779 = LINE('',#13780,#13781);
#13780 = CARTESIAN_POINT('',(0.,0.));
#13781 = VECTOR('',#13782,1.);
#13782 = DIRECTION('',(1.,0.));
#13783 = ( GEOMETRIC_REPRESENTATION_CONTEXT(2) 
PARAMETRIC_REPRESENTATION_CONTEXT() REPRESENTATION_CONTEXT('2D SPACE',''
  ) );
#13784 = PCURVE('',#12639,#13785);
#13785 = DEFINITIONAL_REPRESENTATION('',(#13786),#13790);
#13786 = LINE('',#13787,#13788);
#13787 = CARTESIAN_POINT('',(0.,0.));
#13788 = VECTOR('',#13789,1.);
#13789 = DIRECTION('',(1.,0.));
#13790 = ( GEOMETRIC_REPRESENTATION_CONTEXT(2) 
PARAMETRIC_REPRESENTATION_CONTEXT() REPRESENTATION_CONTEXT('2D SPACE',''
  ) );
#13791 = ORIENTED_EDGE('',*,*,#12596,.F.);
#13792 = ADVANCED_FACE('',(#13793),#12689,.T.);
#13793 = FACE_BOUND('',#13794,.T.);
#13794 = EDGE_LOOP('',(#13795,#13796,#13817,#13838));
#13795 = ORIENTED_EDGE('',*,*,#13722,.F.);
#13796 = ORIENTED_EDGE('',*,*,#13797,.T.);
#13797 = EDGE_CURVE('',#13723,#13798,#13800,.T.);
#13798 = VERTEX_POINT('',#13799);
#13799 = CARTESIAN_POINT('',(60.9,87.8,-2.4));
#13800 = SURFACE_CURVE('',#13801,(#13805,#13811),.PCURVE_S1.);
#13801 = LINE('',#13802,#13803);
#13802 = CARTESIAN_POINT('',(60.9,52.925,-2.4));
#13803 = VECTOR('',#13804,1.);
#13804 = DIRECTION('',(-0.,1.,0.));
#13805 = PCURVE('',#12689,#13806);
#13806 = DEFINITIONAL_REPRESENTATION('',(#13807),#13810);
#13807 = B_SPLINE_CURVE_WITH_KNOTS('',1,(#13808,#13809),.UNSPECIFIED.,
  .F.,.F.,(2,2),(8.475,34.875),.PIECEWISE_BEZIER_KNOTS.);
#13808 = CARTESIAN_POINT('',(1.01,0.));
#13809 = CARTESIAN_POINT('',(1.01,-26.4));
#13810 = ( GEOMETRIC_REPRESENTATION_CONTEXT(2) 
PARAMETRIC_REPRESENTATION_CONTEXT() REPRESENTATION_CONTEXT('2D SPACE',''
  ) );
#13811 = PCURVE('',#13760,#13812);
#13812 = DEFINITIONAL_REPRESENTATION('',(#13813),#13816);
#13813 = B_SPLINE_CURVE_WITH_KNOTS('',1,(#13814,#13815),.UNSPECIFIED.,
  .F.,.F.,(2,2),(8.475,34.875),.PIECEWISE_BEZIER_KNOTS.);
#13814 = CARTESIAN_POINT('',(29.9,16.95));
#13815 = CARTESIAN_POINT('',(29.9,43.35));
#13816 = ( GEOMETRIC_REPRESENTATION_CONTEXT(2) 
PARAMETRIC_REPRESENTATION_CONTEXT() REPRESENTATION_CONTEXT('2D SPACE',''
  ) );
#13817 = ORIENTED_EDGE('',*,*,#13818,.T.);
#13818 = EDGE_CURVE('',#13798,#12651,#13819,.T.);
#13819 = SURFACE_CURVE('',#13820,(#13824,#13831),.PCURVE_S1.);
#13820 = LINE('',#13821,#13822);
#13821 = CARTESIAN_POINT('',(60.9,87.8,-3.41));
#13822 = VECTOR('',#13823,1.);
#13823 = DIRECTION('',(0.,0.,1.));
#13824 = PCURVE('',#12689,#13825);
#13825 = DEFINITIONAL_REPRESENTATION('',(#13826),#13830);
#13826 = LINE('',#13827,#13828);
#13827 = CARTESIAN_POINT('',(0.,-26.4));
#13828 = VECTOR('',#13829,1.);
#13829 = DIRECTION('',(1.,0.));
#13830 = ( GEOMETRIC_REPRESENTATION_CONTEXT(2) 
PARAMETRIC_REPRESENTATION_CONTEXT() REPRESENTATION_CONTEXT('2D SPACE',''
  ) );
#13831 = PCURVE('',#12665,#13832);
#13832 = DEFINITIONAL_REPRESENTATION('',(#13833),#13837);
#13833 = LINE('',#13834,#13835);
#13834 = CARTESIAN_POINT('',(0.,26.4));
#13835 = VECTOR('',#13836,1.);
#13836 = DIRECTION('',(1.,0.));
#13837 = ( GEOMETRIC_REPRESENTATION_CONTEXT(2) 
PARAMETRIC_REPRESENTATION_CONTEXT() REPRESENTATION_CONTEXT('2D SPACE',''
  ) );
#13838 = ORIENTED_EDGE('',*,*,#12676,.F.);
#13839 = ADVANCED_FACE('',(#13840),#12665,.T.);
#13840 = FACE_BOUND('',#13841,.T.);
#13841 = EDGE_LOOP('',(#13842,#13843,#13864,#13885));
#13842 = ORIENTED_EDGE('',*,*,#13818,.F.);
#13843 = ORIENTED_EDGE('',*,*,#13844,.T.);
#13844 = EDGE_CURVE('',#13798,#13845,#13847,.T.);
#13845 = VERTEX_POINT('',#13846);
#13846 = CARTESIAN_POINT('',(34.5,87.8,-2.4));
#13847 = SURFACE_CURVE('',#13848,(#13852,#13858),.PCURVE_S1.);
#13848 = LINE('',#13849,#13850);
#13849 = CARTESIAN_POINT('',(32.75,87.8,-2.4));
#13850 = VECTOR('',#13851,1.);
#13851 = DIRECTION('',(-1.,-0.,0.));
#13852 = PCURVE('',#12665,#13853);
#13853 = DEFINITIONAL_REPRESENTATION('',(#13854),#13857);
#13854 = B_SPLINE_CURVE_WITH_KNOTS('',1,(#13855,#13856),.UNSPECIFIED.,
  .F.,.F.,(2,2),(-28.15,-1.75),.PIECEWISE_BEZIER_KNOTS.);
#13855 = CARTESIAN_POINT('',(1.01,26.4));
#13856 = CARTESIAN_POINT('',(1.01,0.));
#13857 = ( GEOMETRIC_REPRESENTATION_CONTEXT(2) 
PARAMETRIC_REPRESENTATION_CONTEXT() REPRESENTATION_CONTEXT('2D SPACE',''
  ) );
#13858 = PCURVE('',#13760,#13859);
#13859 = DEFINITIONAL_REPRESENTATION('',(#13860),#13863);
#13860 = B_SPLINE_CURVE_WITH_KNOTS('',1,(#13861,#13862),.UNSPECIFIED.,
  .F.,.F.,(2,2),(-28.15,-1.75),.PIECEWISE_BEZIER_KNOTS.);
#13861 = CARTESIAN_POINT('',(29.9,43.35));
#13862 = CARTESIAN_POINT('',(3.5,43.35));
#13863 = ( GEOMETRIC_REPRESENTATION_CONTEXT(2) 
PARAMETRIC_REPRESENTATION_CONTEXT() REPRESENTATION_CONTEXT('2D SPACE',''
  ) );
#13864 = ORIENTED_EDGE('',*,*,#13865,.T.);
#13865 = EDGE_CURVE('',#13845,#12625,#13866,.T.);
#13866 = SURFACE_CURVE('',#13867,(#13871,#13878),.PCURVE_S1.);
#13867 = LINE('',#13868,#13869);
#13868 = CARTESIAN_POINT('',(34.5,87.8,-3.41));
#13869 = VECTOR('',#13870,1.);
#13870 = DIRECTION('',(0.,0.,1.));
#13871 = PCURVE('',#12665,#13872);
#13872 = DEFINITIONAL_REPRESENTATION('',(#13873),#13877);
#13873 = LINE('',#13874,#13875);
#13874 = CARTESIAN_POINT('',(0.,0.));
#13875 = VECTOR('',#13876,1.);
#13876 = DIRECTION('',(1.,0.));
#13877 = ( GEOMETRIC_REPRESENTATION_CONTEXT(2) 
PARAMETRIC_REPRESENTATION_CONTEXT() REPRESENTATION_CONTEXT('2D SPACE',''
  ) );
#13878 = PCURVE('',#12639,#13879);
#13879 = DEFINITIONAL_REPRESENTATION('',(#13880),#13884);
#13880 = LINE('',#13881,#13882);
#13881 = CARTESIAN_POINT('',(0.,-26.4));
#13882 = VECTOR('',#13883,1.);
#13883 = DIRECTION('',(1.,0.));
#13884 = ( GEOMETRIC_REPRESENTATION_CONTEXT(2) 
PARAMETRIC_REPRESENTATION_CONTEXT() REPRESENTATION_CONTEXT('2D SPACE',''
  ) );
#13885 = ORIENTED_EDGE('',*,*,#12650,.F.);
#13886 = ADVANCED_FACE('',(#13887),#12639,.F.);
#13887 = FACE_BOUND('',#13888,.F.);
#13888 = EDGE_LOOP('',(#13889,#13890,#13909,#13910));
#13889 = ORIENTED_EDGE('',*,*,#13771,.F.);
#13890 = ORIENTED_EDGE('',*,*,#13891,.T.);
#13891 = EDGE_CURVE('',#13746,#13845,#13892,.T.);
#13892 = SURFACE_CURVE('',#13893,(#13897,#13903),.PCURVE_S1.);
#13893 = LINE('',#13894,#13895);
#13894 = CARTESIAN_POINT('',(34.5,52.925,-2.4));
#13895 = VECTOR('',#13896,1.);
#13896 = DIRECTION('',(-0.,1.,0.));
#13897 = PCURVE('',#12639,#13898);
#13898 = DEFINITIONAL_REPRESENTATION('',(#13899),#13902);
#13899 = B_SPLINE_CURVE_WITH_KNOTS('',1,(#13900,#13901),.UNSPECIFIED.,
  .F.,.F.,(2,2),(8.475,34.875),.PIECEWISE_BEZIER_KNOTS.);
#13900 = CARTESIAN_POINT('',(1.01,0.));
#13901 = CARTESIAN_POINT('',(1.01,-26.4));
#13902 = ( GEOMETRIC_REPRESENTATION_CONTEXT(2) 
PARAMETRIC_REPRESENTATION_CONTEXT() REPRESENTATION_CONTEXT('2D SPACE',''
  ) );
#13903 = PCURVE('',#13760,#13904);
#13904 = DEFINITIONAL_REPRESENTATION('',(#13905),#13908);
#13905 = B_SPLINE_CURVE_WITH_KNOTS('',1,(#13906,#13907),.UNSPECIFIED.,
  .F.,.F.,(2,2),(8.475,34.875),.PIECEWISE_BEZIER_KNOTS.);
#13906 = CARTESIAN_POINT('',(3.5,16.95));
#13907 = CARTESIAN_POINT('',(3.5,43.35));
#13908 = ( GEOMETRIC_REPRESENTATION_CONTEXT(2) 
PARAMETRIC_REPRESENTATION_CONTEXT() REPRESENTATION_CONTEXT('2D SPACE',''
  ) );
#13909 = ORIENTED_EDGE('',*,*,#13865,.T.);
#13910 = ORIENTED_EDGE('',*,*,#12624,.F.);
#13911 = ADVANCED_FACE('',(#13912,#13915),#12741,.T.);
#13912 = FACE_BOUND('',#13913,.T.);
#13913 = EDGE_LOOP('',(#13914));
#13914 = ORIENTED_EDGE('',*,*,#12726,.T.);
#13915 = FACE_BOUND('',#13916,.T.);
#13916 = EDGE_LOOP('',(#13917,#13945,#13971,#13997,#14023,#14049));
#13917 = ORIENTED_EDGE('',*,*,#13918,.T.);
#13918 = EDGE_CURVE('',#13919,#13921,#13923,.T.);
#13919 = VERTEX_POINT('',#13920);
#13920 = CARTESIAN_POINT('',(5.287564434702,8.4,5.));
#13921 = VERTEX_POINT('',#13922);
#13922 = CARTESIAN_POINT('',(7.712435565298,8.4,5.));
#13923 = SURFACE_CURVE('',#13924,(#13928,#13934),.PCURVE_S1.);
#13924 = LINE('',#13925,#13926);
#13925 = CARTESIAN_POINT('',(7.106217782649,8.4,5.));
#13926 = VECTOR('',#13927,1.);
#13927 = DIRECTION('',(1.,0.,-0.));
#13928 = PCURVE('',#12741,#13929);
#13929 = DEFINITIONAL_REPRESENTATION('',(#13930),#13933);
#13930 = B_SPLINE_CURVE_WITH_KNOTS('',1,(#13931,#13932),.UNSPECIFIED.,
  .F.,.F.,(2,2),(-1.818653347947,0.606217782649),
  .PIECEWISE_BEZIER_KNOTS.);
#13931 = CARTESIAN_POINT('',(-1.212435565298,2.1));
#13932 = CARTESIAN_POINT('',(1.212435565298,2.1));
#13933 = ( GEOMETRIC_REPRESENTATION_CONTEXT(2) 
PARAMETRIC_REPRESENTATION_CONTEXT() REPRESENTATION_CONTEXT('2D SPACE',''
  ) );
#13934 = PCURVE('',#13935,#13940);
#13935 = PLANE('',#13936);
#13936 = AXIS2_PLACEMENT_3D('',#13937,#13938,#13939);
#13937 = CARTESIAN_POINT('',(7.712435565298,8.4,3.2));
#13938 = DIRECTION('',(0.,-1.,0.));
#13939 = DIRECTION('',(-1.,0.,0.));
#13940 = DEFINITIONAL_REPRESENTATION('',(#13941),#13944);
#13941 = B_SPLINE_CURVE_WITH_KNOTS('',1,(#13942,#13943),.UNSPECIFIED.,
  .F.,.F.,(2,2),(-1.818653347947,0.606217782649),
  .PIECEWISE_BEZIER_KNOTS.);
#13942 = CARTESIAN_POINT('',(2.424871130596,-1.8));
#13943 = CARTESIAN_POINT('',(0.,-1.8));
#13944 = ( GEOMETRIC_REPRESENTATION_CONTEXT(2) 
PARAMETRIC_REPRESENTATION_CONTEXT() REPRESENTATION_CONTEXT('2D SPACE',''
  ) );
#13945 = ORIENTED_EDGE('',*,*,#13946,.T.);
#13946 = EDGE_CURVE('',#13921,#13947,#13949,.T.);
#13947 = VERTEX_POINT('',#13948);
#13948 = CARTESIAN_POINT('',(8.924871130596,6.3,5.));
#13949 = SURFACE_CURVE('',#13950,(#13954,#13960),.PCURVE_S1.);
#13950 = LINE('',#13951,#13952);
#13951 = CARTESIAN_POINT('',(8.621762239272,6.825,5.));
#13952 = VECTOR('',#13953,1.);
#13953 = DIRECTION('',(0.5,-0.866025403784,0.));
#13954 = PCURVE('',#12741,#13955);
#13955 = DEFINITIONAL_REPRESENTATION('',(#13956),#13959);
#13956 = B_SPLINE_CURVE_WITH_KNOTS('',1,(#13957,#13958),.UNSPECIFIED.,
  .F.,.F.,(2,2),(-1.818653347947,0.606217782649),
  .PIECEWISE_BEZIER_KNOTS.);
#13957 = CARTESIAN_POINT('',(1.212435565298,2.1));
#13958 = CARTESIAN_POINT('',(2.424871130596,2.668855363992E-18));
#13959 = ( GEOMETRIC_REPRESENTATION_CONTEXT(2) 
PARAMETRIC_REPRESENTATION_CONTEXT() REPRESENTATION_CONTEXT('2D SPACE',''
  ) );
#13960 = PCURVE('',#13961,#13966);
#13961 = PLANE('',#13962);
#13962 = AXIS2_PLACEMENT_3D('',#13963,#13964,#13965);
#13963 = CARTESIAN_POINT('',(8.924871130596,6.3,3.2));
#13964 = DIRECTION('',(-0.866025403784,-0.5,0.));
#13965 = DIRECTION('',(-0.5,0.866025403784,0.));
#13966 = DEFINITIONAL_REPRESENTATION('',(#13967),#13970);
#13967 = B_SPLINE_CURVE_WITH_KNOTS('',1,(#13968,#13969),.UNSPECIFIED.,
  .F.,.F.,(2,2),(-1.818653347947,0.606217782649),
  .PIECEWISE_BEZIER_KNOTS.);
#13968 = CARTESIAN_POINT('',(2.424871130596,-1.8));
#13969 = CARTESIAN_POINT('',(0.,-1.8));
#13970 = ( GEOMETRIC_REPRESENTATION_CONTEXT(2) 
PARAMETRIC_REPRESENTATION_CONTEXT() REPRESENTATION_CONTEXT('2D SPACE',''
  ) );
#13971 = ORIENTED_EDGE('',*,*,#13972,.T.);
#13972 = EDGE_CURVE('',#13947,#13973,#13975,.T.);
#13973 = VERTEX_POINT('',#13974);
#13974 = CARTESIAN_POINT('',(7.712435565298,4.2,5.));
#13975 = SURFACE_CURVE('',#13976,(#13980,#13986),.PCURVE_S1.);
#13976 = LINE('',#13977,#13978);
#13977 = CARTESIAN_POINT('',(8.015544456623,4.725,5.));
#13978 = VECTOR('',#13979,1.);
#13979 = DIRECTION('',(-0.5,-0.866025403784,0.));
#13980 = PCURVE('',#12741,#13981);
#13981 = DEFINITIONAL_REPRESENTATION('',(#13982),#13985);
#13982 = B_SPLINE_CURVE_WITH_KNOTS('',1,(#13983,#13984),.UNSPECIFIED.,
  .F.,.F.,(2,2),(-1.818653347947,0.606217782649),
  .PIECEWISE_BEZIER_KNOTS.);
#13983 = CARTESIAN_POINT('',(2.424871130596,-1.774576239028E-16));
#13984 = CARTESIAN_POINT('',(1.212435565298,-2.1));
#13985 = ( GEOMETRIC_REPRESENTATION_CONTEXT(2) 
PARAMETRIC_REPRESENTATION_CONTEXT() REPRESENTATION_CONTEXT('2D SPACE',''
  ) );
#13986 = PCURVE('',#13987,#13992);
#13987 = PLANE('',#13988);
#13988 = AXIS2_PLACEMENT_3D('',#13989,#13990,#13991);
#13989 = CARTESIAN_POINT('',(7.712435565298,4.2,3.2));
#13990 = DIRECTION('',(-0.866025403784,0.5,0.));
#13991 = DIRECTION('',(0.5,0.866025403784,0.));
#13992 = DEFINITIONAL_REPRESENTATION('',(#13993),#13996);
#13993 = B_SPLINE_CURVE_WITH_KNOTS('',1,(#13994,#13995),.UNSPECIFIED.,
  .F.,.F.,(2,2),(-1.818653347947,0.606217782649),
  .PIECEWISE_BEZIER_KNOTS.);
#13994 = CARTESIAN_POINT('',(2.424871130596,-1.8));
#13995 = CARTESIAN_POINT('',(0.,-1.8));
#13996 = ( GEOMETRIC_REPRESENTATION_CONTEXT(2) 
PARAMETRIC_REPRESENTATION_CONTEXT() REPRESENTATION_CONTEXT('2D SPACE',''
  ) );
#13997 = ORIENTED_EDGE('',*,*,#13998,.T.);
#13998 = EDGE_CURVE('',#13973,#13999,#14001,.T.);
#13999 = VERTEX_POINT('',#14000);
#14000 = CARTESIAN_POINT('',(5.287564434702,4.2,5.));
#14001 = SURFACE_CURVE('',#14002,(#14006,#14012),.PCURVE_S1.);
#14002 = LINE('',#14003,#14004);
#14003 = CARTESIAN_POINT('',(5.893782217351,4.2,5.));
#14004 = VECTOR('',#14005,1.);
#14005 = DIRECTION('',(-1.,1.831393034651E-16,0.));
#14006 = PCURVE('',#12741,#14007);
#14007 = DEFINITIONAL_REPRESENTATION('',(#14008),#14011);
#14008 = B_SPLINE_CURVE_WITH_KNOTS('',1,(#14009,#14010),.UNSPECIFIED.,
  .F.,.F.,(2,2),(-1.818653347947,0.606217782649),
  .PIECEWISE_BEZIER_KNOTS.);
#14009 = CARTESIAN_POINT('',(1.212435565298,-2.1));
#14010 = CARTESIAN_POINT('',(-1.212435565298,-2.1));
#14011 = ( GEOMETRIC_REPRESENTATION_CONTEXT(2) 
PARAMETRIC_REPRESENTATION_CONTEXT() REPRESENTATION_CONTEXT('2D SPACE',''
  ) );
#14012 = PCURVE('',#14013,#14018);
#14013 = PLANE('',#14014);
#14014 = AXIS2_PLACEMENT_3D('',#14015,#14016,#14017);
#14015 = CARTESIAN_POINT('',(5.287564434702,4.2,3.2));
#14016 = DIRECTION('',(1.831393034651E-16,1.,-0.));
#14017 = DIRECTION('',(1.,-1.831393034651E-16,0.));
#14018 = DEFINITIONAL_REPRESENTATION('',(#14019),#14022);
#14019 = B_SPLINE_CURVE_WITH_KNOTS('',1,(#14020,#14021),.UNSPECIFIED.,
  .F.,.F.,(2,2),(-1.818653347947,0.606217782649),
  .PIECEWISE_BEZIER_KNOTS.);
#14020 = CARTESIAN_POINT('',(2.424871130596,-1.8));
#14021 = CARTESIAN_POINT('',(0.,-1.8));
#14022 = ( GEOMETRIC_REPRESENTATION_CONTEXT(2) 
PARAMETRIC_REPRESENTATION_CONTEXT() REPRESENTATION_CONTEXT('2D SPACE',''
  ) );
#14023 = ORIENTED_EDGE('',*,*,#14024,.T.);
#14024 = EDGE_CURVE('',#13999,#14025,#14027,.T.);
#14025 = VERTEX_POINT('',#14026);
#14026 = CARTESIAN_POINT('',(4.075128869404,6.3,5.));
#14027 = SURFACE_CURVE('',#14028,(#14032,#14038),.PCURVE_S1.);
#14028 = LINE('',#14029,#14030);
#14029 = CARTESIAN_POINT('',(4.378237760728,5.775,5.));
#14030 = VECTOR('',#14031,1.);
#14031 = DIRECTION('',(-0.5,0.866025403784,0.));
#14032 = PCURVE('',#12741,#14033);
#14033 = DEFINITIONAL_REPRESENTATION('',(#14034),#14037);
#14034 = B_SPLINE_CURVE_WITH_KNOTS('',1,(#14035,#14036),.UNSPECIFIED.,
  .F.,.F.,(2,2),(-1.818653347947,0.606217782649),
  .PIECEWISE_BEZIER_KNOTS.);
#14035 = CARTESIAN_POINT('',(-1.212435565298,-2.1));
#14036 = CARTESIAN_POINT('',(-2.424871130596,5.86356091912E-17));
#14037 = ( GEOMETRIC_REPRESENTATION_CONTEXT(2) 
PARAMETRIC_REPRESENTATION_CONTEXT() REPRESENTATION_CONTEXT('2D SPACE',''
  ) );
#14038 = PCURVE('',#14039,#14044);
#14039 = PLANE('',#14040);
#14040 = AXIS2_PLACEMENT_3D('',#14041,#14042,#14043);
#14041 = CARTESIAN_POINT('',(4.075128869404,6.3,3.2));
#14042 = DIRECTION('',(0.866025403784,0.5,-0.));
#14043 = DIRECTION('',(0.5,-0.866025403784,0.));
#14044 = DEFINITIONAL_REPRESENTATION('',(#14045),#14048);
#14045 = B_SPLINE_CURVE_WITH_KNOTS('',1,(#14046,#14047),.UNSPECIFIED.,
  .F.,.F.,(2,2),(-1.818653347947,0.606217782649),
  .PIECEWISE_BEZIER_KNOTS.);
#14046 = CARTESIAN_POINT('',(2.424871130596,-1.8));
#14047 = CARTESIAN_POINT('',(0.,-1.8));
#14048 = ( GEOMETRIC_REPRESENTATION_CONTEXT(2) 
PARAMETRIC_REPRESENTATION_CONTEXT() REPRESENTATION_CONTEXT('2D SPACE',''
  ) );
#14049 = ORIENTED_EDGE('',*,*,#14050,.T.);
#14050 = EDGE_CURVE('',#14025,#13919,#14051,.T.);
#14051 = SURFACE_CURVE('',#14052,(#14056,#14062),.PCURVE_S1.);
#14052 = LINE('',#14053,#14054);
#14053 = CARTESIAN_POINT('',(4.984455543377,7.875,5.));
#14054 = VECTOR('',#14055,1.);
#14055 = DIRECTION('',(0.5,0.866025403784,-0.));
#14056 = PCURVE('',#12741,#14057);
#14057 = DEFINITIONAL_REPRESENTATION('',(#14058),#14061);
#14058 = B_SPLINE_CURVE_WITH_KNOTS('',1,(#14059,#14060),.UNSPECIFIED.,
  .F.,.F.,(2,2),(-1.818653347947,0.606217782649),
  .PIECEWISE_BEZIER_KNOTS.);
#14059 = CARTESIAN_POINT('',(-2.424871130596,3.793687059731E-16));
#14060 = CARTESIAN_POINT('',(-1.212435565298,2.1));
#14061 = ( GEOMETRIC_REPRESENTATION_CONTEXT(2) 
PARAMETRIC_REPRESENTATION_CONTEXT() REPRESENTATION_CONTEXT('2D SPACE',''
  ) );
#14062 = PCURVE('',#14063,#14068);
#14063 = PLANE('',#14064);
#14064 = AXIS2_PLACEMENT_3D('',#14065,#14066,#14067);
#14065 = CARTESIAN_POINT('',(5.287564434702,8.4,3.2));
#14066 = DIRECTION('',(0.866025403784,-0.5,0.));
#14067 = DIRECTION('',(-0.5,-0.866025403784,0.));
#14068 = DEFINITIONAL_REPRESENTATION('',(#14069),#14072);
#14069 = B_SPLINE_CURVE_WITH_KNOTS('',1,(#14070,#14071),.UNSPECIFIED.,
  .F.,.F.,(2,2),(-1.818653347947,0.606217782649),
  .PIECEWISE_BEZIER_KNOTS.);
#14070 = CARTESIAN_POINT('',(2.424871130596,-1.8));
#14071 = CARTESIAN_POINT('',(0.,-1.8));
#14072 = ( GEOMETRIC_REPRESENTATION_CONTEXT(2) 
PARAMETRIC_REPRESENTATION_CONTEXT() REPRESENTATION_CONTEXT('2D SPACE',''
  ) );
#14073 = ADVANCED_FACE('',(#14074),#12796,.T.);
#14074 = FACE_BOUND('',#14075,.T.);
#14075 = EDGE_LOOP('',(#14076));
#14076 = ORIENTED_EDGE('',*,*,#12781,.T.);
#14077 = ADVANCED_FACE('',(#14078,#14081),#12851,.T.);
#14078 = FACE_BOUND('',#14079,.T.);
#14079 = EDGE_LOOP('',(#14080));
#14080 = ORIENTED_EDGE('',*,*,#12836,.T.);
#14081 = FACE_BOUND('',#14082,.T.);
#14082 = EDGE_LOOP('',(#14083,#14111,#14137,#14163,#14189,#14215));
#14083 = ORIENTED_EDGE('',*,*,#14084,.T.);
#14084 = EDGE_CURVE('',#14085,#14087,#14089,.T.);
#14085 = VERTEX_POINT('',#14086);
#14086 = CARTESIAN_POINT('',(54.287564434702,8.4,5.));
#14087 = VERTEX_POINT('',#14088);
#14088 = CARTESIAN_POINT('',(56.712435565298,8.4,5.));
#14089 = SURFACE_CURVE('',#14090,(#14094,#14100),.PCURVE_S1.);
#14090 = LINE('',#14091,#14092);
#14091 = CARTESIAN_POINT('',(56.106217782649,8.4,5.));
#14092 = VECTOR('',#14093,1.);
#14093 = DIRECTION('',(1.,0.,-0.));
#14094 = PCURVE('',#12851,#14095);
#14095 = DEFINITIONAL_REPRESENTATION('',(#14096),#14099);
#14096 = B_SPLINE_CURVE_WITH_KNOTS('',1,(#14097,#14098),.UNSPECIFIED.,
  .F.,.F.,(2,2),(-1.818653347947,0.606217782649),
  .PIECEWISE_BEZIER_KNOTS.);
#14097 = CARTESIAN_POINT('',(-1.212435565298,2.1));
#14098 = CARTESIAN_POINT('',(1.212435565298,2.1));
#14099 = ( GEOMETRIC_REPRESENTATION_CONTEXT(2) 
PARAMETRIC_REPRESENTATION_CONTEXT() REPRESENTATION_CONTEXT('2D SPACE',''
  ) );
#14100 = PCURVE('',#14101,#14106);
#14101 = PLANE('',#14102);
#14102 = AXIS2_PLACEMENT_3D('',#14103,#14104,#14105);
#14103 = CARTESIAN_POINT('',(56.712435565298,8.4,3.2));
#14104 = DIRECTION('',(0.,-1.,0.));
#14105 = DIRECTION('',(-1.,0.,0.));
#14106 = DEFINITIONAL_REPRESENTATION('',(#14107),#14110);
#14107 = B_SPLINE_CURVE_WITH_KNOTS('',1,(#14108,#14109),.UNSPECIFIED.,
  .F.,.F.,(2,2),(-1.818653347947,0.606217782649),
  .PIECEWISE_BEZIER_KNOTS.);
#14108 = CARTESIAN_POINT('',(2.424871130596,-1.8));
#14109 = CARTESIAN_POINT('',(0.,-1.8));
#14110 = ( GEOMETRIC_REPRESENTATION_CONTEXT(2) 
PARAMETRIC_REPRESENTATION_CONTEXT() REPRESENTATION_CONTEXT('2D SPACE',''
  ) );
#14111 = ORIENTED_EDGE('',*,*,#14112,.T.);
#14112 = EDGE_CURVE('',#14087,#14113,#14115,.T.);
#14113 = VERTEX_POINT('',#14114);
#14114 = CARTESIAN_POINT('',(57.924871130596,6.3,5.));
#14115 = SURFACE_CURVE('',#14116,(#14120,#14126),.PCURVE_S1.);
#14116 = LINE('',#14117,#14118);
#14117 = CARTESIAN_POINT('',(57.621762239272,6.825,5.));
#14118 = VECTOR('',#14119,1.);
#14119 = DIRECTION('',(0.5,-0.866025403784,0.));
#14120 = PCURVE('',#12851,#14121);
#14121 = DEFINITIONAL_REPRESENTATION('',(#14122),#14125);
#14122 = B_SPLINE_CURVE_WITH_KNOTS('',1,(#14123,#14124),.UNSPECIFIED.,
  .F.,.F.,(2,2),(-1.818653347947,0.606217782649),
  .PIECEWISE_BEZIER_KNOTS.);
#14123 = CARTESIAN_POINT('',(1.212435565298,2.1));
#14124 = CARTESIAN_POINT('',(2.424871130596,-7.665162191894E-16));
#14125 = ( GEOMETRIC_REPRESENTATION_CONTEXT(2) 
PARAMETRIC_REPRESENTATION_CONTEXT() REPRESENTATION_CONTEXT('2D SPACE',''
  ) );
#14126 = PCURVE('',#14127,#14132);
#14127 = PLANE('',#14128);
#14128 = AXIS2_PLACEMENT_3D('',#14129,#14130,#14131);
#14129 = CARTESIAN_POINT('',(57.924871130596,6.3,3.2));
#14130 = DIRECTION('',(-0.866025403784,-0.5,0.));
#14131 = DIRECTION('',(-0.5,0.866025403784,0.));
#14132 = DEFINITIONAL_REPRESENTATION('',(#14133),#14136);
#14133 = B_SPLINE_CURVE_WITH_KNOTS('',1,(#14134,#14135),.UNSPECIFIED.,
  .F.,.F.,(2,2),(-1.818653347947,0.606217782649),
  .PIECEWISE_BEZIER_KNOTS.);
#14134 = CARTESIAN_POINT('',(2.424871130596,-1.8));
#14135 = CARTESIAN_POINT('',(0.,-1.8));
#14136 = ( GEOMETRIC_REPRESENTATION_CONTEXT(2) 
PARAMETRIC_REPRESENTATION_CONTEXT() REPRESENTATION_CONTEXT('2D SPACE',''
  ) );
#14137 = ORIENTED_EDGE('',*,*,#14138,.T.);
#14138 = EDGE_CURVE('',#14113,#14139,#14141,.T.);
#14139 = VERTEX_POINT('',#14140);
#14140 = CARTESIAN_POINT('',(56.712435565298,4.2,5.));
#14141 = SURFACE_CURVE('',#14142,(#14146,#14152),.PCURVE_S1.);
#14142 = LINE('',#14143,#14144);
#14143 = CARTESIAN_POINT('',(57.015544456623,4.725,5.));
#14144 = VECTOR('',#14145,1.);
#14145 = DIRECTION('',(-0.5,-0.866025403784,0.));
#14146 = PCURVE('',#12851,#14147);
#14147 = DEFINITIONAL_REPRESENTATION('',(#14148),#14151);
#14148 = B_SPLINE_CURVE_WITH_KNOTS('',1,(#14149,#14150),.UNSPECIFIED.,
  .F.,.F.,(2,2),(-1.818653347947,0.606217782649),
  .PIECEWISE_BEZIER_KNOTS.);
#14149 = CARTESIAN_POINT('',(2.424871130596,-9.466426984562E-16));
#14150 = CARTESIAN_POINT('',(1.212435565298,-2.1));
#14151 = ( GEOMETRIC_REPRESENTATION_CONTEXT(2) 
PARAMETRIC_REPRESENTATION_CONTEXT() REPRESENTATION_CONTEXT('2D SPACE',''
  ) );
#14152 = PCURVE('',#14153,#14158);
#14153 = PLANE('',#14154);
#14154 = AXIS2_PLACEMENT_3D('',#14155,#14156,#14157);
#14155 = CARTESIAN_POINT('',(56.712435565298,4.2,3.2));
#14156 = DIRECTION('',(-0.866025403784,0.5,0.));
#14157 = DIRECTION('',(0.5,0.866025403784,0.));
#14158 = DEFINITIONAL_REPRESENTATION('',(#14159),#14162);
#14159 = B_SPLINE_CURVE_WITH_KNOTS('',1,(#14160,#14161),.UNSPECIFIED.,
  .F.,.F.,(2,2),(-1.818653347947,0.606217782649),
  .PIECEWISE_BEZIER_KNOTS.);
#14160 = CARTESIAN_POINT('',(2.424871130596,-1.8));
#14161 = CARTESIAN_POINT('',(0.,-1.8));
#14162 = ( GEOMETRIC_REPRESENTATION_CONTEXT(2) 
PARAMETRIC_REPRESENTATION_CONTEXT() REPRESENTATION_CONTEXT('2D SPACE',''
  ) );
#14163 = ORIENTED_EDGE('',*,*,#14164,.T.);
#14164 = EDGE_CURVE('',#14139,#14165,#14167,.T.);
#14165 = VERTEX_POINT('',#14166);
#14166 = CARTESIAN_POINT('',(54.287564434702,4.2,5.));
#14167 = SURFACE_CURVE('',#14168,(#14172,#14178),.PCURVE_S1.);
#14168 = LINE('',#14169,#14170);
#14169 = CARTESIAN_POINT('',(54.893782217351,4.2,5.));
#14170 = VECTOR('',#14171,1.);
#14171 = DIRECTION('',(-1.,1.831393034651E-16,0.));
#14172 = PCURVE('',#12851,#14173);
#14173 = DEFINITIONAL_REPRESENTATION('',(#14174),#14177);
#14174 = B_SPLINE_CURVE_WITH_KNOTS('',1,(#14175,#14176),.UNSPECIFIED.,
  .F.,.F.,(2,2),(-1.818653347947,0.606217782649),
  .PIECEWISE_BEZIER_KNOTS.);
#14175 = CARTESIAN_POINT('',(1.212435565298,-2.1));
#14176 = CARTESIAN_POINT('',(-1.212435565298,-2.1));
#14177 = ( GEOMETRIC_REPRESENTATION_CONTEXT(2) 
PARAMETRIC_REPRESENTATION_CONTEXT() REPRESENTATION_CONTEXT('2D SPACE',''
  ) );
#14178 = PCURVE('',#14179,#14184);
#14179 = PLANE('',#14180);
#14180 = AXIS2_PLACEMENT_3D('',#14181,#14182,#14183);
#14181 = CARTESIAN_POINT('',(54.287564434702,4.2,3.2));
#14182 = DIRECTION('',(1.831393034651E-16,1.,-0.));
#14183 = DIRECTION('',(1.,-1.831393034651E-16,0.));
#14184 = DEFINITIONAL_REPRESENTATION('',(#14185),#14188);
#14185 = B_SPLINE_CURVE_WITH_KNOTS('',1,(#14186,#14187),.UNSPECIFIED.,
  .F.,.F.,(2,2),(-1.818653347947,0.606217782649),
  .PIECEWISE_BEZIER_KNOTS.);
#14186 = CARTESIAN_POINT('',(2.424871130596,-1.8));
#14187 = CARTESIAN_POINT('',(0.,-1.8));
#14188 = ( GEOMETRIC_REPRESENTATION_CONTEXT(2) 
PARAMETRIC_REPRESENTATION_CONTEXT() REPRESENTATION_CONTEXT('2D SPACE',''
  ) );
#14189 = ORIENTED_EDGE('',*,*,#14190,.T.);
#14190 = EDGE_CURVE('',#14165,#14191,#14193,.T.);
#14191 = VERTEX_POINT('',#14192);
#14192 = CARTESIAN_POINT('',(53.075128869404,6.3,5.));
#14193 = SURFACE_CURVE('',#14194,(#14198,#14204),.PCURVE_S1.);
#14194 = LINE('',#14195,#14196);
#14195 = CARTESIAN_POINT('',(53.378237760728,5.775,5.));
#14196 = VECTOR('',#14197,1.);
#14197 = DIRECTION('',(-0.5,0.866025403784,0.));
#14198 = PCURVE('',#12851,#14199);
#14199 = DEFINITIONAL_REPRESENTATION('',(#14200),#14203);
#14200 = B_SPLINE_CURVE_WITH_KNOTS('',1,(#14201,#14202),.UNSPECIFIED.,
  .F.,.F.,(2,2),(-1.818653347947,0.606217782649),
  .PIECEWISE_BEZIER_KNOTS.);
#14201 = CARTESIAN_POINT('',(-1.212435565298,-2.1));
#14202 = CARTESIAN_POINT('',(-2.424871130596,1.212413221021E-15));
#14203 = ( GEOMETRIC_REPRESENTATION_CONTEXT(2) 
PARAMETRIC_REPRESENTATION_CONTEXT() REPRESENTATION_CONTEXT('2D SPACE',''
  ) );
#14204 = PCURVE('',#14205,#14210);
#14205 = PLANE('',#14206);
#14206 = AXIS2_PLACEMENT_3D('',#14207,#14208,#14209);
#14207 = CARTESIAN_POINT('',(53.075128869404,6.3,3.2));
#14208 = DIRECTION('',(0.866025403784,0.5,-0.));
#14209 = DIRECTION('',(0.5,-0.866025403784,0.));
#14210 = DEFINITIONAL_REPRESENTATION('',(#14211),#14214);
#14211 = B_SPLINE_CURVE_WITH_KNOTS('',1,(#14212,#14213),.UNSPECIFIED.,
  .F.,.F.,(2,2),(-1.818653347947,0.606217782649),
  .PIECEWISE_BEZIER_KNOTS.);
#14212 = CARTESIAN_POINT('',(2.424871130596,-1.8));
#14213 = CARTESIAN_POINT('',(0.,-1.8));
#14214 = ( GEOMETRIC_REPRESENTATION_CONTEXT(2) 
PARAMETRIC_REPRESENTATION_CONTEXT() REPRESENTATION_CONTEXT('2D SPACE',''
  ) );
#14215 = ORIENTED_EDGE('',*,*,#14216,.T.);
#14216 = EDGE_CURVE('',#14191,#14085,#14217,.T.);
#14217 = SURFACE_CURVE('',#14218,(#14222,#14228),.PCURVE_S1.);
#14218 = LINE('',#14219,#14220);
#14219 = CARTESIAN_POINT('',(53.984455543377,7.875,5.));
#14220 = VECTOR('',#14221,1.);
#14221 = DIRECTION('',(0.5,0.866025403784,-0.));
#14222 = PCURVE('',#12851,#14223);
#14223 = DEFINITIONAL_REPRESENTATION('',(#14224),#14227);
#14224 = B_SPLINE_CURVE_WITH_KNOTS('',1,(#14225,#14226),.UNSPECIFIED.,
  .F.,.F.,(2,2),(-1.818653347947,0.606217782649),
  .PIECEWISE_BEZIER_KNOTS.);
#14225 = CARTESIAN_POINT('',(-2.424871130596,1.459843394312E-15));
#14226 = CARTESIAN_POINT('',(-1.212435565298,2.1));
#14227 = ( GEOMETRIC_REPRESENTATION_CONTEXT(2) 
PARAMETRIC_REPRESENTATION_CONTEXT() REPRESENTATION_CONTEXT('2D SPACE',''
  ) );
#14228 = PCURVE('',#14229,#14234);
#14229 = PLANE('',#14230);
#14230 = AXIS2_PLACEMENT_3D('',#14231,#14232,#14233);
#14231 = CARTESIAN_POINT('',(54.287564434702,8.4,3.2));
#14232 = DIRECTION('',(0.866025403784,-0.5,0.));
#14233 = DIRECTION('',(-0.5,-0.866025403784,0.));
#14234 = DEFINITIONAL_REPRESENTATION('',(#14235),#14238);
#14235 = B_SPLINE_CURVE_WITH_KNOTS('',1,(#14236,#14237),.UNSPECIFIED.,
  .F.,.F.,(2,2),(-1.818653347947,0.606217782649),
  .PIECEWISE_BEZIER_KNOTS.);
#14236 = CARTESIAN_POINT('',(2.424871130596,-1.8));
#14237 = CARTESIAN_POINT('',(0.,-1.8));
#14238 = ( GEOMETRIC_REPRESENTATION_CONTEXT(2) 
PARAMETRIC_REPRESENTATION_CONTEXT() REPRESENTATION_CONTEXT('2D SPACE',''
  ) );
#14239 = ADVANCED_FACE('',(#14240),#12906,.T.);
#14240 = FACE_BOUND('',#14241,.T.);
#14241 = EDGE_LOOP('',(#14242));
#14242 = ORIENTED_EDGE('',*,*,#12891,.T.);
#14243 = ADVANCED_FACE('',(#14244,#14247),#12961,.T.);
#14244 = FACE_BOUND('',#14245,.T.);
#14245 = EDGE_LOOP('',(#14246));
#14246 = ORIENTED_EDGE('',*,*,#12946,.T.);
#14247 = FACE_BOUND('',#14248,.T.);
#14248 = EDGE_LOOP('',(#14249,#14277,#14303,#14329,#14355,#14381));
#14249 = ORIENTED_EDGE('',*,*,#14250,.T.);
#14250 = EDGE_CURVE('',#14251,#14253,#14255,.T.);
#14251 = VERTEX_POINT('',#14252);
#14252 = CARTESIAN_POINT('',(5.287564434702,66.4,5.));
#14253 = VERTEX_POINT('',#14254);
#14254 = CARTESIAN_POINT('',(7.712435565298,66.4,5.));
#14255 = SURFACE_CURVE('',#14256,(#14260,#14266),.PCURVE_S1.);
#14256 = LINE('',#14257,#14258);
#14257 = CARTESIAN_POINT('',(7.106217782649,66.4,5.));
#14258 = VECTOR('',#14259,1.);
#14259 = DIRECTION('',(1.,0.,-0.));
#14260 = PCURVE('',#12961,#14261);
#14261 = DEFINITIONAL_REPRESENTATION('',(#14262),#14265);
#14262 = B_SPLINE_CURVE_WITH_KNOTS('',1,(#14263,#14264),.UNSPECIFIED.,
  .F.,.F.,(2,2),(-1.818653347947,0.606217782649),
  .PIECEWISE_BEZIER_KNOTS.);
#14263 = CARTESIAN_POINT('',(-1.212435565298,2.1));
#14264 = CARTESIAN_POINT('',(1.212435565298,2.1));
#14265 = ( GEOMETRIC_REPRESENTATION_CONTEXT(2) 
PARAMETRIC_REPRESENTATION_CONTEXT() REPRESENTATION_CONTEXT('2D SPACE',''
  ) );
#14266 = PCURVE('',#14267,#14272);
#14267 = PLANE('',#14268);
#14268 = AXIS2_PLACEMENT_3D('',#14269,#14270,#14271);
#14269 = CARTESIAN_POINT('',(7.712435565298,66.4,3.2));
#14270 = DIRECTION('',(0.,-1.,0.));
#14271 = DIRECTION('',(-1.,0.,0.));
#14272 = DEFINITIONAL_REPRESENTATION('',(#14273),#14276);
#14273 = B_SPLINE_CURVE_WITH_KNOTS('',1,(#14274,#14275),.UNSPECIFIED.,
  .F.,.F.,(2,2),(-1.818653347947,0.606217782649),
  .PIECEWISE_BEZIER_KNOTS.);
#14274 = CARTESIAN_POINT('',(2.424871130596,-1.8));
#14275 = CARTESIAN_POINT('',(0.,-1.8));
#14276 = ( GEOMETRIC_REPRESENTATION_CONTEXT(2) 
PARAMETRIC_REPRESENTATION_CONTEXT() REPRESENTATION_CONTEXT('2D SPACE',''
  ) );
#14277 = ORIENTED_EDGE('',*,*,#14278,.T.);
#14278 = EDGE_CURVE('',#14253,#14279,#14281,.T.);
#14279 = VERTEX_POINT('',#14280);
#14280 = CARTESIAN_POINT('',(8.924871130596,64.3,5.));
#14281 = SURFACE_CURVE('',#14282,(#14286,#14292),.PCURVE_S1.);
#14282 = LINE('',#14283,#14284);
#14283 = CARTESIAN_POINT('',(8.621762239272,64.825,5.));
#14284 = VECTOR('',#14285,1.);
#14285 = DIRECTION('',(0.5,-0.866025403784,0.));
#14286 = PCURVE('',#12961,#14287);
#14287 = DEFINITIONAL_REPRESENTATION('',(#14288),#14291);
#14288 = B_SPLINE_CURVE_WITH_KNOTS('',1,(#14289,#14290),.UNSPECIFIED.,
  .F.,.F.,(2,2),(-1.818653347947,0.606217782649),
  .PIECEWISE_BEZIER_KNOTS.);
#14289 = CARTESIAN_POINT('',(1.212435565298,2.1));
#14290 = CARTESIAN_POINT('',(2.424871130596,-2.244894073614E-15));
#14291 = ( GEOMETRIC_REPRESENTATION_CONTEXT(2) 
PARAMETRIC_REPRESENTATION_CONTEXT() REPRESENTATION_CONTEXT('2D SPACE',''
  ) );
#14292 = PCURVE('',#14293,#14298);
#14293 = PLANE('',#14294);
#14294 = AXIS2_PLACEMENT_3D('',#14295,#14296,#14297);
#14295 = CARTESIAN_POINT('',(8.924871130596,64.3,3.2));
#14296 = DIRECTION('',(-0.866025403784,-0.5,0.));
#14297 = DIRECTION('',(-0.5,0.866025403784,0.));
#14298 = DEFINITIONAL_REPRESENTATION('',(#14299),#14302);
#14299 = B_SPLINE_CURVE_WITH_KNOTS('',1,(#14300,#14301),.UNSPECIFIED.,
  .F.,.F.,(2,2),(-1.818653347947,0.606217782649),
  .PIECEWISE_BEZIER_KNOTS.);
#14300 = CARTESIAN_POINT('',(2.424871130596,-1.8));
#14301 = CARTESIAN_POINT('',(0.,-1.8));
#14302 = ( GEOMETRIC_REPRESENTATION_CONTEXT(2) 
PARAMETRIC_REPRESENTATION_CONTEXT() REPRESENTATION_CONTEXT('2D SPACE',''
  ) );
#14303 = ORIENTED_EDGE('',*,*,#14304,.T.);
#14304 = EDGE_CURVE('',#14279,#14305,#14307,.T.);
#14305 = VERTEX_POINT('',#14306);
#14306 = CARTESIAN_POINT('',(7.712435565298,62.2,5.));
#14307 = SURFACE_CURVE('',#14308,(#14312,#14318),.PCURVE_S1.);
#14308 = LINE('',#14309,#14310);
#14309 = CARTESIAN_POINT('',(8.015544456623,62.725,5.));
#14310 = VECTOR('',#14311,1.);
#14311 = DIRECTION('',(-0.5,-0.866025403784,0.));
#14312 = PCURVE('',#12961,#14313);
#14313 = DEFINITIONAL_REPRESENTATION('',(#14314),#14317);
#14314 = B_SPLINE_CURVE_WITH_KNOTS('',1,(#14315,#14316),.UNSPECIFIED.,
  .F.,.F.,(2,2),(-1.818653347947,0.606217782649),
  .PIECEWISE_BEZIER_KNOTS.);
#14315 = CARTESIAN_POINT('',(2.424871130596,-9.190301966196E-16));
#14316 = CARTESIAN_POINT('',(1.212435565298,-2.1));
#14317 = ( GEOMETRIC_REPRESENTATION_CONTEXT(2) 
PARAMETRIC_REPRESENTATION_CONTEXT() REPRESENTATION_CONTEXT('2D SPACE',''
  ) );
#14318 = PCURVE('',#14319,#14324);
#14319 = PLANE('',#14320);
#14320 = AXIS2_PLACEMENT_3D('',#14321,#14322,#14323);
#14321 = CARTESIAN_POINT('',(7.712435565298,62.2,3.2));
#14322 = DIRECTION('',(-0.866025403784,0.5,0.));
#14323 = DIRECTION('',(0.5,0.866025403784,0.));
#14324 = DEFINITIONAL_REPRESENTATION('',(#14325),#14328);
#14325 = B_SPLINE_CURVE_WITH_KNOTS('',1,(#14326,#14327),.UNSPECIFIED.,
  .F.,.F.,(2,2),(-1.818653347947,0.606217782649),
  .PIECEWISE_BEZIER_KNOTS.);
#14326 = CARTESIAN_POINT('',(2.424871130596,-1.8));
#14327 = CARTESIAN_POINT('',(0.,-1.8));
#14328 = ( GEOMETRIC_REPRESENTATION_CONTEXT(2) 
PARAMETRIC_REPRESENTATION_CONTEXT() REPRESENTATION_CONTEXT('2D SPACE',''
  ) );
#14329 = ORIENTED_EDGE('',*,*,#14330,.T.);
#14330 = EDGE_CURVE('',#14305,#14331,#14333,.T.);
#14331 = VERTEX_POINT('',#14332);
#14332 = CARTESIAN_POINT('',(5.287564434702,62.2,5.));
#14333 = SURFACE_CURVE('',#14334,(#14338,#14344),.PCURVE_S1.);
#14334 = LINE('',#14335,#14336);
#14335 = CARTESIAN_POINT('',(5.893782217351,62.2,5.));
#14336 = VECTOR('',#14337,1.);
#14337 = DIRECTION('',(-1.,1.831393034651E-16,0.));
#14338 = PCURVE('',#12961,#14339);
#14339 = DEFINITIONAL_REPRESENTATION('',(#14340),#14343);
#14340 = B_SPLINE_CURVE_WITH_KNOTS('',1,(#14341,#14342),.UNSPECIFIED.,
  .F.,.F.,(2,2),(-1.818653347947,0.606217782649),
  .PIECEWISE_BEZIER_KNOTS.);
#14341 = CARTESIAN_POINT('',(1.212435565298,-2.1));
#14342 = CARTESIAN_POINT('',(-1.212435565298,-2.1));
#14343 = ( GEOMETRIC_REPRESENTATION_CONTEXT(2) 
PARAMETRIC_REPRESENTATION_CONTEXT() REPRESENTATION_CONTEXT('2D SPACE',''
  ) );
#14344 = PCURVE('',#14345,#14350);
#14345 = PLANE('',#14346);
#14346 = AXIS2_PLACEMENT_3D('',#14347,#14348,#14349);
#14347 = CARTESIAN_POINT('',(5.287564434702,62.2,3.2));
#14348 = DIRECTION('',(1.831393034651E-16,1.,-0.));
#14349 = DIRECTION('',(1.,-1.831393034651E-16,0.));
#14350 = DEFINITIONAL_REPRESENTATION('',(#14351),#14354);
#14351 = B_SPLINE_CURVE_WITH_KNOTS('',1,(#14352,#14353),.UNSPECIFIED.,
  .F.,.F.,(2,2),(-1.818653347947,0.606217782649),
  .PIECEWISE_BEZIER_KNOTS.);
#14352 = CARTESIAN_POINT('',(2.424871130596,-1.8));
#14353 = CARTESIAN_POINT('',(0.,-1.8));
#14354 = ( GEOMETRIC_REPRESENTATION_CONTEXT(2) 
PARAMETRIC_REPRESENTATION_CONTEXT() REPRESENTATION_CONTEXT('2D SPACE',''
  ) );
#14355 = ORIENTED_EDGE('',*,*,#14356,.T.);
#14356 = EDGE_CURVE('',#14331,#14357,#14359,.T.);
#14357 = VERTEX_POINT('',#14358);
#14358 = CARTESIAN_POINT('',(4.075128869404,64.3,5.));
#14359 = SURFACE_CURVE('',#14360,(#14364,#14370),.PCURVE_S1.);
#14360 = LINE('',#14361,#14362);
#14361 = CARTESIAN_POINT('',(4.378237760728,63.775,5.));
#14362 = VECTOR('',#14363,1.);
#14363 = DIRECTION('',(-0.5,0.866025403784,0.));
#14364 = PCURVE('',#12961,#14365);
#14365 = DEFINITIONAL_REPRESENTATION('',(#14366),#14369);
#14366 = B_SPLINE_CURVE_WITH_KNOTS('',1,(#14367,#14368),.UNSPECIFIED.,
  .F.,.F.,(2,2),(-1.818653347947,0.606217782649),
  .PIECEWISE_BEZIER_KNOTS.);
#14367 = CARTESIAN_POINT('',(-1.212435565298,-2.1));
#14368 = CARTESIAN_POINT('',(-2.424871130596,2.737770886571E-16));
#14369 = ( GEOMETRIC_REPRESENTATION_CONTEXT(2) 
PARAMETRIC_REPRESENTATION_CONTEXT() REPRESENTATION_CONTEXT('2D SPACE',''
  ) );
#14370 = PCURVE('',#14371,#14376);
#14371 = PLANE('',#14372);
#14372 = AXIS2_PLACEMENT_3D('',#14373,#14374,#14375);
#14373 = CARTESIAN_POINT('',(4.075128869404,64.3,3.2));
#14374 = DIRECTION('',(0.866025403784,0.5,-0.));
#14375 = DIRECTION('',(0.5,-0.866025403784,0.));
#14376 = DEFINITIONAL_REPRESENTATION('',(#14377),#14380);
#14377 = B_SPLINE_CURVE_WITH_KNOTS('',1,(#14378,#14379),.UNSPECIFIED.,
  .F.,.F.,(2,2),(-1.818653347947,0.606217782649),
  .PIECEWISE_BEZIER_KNOTS.);
#14378 = CARTESIAN_POINT('',(2.424871130596,-1.8));
#14379 = CARTESIAN_POINT('',(0.,-1.8));
#14380 = ( GEOMETRIC_REPRESENTATION_CONTEXT(2) 
PARAMETRIC_REPRESENTATION_CONTEXT() REPRESENTATION_CONTEXT('2D SPACE',''
  ) );
#14381 = ORIENTED_EDGE('',*,*,#14382,.T.);
#14382 = EDGE_CURVE('',#14357,#14251,#14383,.T.);
#14383 = SURFACE_CURVE('',#14384,(#14388,#14394),.PCURVE_S1.);
#14384 = LINE('',#14385,#14386);
#14385 = CARTESIAN_POINT('',(4.984455543377,65.875,5.));
#14386 = VECTOR('',#14387,1.);
#14387 = DIRECTION('',(0.5,0.866025403784,-0.));
#14388 = PCURVE('',#12961,#14389);
#14389 = DEFINITIONAL_REPRESENTATION('',(#14390),#14393);
#14390 = B_SPLINE_CURVE_WITH_KNOTS('',1,(#14391,#14392),.UNSPECIFIED.,
  .F.,.F.,(2,2),(-1.818653347947,0.606217782649),
  .PIECEWISE_BEZIER_KNOTS.);
#14391 = CARTESIAN_POINT('',(-2.424871130596,-3.878761705907E-15));
#14392 = CARTESIAN_POINT('',(-1.212435565298,2.1));
#14393 = ( GEOMETRIC_REPRESENTATION_CONTEXT(2) 
PARAMETRIC_REPRESENTATION_CONTEXT() REPRESENTATION_CONTEXT('2D SPACE',''
  ) );
#14394 = PCURVE('',#14395,#14400);
#14395 = PLANE('',#14396);
#14396 = AXIS2_PLACEMENT_3D('',#14397,#14398,#14399);
#14397 = CARTESIAN_POINT('',(5.287564434702,66.4,3.2));
#14398 = DIRECTION('',(0.866025403784,-0.5,0.));
#14399 = DIRECTION('',(-0.5,-0.866025403784,0.));
#14400 = DEFINITIONAL_REPRESENTATION('',(#14401),#14404);
#14401 = B_SPLINE_CURVE_WITH_KNOTS('',1,(#14402,#14403),.UNSPECIFIED.,
  .F.,.F.,(2,2),(-1.818653347947,0.606217782649),
  .PIECEWISE_BEZIER_KNOTS.);
#14402 = CARTESIAN_POINT('',(2.424871130596,-1.8));
#14403 = CARTESIAN_POINT('',(0.,-1.8));
#14404 = ( GEOMETRIC_REPRESENTATION_CONTEXT(2) 
PARAMETRIC_REPRESENTATION_CONTEXT() REPRESENTATION_CONTEXT('2D SPACE',''
  ) );
#14405 = ADVANCED_FACE('',(#14406),#13016,.T.);
#14406 = FACE_BOUND('',#14407,.T.);
#14407 = EDGE_LOOP('',(#14408));
#14408 = ORIENTED_EDGE('',*,*,#13001,.T.);
#14409 = ADVANCED_FACE('',(#14410,#14413),#13071,.T.);
#14410 = FACE_BOUND('',#14411,.T.);
#14411 = EDGE_LOOP('',(#14412));
#14412 = ORIENTED_EDGE('',*,*,#13056,.T.);
#14413 = FACE_BOUND('',#14414,.T.);
#14414 = EDGE_LOOP('',(#14415,#14443,#14469,#14495,#14521,#14547));
#14415 = ORIENTED_EDGE('',*,*,#14416,.T.);
#14416 = EDGE_CURVE('',#14417,#14419,#14421,.T.);
#14417 = VERTEX_POINT('',#14418);
#14418 = CARTESIAN_POINT('',(54.287564434702,66.4,5.));
#14419 = VERTEX_POINT('',#14420);
#14420 = CARTESIAN_POINT('',(56.712435565298,66.4,5.));
#14421 = SURFACE_CURVE('',#14422,(#14426,#14432),.PCURVE_S1.);
#14422 = LINE('',#14423,#14424);
#14423 = CARTESIAN_POINT('',(56.106217782649,66.4,5.));
#14424 = VECTOR('',#14425,1.);
#14425 = DIRECTION('',(1.,0.,-0.));
#14426 = PCURVE('',#13071,#14427);
#14427 = DEFINITIONAL_REPRESENTATION('',(#14428),#14431);
#14428 = B_SPLINE_CURVE_WITH_KNOTS('',1,(#14429,#14430),.UNSPECIFIED.,
  .F.,.F.,(2,2),(-1.818653347947,0.606217782649),
  .PIECEWISE_BEZIER_KNOTS.);
#14429 = CARTESIAN_POINT('',(-1.212435565298,2.1));
#14430 = CARTESIAN_POINT('',(1.212435565298,2.1));
#14431 = ( GEOMETRIC_REPRESENTATION_CONTEXT(2) 
PARAMETRIC_REPRESENTATION_CONTEXT() REPRESENTATION_CONTEXT('2D SPACE',''
  ) );
#14432 = PCURVE('',#14433,#14438);
#14433 = PLANE('',#14434);
#14434 = AXIS2_PLACEMENT_3D('',#14435,#14436,#14437);
#14435 = CARTESIAN_POINT('',(56.712435565298,66.4,3.2));
#14436 = DIRECTION('',(0.,-1.,0.));
#14437 = DIRECTION('',(-1.,0.,0.));
#14438 = DEFINITIONAL_REPRESENTATION('',(#14439),#14442);
#14439 = B_SPLINE_CURVE_WITH_KNOTS('',1,(#14440,#14441),.UNSPECIFIED.,
  .F.,.F.,(2,2),(-1.818653347947,0.606217782649),
  .PIECEWISE_BEZIER_KNOTS.);
#14440 = CARTESIAN_POINT('',(2.424871130596,-1.8));
#14441 = CARTESIAN_POINT('',(0.,-1.8));
#14442 = ( GEOMETRIC_REPRESENTATION_CONTEXT(2) 
PARAMETRIC_REPRESENTATION_CONTEXT() REPRESENTATION_CONTEXT('2D SPACE',''
  ) );
#14443 = ORIENTED_EDGE('',*,*,#14444,.T.);
#14444 = EDGE_CURVE('',#14419,#14445,#14447,.T.);
#14445 = VERTEX_POINT('',#14446);
#14446 = CARTESIAN_POINT('',(57.924871130596,64.3,5.));
#14447 = SURFACE_CURVE('',#14448,(#14452,#14458),.PCURVE_S1.);
#14448 = LINE('',#14449,#14450);
#14449 = CARTESIAN_POINT('',(57.621762239272,64.825,5.));
#14450 = VECTOR('',#14451,1.);
#14451 = DIRECTION('',(0.5,-0.866025403784,0.));
#14452 = PCURVE('',#13071,#14453);
#14453 = DEFINITIONAL_REPRESENTATION('',(#14454),#14457);
#14454 = B_SPLINE_CURVE_WITH_KNOTS('',1,(#14455,#14456),.UNSPECIFIED.,
  .F.,.F.,(2,2),(-1.818653347947,0.606217782649),
  .PIECEWISE_BEZIER_KNOTS.);
#14455 = CARTESIAN_POINT('',(1.212435565298,2.1));
#14456 = CARTESIAN_POINT('',(2.424871130596,-3.014079148167E-15));
#14457 = ( GEOMETRIC_REPRESENTATION_CONTEXT(2) 
PARAMETRIC_REPRESENTATION_CONTEXT() REPRESENTATION_CONTEXT('2D SPACE',''
  ) );
#14458 = PCURVE('',#14459,#14464);
#14459 = PLANE('',#14460);
#14460 = AXIS2_PLACEMENT_3D('',#14461,#14462,#14463);
#14461 = CARTESIAN_POINT('',(57.924871130596,64.3,3.2));
#14462 = DIRECTION('',(-0.866025403784,-0.5,0.));
#14463 = DIRECTION('',(-0.5,0.866025403784,0.));
#14464 = DEFINITIONAL_REPRESENTATION('',(#14465),#14468);
#14465 = B_SPLINE_CURVE_WITH_KNOTS('',1,(#14466,#14467),.UNSPECIFIED.,
  .F.,.F.,(2,2),(-1.818653347947,0.606217782649),
  .PIECEWISE_BEZIER_KNOTS.);
#14466 = CARTESIAN_POINT('',(2.424871130596,-1.8));
#14467 = CARTESIAN_POINT('',(0.,-1.8));
#14468 = ( GEOMETRIC_REPRESENTATION_CONTEXT(2) 
PARAMETRIC_REPRESENTATION_CONTEXT() REPRESENTATION_CONTEXT('2D SPACE',''
  ) );
#14469 = ORIENTED_EDGE('',*,*,#14470,.T.);
#14470 = EDGE_CURVE('',#14445,#14471,#14473,.T.);
#14471 = VERTEX_POINT('',#14472);
#14472 = CARTESIAN_POINT('',(56.712435565298,62.2,5.));
#14473 = SURFACE_CURVE('',#14474,(#14478,#14484),.PCURVE_S1.);
#14474 = LINE('',#14475,#14476);
#14475 = CARTESIAN_POINT('',(57.015544456623,62.725,5.));
#14476 = VECTOR('',#14477,1.);
#14477 = DIRECTION('',(-0.5,-0.866025403784,0.));
#14478 = PCURVE('',#13071,#14479);
#14479 = DEFINITIONAL_REPRESENTATION('',(#14480),#14483);
#14480 = B_SPLINE_CURVE_WITH_KNOTS('',1,(#14481,#14482),.UNSPECIFIED.,
  .F.,.F.,(2,2),(-1.818653347947,0.606217782649),
  .PIECEWISE_BEZIER_KNOTS.);
#14481 = CARTESIAN_POINT('',(2.424871130596,6.193399524872E-16));
#14482 = CARTESIAN_POINT('',(1.212435565298,-2.1));
#14483 = ( GEOMETRIC_REPRESENTATION_CONTEXT(2) 
PARAMETRIC_REPRESENTATION_CONTEXT() REPRESENTATION_CONTEXT('2D SPACE',''
  ) );
#14484 = PCURVE('',#14485,#14490);
#14485 = PLANE('',#14486);
#14486 = AXIS2_PLACEMENT_3D('',#14487,#14488,#14489);
#14487 = CARTESIAN_POINT('',(56.712435565298,62.2,3.2));
#14488 = DIRECTION('',(-0.866025403784,0.5,0.));
#14489 = DIRECTION('',(0.5,0.866025403784,0.));
#14490 = DEFINITIONAL_REPRESENTATION('',(#14491),#14494);
#14491 = B_SPLINE_CURVE_WITH_KNOTS('',1,(#14492,#14493),.UNSPECIFIED.,
  .F.,.F.,(2,2),(-1.818653347947,0.606217782649),
  .PIECEWISE_BEZIER_KNOTS.);
#14492 = CARTESIAN_POINT('',(2.424871130596,-1.8));
#14493 = CARTESIAN_POINT('',(0.,-1.8));
#14494 = ( GEOMETRIC_REPRESENTATION_CONTEXT(2) 
PARAMETRIC_REPRESENTATION_CONTEXT() REPRESENTATION_CONTEXT('2D SPACE',''
  ) );
#14495 = ORIENTED_EDGE('',*,*,#14496,.T.);
#14496 = EDGE_CURVE('',#14471,#14497,#14499,.T.);
#14497 = VERTEX_POINT('',#14498);
#14498 = CARTESIAN_POINT('',(54.287564434702,62.2,5.));
#14499 = SURFACE_CURVE('',#14500,(#14504,#14510),.PCURVE_S1.);
#14500 = LINE('',#14501,#14502);
#14501 = CARTESIAN_POINT('',(54.893782217351,62.2,5.));
#14502 = VECTOR('',#14503,1.);
#14503 = DIRECTION('',(-1.,1.831393034651E-16,0.));
#14504 = PCURVE('',#13071,#14505);
#14505 = DEFINITIONAL_REPRESENTATION('',(#14506),#14509);
#14506 = B_SPLINE_CURVE_WITH_KNOTS('',1,(#14507,#14508),.UNSPECIFIED.,
  .F.,.F.,(2,2),(-1.818653347947,0.606217782649),
  .PIECEWISE_BEZIER_KNOTS.);
#14507 = CARTESIAN_POINT('',(1.212435565298,-2.1));
#14508 = CARTESIAN_POINT('',(-1.212435565298,-2.1));
#14509 = ( GEOMETRIC_REPRESENTATION_CONTEXT(2) 
PARAMETRIC_REPRESENTATION_CONTEXT() REPRESENTATION_CONTEXT('2D SPACE',''
  ) );
#14510 = PCURVE('',#14511,#14516);
#14511 = PLANE('',#14512);
#14512 = AXIS2_PLACEMENT_3D('',#14513,#14514,#14515);
#14513 = CARTESIAN_POINT('',(54.287564434702,62.2,3.2));
#14514 = DIRECTION('',(1.831393034651E-16,1.,-0.));
#14515 = DIRECTION('',(1.,-1.831393034651E-16,0.));
#14516 = DEFINITIONAL_REPRESENTATION('',(#14517),#14520);
#14517 = B_SPLINE_CURVE_WITH_KNOTS('',1,(#14518,#14519),.UNSPECIFIED.,
  .F.,.F.,(2,2),(-1.818653347947,0.606217782649),
  .PIECEWISE_BEZIER_KNOTS.);
#14518 = CARTESIAN_POINT('',(2.424871130596,-1.8));
#14519 = CARTESIAN_POINT('',(0.,-1.8));
#14520 = ( GEOMETRIC_REPRESENTATION_CONTEXT(2) 
PARAMETRIC_REPRESENTATION_CONTEXT() REPRESENTATION_CONTEXT('2D SPACE',''
  ) );
#14521 = ORIENTED_EDGE('',*,*,#14522,.T.);
#14522 = EDGE_CURVE('',#14497,#14523,#14525,.T.);
#14523 = VERTEX_POINT('',#14524);
#14524 = CARTESIAN_POINT('',(53.075128869404,64.3,5.));
#14525 = SURFACE_CURVE('',#14526,(#14530,#14536),.PCURVE_S1.);
#14526 = LINE('',#14527,#14528);
#14527 = CARTESIAN_POINT('',(53.378237760728,63.775,5.));
#14528 = VECTOR('',#14529,1.);
#14529 = DIRECTION('',(-0.5,0.866025403784,0.));
#14530 = PCURVE('',#13071,#14531);
#14531 = DEFINITIONAL_REPRESENTATION('',(#14532),#14535);
#14532 = B_SPLINE_CURVE_WITH_KNOTS('',1,(#14533,#14534),.UNSPECIFIED.,
  .F.,.F.,(2,2),(-1.818653347947,0.606217782649),
  .PIECEWISE_BEZIER_KNOTS.);
#14533 = CARTESIAN_POINT('',(-1.212435565298,-2.1));
#14534 = CARTESIAN_POINT('',(-2.424871130596,1.427554700487E-15));
#14535 = ( GEOMETRIC_REPRESENTATION_CONTEXT(2) 
PARAMETRIC_REPRESENTATION_CONTEXT() REPRESENTATION_CONTEXT('2D SPACE',''
  ) );
#14536 = PCURVE('',#14537,#14542);
#14537 = PLANE('',#14538);
#14538 = AXIS2_PLACEMENT_3D('',#14539,#14540,#14541);
#14539 = CARTESIAN_POINT('',(53.075128869404,64.3,3.2));
#14540 = DIRECTION('',(0.866025403784,0.5,-0.));
#14541 = DIRECTION('',(0.5,-0.866025403784,0.));
#14542 = DEFINITIONAL_REPRESENTATION('',(#14543),#14546);
#14543 = B_SPLINE_CURVE_WITH_KNOTS('',1,(#14544,#14545),.UNSPECIFIED.,
  .F.,.F.,(2,2),(-1.818653347947,0.606217782649),
  .PIECEWISE_BEZIER_KNOTS.);
#14544 = CARTESIAN_POINT('',(2.424871130596,-1.8));
#14545 = CARTESIAN_POINT('',(0.,-1.8));
#14546 = ( GEOMETRIC_REPRESENTATION_CONTEXT(2) 
PARAMETRIC_REPRESENTATION_CONTEXT() REPRESENTATION_CONTEXT('2D SPACE',''
  ) );
#14547 = ORIENTED_EDGE('',*,*,#14548,.T.);
#14548 = EDGE_CURVE('',#14523,#14417,#14549,.T.);
#14549 = SURFACE_CURVE('',#14550,(#14554,#14560),.PCURVE_S1.);
#14550 = LINE('',#14551,#14552);
#14551 = CARTESIAN_POINT('',(53.984455543377,65.875,5.));
#14552 = VECTOR('',#14553,1.);
#14553 = DIRECTION('',(0.5,0.866025403784,-0.));
#14554 = PCURVE('',#13071,#14555);
#14555 = DEFINITIONAL_REPRESENTATION('',(#14556),#14559);
#14556 = B_SPLINE_CURVE_WITH_KNOTS('',1,(#14557,#14558),.UNSPECIFIED.,
  .F.,.F.,(2,2),(-1.818653347947,0.606217782649),
  .PIECEWISE_BEZIER_KNOTS.);
#14557 = CARTESIAN_POINT('',(-2.424871130596,-5.801724392291E-15));
#14558 = CARTESIAN_POINT('',(-1.212435565298,2.1));
#14559 = ( GEOMETRIC_REPRESENTATION_CONTEXT(2) 
PARAMETRIC_REPRESENTATION_CONTEXT() REPRESENTATION_CONTEXT('2D SPACE',''
  ) );
#14560 = PCURVE('',#14561,#14566);
#14561 = PLANE('',#14562);
#14562 = AXIS2_PLACEMENT_3D('',#14563,#14564,#14565);
#14563 = CARTESIAN_POINT('',(54.287564434702,66.4,3.2));
#14564 = DIRECTION('',(0.866025403784,-0.5,0.));
#14565 = DIRECTION('',(-0.5,-0.866025403784,0.));
#14566 = DEFINITIONAL_REPRESENTATION('',(#14567),#14570);
#14567 = B_SPLINE_CURVE_WITH_KNOTS('',1,(#14568,#14569),.UNSPECIFIED.,
  .F.,.F.,(2,2),(-1.818653347947,0.606217782649),
  .PIECEWISE_BEZIER_KNOTS.);
#14568 = CARTESIAN_POINT('',(2.424871130596,-1.8));
#14569 = CARTESIAN_POINT('',(0.,-1.8));
#14570 = ( GEOMETRIC_REPRESENTATION_CONTEXT(2) 
PARAMETRIC_REPRESENTATION_CONTEXT() REPRESENTATION_CONTEXT('2D SPACE',''
  ) );
#14571 = ADVANCED_FACE('',(#14572),#13126,.T.);
#14572 = FACE_BOUND('',#14573,.T.);
#14573 = EDGE_LOOP('',(#14574));
#14574 = ORIENTED_EDGE('',*,*,#13111,.T.);
#14575 = ADVANCED_FACE('',(#14576,#14582),#13181,.F.);
#14576 = FACE_BOUND('',#14577,.F.);
#14577 = EDGE_LOOP('',(#14578,#14579,#14580,#14581));
#14578 = ORIENTED_EDGE('',*,*,#13166,.F.);
#14579 = ORIENTED_EDGE('',*,*,#13218,.T.);
#14580 = ORIENTED_EDGE('',*,*,#13265,.T.);
#14581 = ORIENTED_EDGE('',*,*,#13312,.F.);
#14582 = FACE_BOUND('',#14583,.F.);
#14583 = EDGE_LOOP('',(#14584));
#14584 = ORIENTED_EDGE('',*,*,#14585,.F.);
#14585 = EDGE_CURVE('',#14586,#14586,#14588,.T.);
#14586 = VERTEX_POINT('',#14587);
#14587 = CARTESIAN_POINT('',(18.4,14.3,-2.4));
#14588 = SURFACE_CURVE('',#14589,(#14594,#14601),.PCURVE_S1.);
#14589 = CIRCLE('',#14590,4.1);
#14590 = AXIS2_PLACEMENT_3D('',#14591,#14592,#14593);
#14591 = CARTESIAN_POINT('',(14.3,14.3,-2.4));
#14592 = DIRECTION('',(0.,0.,1.));
#14593 = DIRECTION('',(1.,0.,-0.));
#14594 = PCURVE('',#13181,#14595);
#14595 = DEFINITIONAL_REPRESENTATION('',(#14596),#14600);
#14596 = CIRCLE('',#14597,4.1);
#14597 = AXIS2_PLACEMENT_2D('',#14598,#14599);
#14598 = CARTESIAN_POINT('',(-16.7,-30.15));
#14599 = DIRECTION('',(1.,0.));
#14600 = ( GEOMETRIC_REPRESENTATION_CONTEXT(2) 
PARAMETRIC_REPRESENTATION_CONTEXT() REPRESENTATION_CONTEXT('2D SPACE',''
  ) );
#14601 = PCURVE('',#14602,#14607);
#14602 = CYLINDRICAL_SURFACE('',#14603,4.1);
#14603 = AXIS2_PLACEMENT_3D('',#14604,#14605,#14606);
#14604 = CARTESIAN_POINT('',(14.3,14.3,-2.41));
#14605 = DIRECTION('',(0.,0.,1.));
#14606 = DIRECTION('',(1.,0.,-0.));
#14607 = DEFINITIONAL_REPRESENTATION('',(#14608),#14612);
#14608 = LINE('',#14609,#14610);
#14609 = CARTESIAN_POINT('',(0.,1.E-02));
#14610 = VECTOR('',#14611,1.);
#14611 = DIRECTION('',(1.,0.));
#14612 = ( GEOMETRIC_REPRESENTATION_CONTEXT(2) 
PARAMETRIC_REPRESENTATION_CONTEXT() REPRESENTATION_CONTEXT('2D SPACE',''
  ) );
#14613 = ADVANCED_FACE('',(#14614,#14620),#13374,.F.);
#14614 = FACE_BOUND('',#14615,.F.);
#14615 = EDGE_LOOP('',(#14616,#14617,#14618,#14619));
#14616 = ORIENTED_EDGE('',*,*,#13359,.F.);
#14617 = ORIENTED_EDGE('',*,*,#13411,.T.);
#14618 = ORIENTED_EDGE('',*,*,#13458,.T.);
#14619 = ORIENTED_EDGE('',*,*,#13505,.F.);
#14620 = FACE_BOUND('',#14621,.F.);
#14621 = EDGE_LOOP('',(#14622));
#14622 = ORIENTED_EDGE('',*,*,#14623,.F.);
#14623 = EDGE_CURVE('',#14624,#14624,#14626,.T.);
#14624 = VERTEX_POINT('',#14625);
#14625 = CARTESIAN_POINT('',(51.8,14.3,-2.4));
#14626 = SURFACE_CURVE('',#14627,(#14632,#14639),.PCURVE_S1.);
#14627 = CIRCLE('',#14628,4.1);
#14628 = AXIS2_PLACEMENT_3D('',#14629,#14630,#14631);
#14629 = CARTESIAN_POINT('',(47.7,14.3,-2.4));
#14630 = DIRECTION('',(0.,0.,1.));
#14631 = DIRECTION('',(1.,0.,-0.));
#14632 = PCURVE('',#13374,#14633);
#14633 = DEFINITIONAL_REPRESENTATION('',(#14634),#14638);
#14634 = CIRCLE('',#14635,4.1);
#14635 = AXIS2_PLACEMENT_2D('',#14636,#14637);
#14636 = CARTESIAN_POINT('',(16.7,-30.15));
#14637 = DIRECTION('',(1.,0.));
#14638 = ( GEOMETRIC_REPRESENTATION_CONTEXT(2) 
PARAMETRIC_REPRESENTATION_CONTEXT() REPRESENTATION_CONTEXT('2D SPACE',''
  ) );
#14639 = PCURVE('',#14640,#14645);
#14640 = CYLINDRICAL_SURFACE('',#14641,4.1);
#14641 = AXIS2_PLACEMENT_3D('',#14642,#14643,#14644);
#14642 = CARTESIAN_POINT('',(47.7,14.3,-2.41));
#14643 = DIRECTION('',(0.,0.,1.));
#14644 = DIRECTION('',(1.,0.,-0.));
#14645 = DEFINITIONAL_REPRESENTATION('',(#14646),#14650);
#14646 = LINE('',#14647,#14648);
#14647 = CARTESIAN_POINT('',(0.,1.E-02));
#14648 = VECTOR('',#14649,1.);
#14649 = DIRECTION('',(1.,0.));
#14650 = ( GEOMETRIC_REPRESENTATION_CONTEXT(2) 
PARAMETRIC_REPRESENTATION_CONTEXT() REPRESENTATION_CONTEXT('2D SPACE',''
  ) );
#14651 = ADVANCED_FACE('',(#14652,#14658),#13567,.F.);
#14652 = FACE_BOUND('',#14653,.F.);
#14653 = EDGE_LOOP('',(#14654,#14655,#14656,#14657));
#14654 = ORIENTED_EDGE('',*,*,#13552,.F.);
#14655 = ORIENTED_EDGE('',*,*,#13604,.T.);
#14656 = ORIENTED_EDGE('',*,*,#13651,.T.);
#14657 = ORIENTED_EDGE('',*,*,#13698,.F.);
#14658 = FACE_BOUND('',#14659,.F.);
#14659 = EDGE_LOOP('',(#14660));
#14660 = ORIENTED_EDGE('',*,*,#14661,.F.);
#14661 = EDGE_CURVE('',#14662,#14662,#14664,.T.);
#14662 = VERTEX_POINT('',#14663);
#14663 = CARTESIAN_POINT('',(18.4,74.6,-2.4));
#14664 = SURFACE_CURVE('',#14665,(#14670,#14677),.PCURVE_S1.);
#14665 = CIRCLE('',#14666,4.1);
#14666 = AXIS2_PLACEMENT_3D('',#14667,#14668,#14669);
#14667 = CARTESIAN_POINT('',(14.3,74.6,-2.4));
#14668 = DIRECTION('',(0.,0.,1.));
#14669 = DIRECTION('',(1.,0.,-0.));
#14670 = PCURVE('',#13567,#14671);
#14671 = DEFINITIONAL_REPRESENTATION('',(#14672),#14676);
#14672 = CIRCLE('',#14673,4.1);
#14673 = AXIS2_PLACEMENT_2D('',#14674,#14675);
#14674 = CARTESIAN_POINT('',(-16.7,30.15));
#14675 = DIRECTION('',(1.,0.));
#14676 = ( GEOMETRIC_REPRESENTATION_CONTEXT(2) 
PARAMETRIC_REPRESENTATION_CONTEXT() REPRESENTATION_CONTEXT('2D SPACE',''
  ) );
#14677 = PCURVE('',#14678,#14683);
#14678 = CYLINDRICAL_SURFACE('',#14679,4.1);
#14679 = AXIS2_PLACEMENT_3D('',#14680,#14681,#14682);
#14680 = CARTESIAN_POINT('',(14.3,74.6,-2.41));
#14681 = DIRECTION('',(0.,0.,1.));
#14682 = DIRECTION('',(1.,0.,-0.));
#14683 = DEFINITIONAL_REPRESENTATION('',(#14684),#14688);
#14684 = LINE('',#14685,#14686);
#14685 = CARTESIAN_POINT('',(0.,1.E-02));
#14686 = VECTOR('',#14687,1.);
#14687 = DIRECTION('',(1.,0.));
#14688 = ( GEOMETRIC_REPRESENTATION_CONTEXT(2) 
PARAMETRIC_REPRESENTATION_CONTEXT() REPRESENTATION_CONTEXT('2D SPACE',''
  ) );
#14689 = ADVANCED_FACE('',(#14690,#14696),#13760,.F.);
#14690 = FACE_BOUND('',#14691,.F.);
#14691 = EDGE_LOOP('',(#14692,#14693,#14694,#14695));
#14692 = ORIENTED_EDGE('',*,*,#13745,.F.);
#14693 = ORIENTED_EDGE('',*,*,#13797,.T.);
#14694 = ORIENTED_EDGE('',*,*,#13844,.T.);
#14695 = ORIENTED_EDGE('',*,*,#13891,.F.);
#14696 = FACE_BOUND('',#14697,.F.);
#14697 = EDGE_LOOP('',(#14698));
#14698 = ORIENTED_EDGE('',*,*,#14699,.F.);
#14699 = EDGE_CURVE('',#14700,#14700,#14702,.T.);
#14700 = VERTEX_POINT('',#14701);
#14701 = CARTESIAN_POINT('',(51.8,74.6,-2.4));
#14702 = SURFACE_CURVE('',#14703,(#14708,#14715),.PCURVE_S1.);
#14703 = CIRCLE('',#14704,4.1);
#14704 = AXIS2_PLACEMENT_3D('',#14705,#14706,#14707);
#14705 = CARTESIAN_POINT('',(47.7,74.6,-2.4));
#14706 = DIRECTION('',(0.,0.,1.));
#14707 = DIRECTION('',(1.,0.,-0.));
#14708 = PCURVE('',#13760,#14709);
#14709 = DEFINITIONAL_REPRESENTATION('',(#14710),#14714);
#14710 = CIRCLE('',#14711,4.1);
#14711 = AXIS2_PLACEMENT_2D('',#14712,#14713);
#14712 = CARTESIAN_POINT('',(16.7,30.15));
#14713 = DIRECTION('',(1.,0.));
#14714 = ( GEOMETRIC_REPRESENTATION_CONTEXT(2) 
PARAMETRIC_REPRESENTATION_CONTEXT() REPRESENTATION_CONTEXT('2D SPACE',''
  ) );
#14715 = PCURVE('',#14716,#14721);
#14716 = CYLINDRICAL_SURFACE('',#14717,4.1);
#14717 = AXIS2_PLACEMENT_3D('',#14718,#14719,#14720);
#14718 = CARTESIAN_POINT('',(47.7,74.6,-2.41));
#14719 = DIRECTION('',(0.,0.,1.));
#14720 = DIRECTION('',(1.,0.,-0.));
#14721 = DEFINITIONAL_REPRESENTATION('',(#14722),#14726);
#14722 = LINE('',#14723,#14724);
#14723 = CARTESIAN_POINT('',(0.,1.E-02));
#14724 = VECTOR('',#14725,1.);
#14725 = DIRECTION('',(1.,0.));
#14726 = ( GEOMETRIC_REPRESENTATION_CONTEXT(2) 
PARAMETRIC_REPRESENTATION_CONTEXT() REPRESENTATION_CONTEXT('2D SPACE',''
  ) );
#14727 = ADVANCED_FACE('',(#14728),#13935,.T.);
#14728 = FACE_BOUND('',#14729,.T.);
#14729 = EDGE_LOOP('',(#14730,#14760,#14781,#14782));
#14730 = ORIENTED_EDGE('',*,*,#14731,.F.);
#14731 = EDGE_CURVE('',#14732,#14734,#14736,.T.);
#14732 = VERTEX_POINT('',#14733);
#14733 = CARTESIAN_POINT('',(7.712435565298,8.4,3.2));
#14734 = VERTEX_POINT('',#14735);
#14735 = CARTESIAN_POINT('',(5.287564434702,8.4,3.2));
#14736 = SURFACE_CURVE('',#14737,(#14741,#14748),.PCURVE_S1.);
#14737 = LINE('',#14738,#14739);
#14738 = CARTESIAN_POINT('',(7.712435565298,8.4,3.2));
#14739 = VECTOR('',#14740,1.);
#14740 = DIRECTION('',(-1.,0.,0.));
#14741 = PCURVE('',#13935,#14742);
#14742 = DEFINITIONAL_REPRESENTATION('',(#14743),#14747);
#14743 = LINE('',#14744,#14745);
#14744 = CARTESIAN_POINT('',(0.,-0.));
#14745 = VECTOR('',#14746,1.);
#14746 = DIRECTION('',(1.,0.));
#14747 = ( GEOMETRIC_REPRESENTATION_CONTEXT(2) 
PARAMETRIC_REPRESENTATION_CONTEXT() REPRESENTATION_CONTEXT('2D SPACE',''
  ) );
#14748 = PCURVE('',#14749,#14754);
#14749 = PLANE('',#14750);
#14750 = AXIS2_PLACEMENT_3D('',#14751,#14752,#14753);
#14751 = CARTESIAN_POINT('',(6.5,6.3,3.2));
#14752 = DIRECTION('',(0.,0.,1.));
#14753 = DIRECTION('',(1.,0.,-0.));
#14754 = DEFINITIONAL_REPRESENTATION('',(#14755),#14759);
#14755 = LINE('',#14756,#14757);
#14756 = CARTESIAN_POINT('',(1.212435565298,2.1));
#14757 = VECTOR('',#14758,1.);
#14758 = DIRECTION('',(-1.,0.));
#14759 = ( GEOMETRIC_REPRESENTATION_CONTEXT(2) 
PARAMETRIC_REPRESENTATION_CONTEXT() REPRESENTATION_CONTEXT('2D SPACE',''
  ) );
#14760 = ORIENTED_EDGE('',*,*,#14761,.T.);
#14761 = EDGE_CURVE('',#14732,#13921,#14762,.T.);
#14762 = SURFACE_CURVE('',#14763,(#14767,#14774),.PCURVE_S1.);
#14763 = LINE('',#14764,#14765);
#14764 = CARTESIAN_POINT('',(7.712435565298,8.4,3.2));
#14765 = VECTOR('',#14766,1.);
#14766 = DIRECTION('',(0.,0.,1.));
#14767 = PCURVE('',#13935,#14768);
#14768 = DEFINITIONAL_REPRESENTATION('',(#14769),#14773);
#14769 = LINE('',#14770,#14771);
#14770 = CARTESIAN_POINT('',(0.,-0.));
#14771 = VECTOR('',#14772,1.);
#14772 = DIRECTION('',(0.,-1.));
#14773 = ( GEOMETRIC_REPRESENTATION_CONTEXT(2) 
PARAMETRIC_REPRESENTATION_CONTEXT() REPRESENTATION_CONTEXT('2D SPACE',''
  ) );
#14774 = PCURVE('',#13961,#14775);
#14775 = DEFINITIONAL_REPRESENTATION('',(#14776),#14780);
#14776 = LINE('',#14777,#14778);
#14777 = CARTESIAN_POINT('',(2.424871130596,0.));
#14778 = VECTOR('',#14779,1.);
#14779 = DIRECTION('',(0.,-1.));
#14780 = ( GEOMETRIC_REPRESENTATION_CONTEXT(2) 
PARAMETRIC_REPRESENTATION_CONTEXT() REPRESENTATION_CONTEXT('2D SPACE',''
  ) );
#14781 = ORIENTED_EDGE('',*,*,#13918,.F.);
#14782 = ORIENTED_EDGE('',*,*,#14783,.F.);
#14783 = EDGE_CURVE('',#14734,#13919,#14784,.T.);
#14784 = SURFACE_CURVE('',#14785,(#14789,#14796),.PCURVE_S1.);
#14785 = LINE('',#14786,#14787);
#14786 = CARTESIAN_POINT('',(5.287564434702,8.4,3.2));
#14787 = VECTOR('',#14788,1.);
#14788 = DIRECTION('',(0.,0.,1.));
#14789 = PCURVE('',#13935,#14790);
#14790 = DEFINITIONAL_REPRESENTATION('',(#14791),#14795);
#14791 = LINE('',#14792,#14793);
#14792 = CARTESIAN_POINT('',(2.424871130596,0.));
#14793 = VECTOR('',#14794,1.);
#14794 = DIRECTION('',(0.,-1.));
#14795 = ( GEOMETRIC_REPRESENTATION_CONTEXT(2) 
PARAMETRIC_REPRESENTATION_CONTEXT() REPRESENTATION_CONTEXT('2D SPACE',''
  ) );
#14796 = PCURVE('',#14063,#14797);
#14797 = DEFINITIONAL_REPRESENTATION('',(#14798),#14802);
#14798 = LINE('',#14799,#14800);
#14799 = CARTESIAN_POINT('',(0.,0.));
#14800 = VECTOR('',#14801,1.);
#14801 = DIRECTION('',(0.,-1.));
#14802 = ( GEOMETRIC_REPRESENTATION_CONTEXT(2) 
PARAMETRIC_REPRESENTATION_CONTEXT() REPRESENTATION_CONTEXT('2D SPACE',''
  ) );
#14803 = ADVANCED_FACE('',(#14804),#14063,.T.);
#14804 = FACE_BOUND('',#14805,.T.);
#14805 = EDGE_LOOP('',(#14806,#14829,#14830,#14831));
#14806 = ORIENTED_EDGE('',*,*,#14807,.F.);
#14807 = EDGE_CURVE('',#14734,#14808,#14810,.T.);
#14808 = VERTEX_POINT('',#14809);
#14809 = CARTESIAN_POINT('',(4.075128869404,6.3,3.2));
#14810 = SURFACE_CURVE('',#14811,(#14815,#14822),.PCURVE_S1.);
#14811 = LINE('',#14812,#14813);
#14812 = CARTESIAN_POINT('',(5.287564434702,8.4,3.2));
#14813 = VECTOR('',#14814,1.);
#14814 = DIRECTION('',(-0.5,-0.866025403784,0.));
#14815 = PCURVE('',#14063,#14816);
#14816 = DEFINITIONAL_REPRESENTATION('',(#14817),#14821);
#14817 = LINE('',#14818,#14819);
#14818 = CARTESIAN_POINT('',(0.,0.));
#14819 = VECTOR('',#14820,1.);
#14820 = DIRECTION('',(1.,0.));
#14821 = ( GEOMETRIC_REPRESENTATION_CONTEXT(2) 
PARAMETRIC_REPRESENTATION_CONTEXT() REPRESENTATION_CONTEXT('2D SPACE',''
  ) );
#14822 = PCURVE('',#14749,#14823);
#14823 = DEFINITIONAL_REPRESENTATION('',(#14824),#14828);
#14824 = LINE('',#14825,#14826);
#14825 = CARTESIAN_POINT('',(-1.212435565298,2.1));
#14826 = VECTOR('',#14827,1.);
#14827 = DIRECTION('',(-0.5,-0.866025403784));
#14828 = ( GEOMETRIC_REPRESENTATION_CONTEXT(2) 
PARAMETRIC_REPRESENTATION_CONTEXT() REPRESENTATION_CONTEXT('2D SPACE',''
  ) );
#14829 = ORIENTED_EDGE('',*,*,#14783,.T.);
#14830 = ORIENTED_EDGE('',*,*,#14050,.F.);
#14831 = ORIENTED_EDGE('',*,*,#14832,.F.);
#14832 = EDGE_CURVE('',#14808,#14025,#14833,.T.);
#14833 = SURFACE_CURVE('',#14834,(#14838,#14845),.PCURVE_S1.);
#14834 = LINE('',#14835,#14836);
#14835 = CARTESIAN_POINT('',(4.075128869404,6.3,3.2));
#14836 = VECTOR('',#14837,1.);
#14837 = DIRECTION('',(0.,0.,1.));
#14838 = PCURVE('',#14063,#14839);
#14839 = DEFINITIONAL_REPRESENTATION('',(#14840),#14844);
#14840 = LINE('',#14841,#14842);
#14841 = CARTESIAN_POINT('',(2.424871130596,0.));
#14842 = VECTOR('',#14843,1.);
#14843 = DIRECTION('',(0.,-1.));
#14844 = ( GEOMETRIC_REPRESENTATION_CONTEXT(2) 
PARAMETRIC_REPRESENTATION_CONTEXT() REPRESENTATION_CONTEXT('2D SPACE',''
  ) );
#14845 = PCURVE('',#14039,#14846);
#14846 = DEFINITIONAL_REPRESENTATION('',(#14847),#14851);
#14847 = LINE('',#14848,#14849);
#14848 = CARTESIAN_POINT('',(0.,0.));
#14849 = VECTOR('',#14850,1.);
#14850 = DIRECTION('',(0.,-1.));
#14851 = ( GEOMETRIC_REPRESENTATION_CONTEXT(2) 
PARAMETRIC_REPRESENTATION_CONTEXT() REPRESENTATION_CONTEXT('2D SPACE',''
  ) );
#14852 = ADVANCED_FACE('',(#14853),#14039,.T.);
#14853 = FACE_BOUND('',#14854,.T.);
#14854 = EDGE_LOOP('',(#14855,#14878,#14879,#14880));
#14855 = ORIENTED_EDGE('',*,*,#14856,.F.);
#14856 = EDGE_CURVE('',#14808,#14857,#14859,.T.);
#14857 = VERTEX_POINT('',#14858);
#14858 = CARTESIAN_POINT('',(5.287564434702,4.2,3.2));
#14859 = SURFACE_CURVE('',#14860,(#14864,#14871),.PCURVE_S1.);
#14860 = LINE('',#14861,#14862);
#14861 = CARTESIAN_POINT('',(4.075128869404,6.3,3.2));
#14862 = VECTOR('',#14863,1.);
#14863 = DIRECTION('',(0.5,-0.866025403784,0.));
#14864 = PCURVE('',#14039,#14865);
#14865 = DEFINITIONAL_REPRESENTATION('',(#14866),#14870);
#14866 = LINE('',#14867,#14868);
#14867 = CARTESIAN_POINT('',(0.,0.));
#14868 = VECTOR('',#14869,1.);
#14869 = DIRECTION('',(1.,0.));
#14870 = ( GEOMETRIC_REPRESENTATION_CONTEXT(2) 
PARAMETRIC_REPRESENTATION_CONTEXT() REPRESENTATION_CONTEXT('2D SPACE',''
  ) );
#14871 = PCURVE('',#14749,#14872);
#14872 = DEFINITIONAL_REPRESENTATION('',(#14873),#14877);
#14873 = LINE('',#14874,#14875);
#14874 = CARTESIAN_POINT('',(-2.424871130596,3.35934299073E-16));
#14875 = VECTOR('',#14876,1.);
#14876 = DIRECTION('',(0.5,-0.866025403784));
#14877 = ( GEOMETRIC_REPRESENTATION_CONTEXT(2) 
PARAMETRIC_REPRESENTATION_CONTEXT() REPRESENTATION_CONTEXT('2D SPACE',''
  ) );
#14878 = ORIENTED_EDGE('',*,*,#14832,.T.);
#14879 = ORIENTED_EDGE('',*,*,#14024,.F.);
#14880 = ORIENTED_EDGE('',*,*,#14881,.F.);
#14881 = EDGE_CURVE('',#14857,#13999,#14882,.T.);
#14882 = SURFACE_CURVE('',#14883,(#14887,#14894),.PCURVE_S1.);
#14883 = LINE('',#14884,#14885);
#14884 = CARTESIAN_POINT('',(5.287564434702,4.2,3.2));
#14885 = VECTOR('',#14886,1.);
#14886 = DIRECTION('',(0.,0.,1.));
#14887 = PCURVE('',#14039,#14888);
#14888 = DEFINITIONAL_REPRESENTATION('',(#14889),#14893);
#14889 = LINE('',#14890,#14891);
#14890 = CARTESIAN_POINT('',(2.424871130596,0.));
#14891 = VECTOR('',#14892,1.);
#14892 = DIRECTION('',(0.,-1.));
#14893 = ( GEOMETRIC_REPRESENTATION_CONTEXT(2) 
PARAMETRIC_REPRESENTATION_CONTEXT() REPRESENTATION_CONTEXT('2D SPACE',''
  ) );
#14894 = PCURVE('',#14013,#14895);
#14895 = DEFINITIONAL_REPRESENTATION('',(#14896),#14900);
#14896 = LINE('',#14897,#14898);
#14897 = CARTESIAN_POINT('',(0.,0.));
#14898 = VECTOR('',#14899,1.);
#14899 = DIRECTION('',(0.,-1.));
#14900 = ( GEOMETRIC_REPRESENTATION_CONTEXT(2) 
PARAMETRIC_REPRESENTATION_CONTEXT() REPRESENTATION_CONTEXT('2D SPACE',''
  ) );
#14901 = ADVANCED_FACE('',(#14902),#14013,.T.);
#14902 = FACE_BOUND('',#14903,.T.);
#14903 = EDGE_LOOP('',(#14904,#14927,#14928,#14929));
#14904 = ORIENTED_EDGE('',*,*,#14905,.F.);
#14905 = EDGE_CURVE('',#14857,#14906,#14908,.T.);
#14906 = VERTEX_POINT('',#14907);
#14907 = CARTESIAN_POINT('',(7.712435565298,4.2,3.2));
#14908 = SURFACE_CURVE('',#14909,(#14913,#14920),.PCURVE_S1.);
#14909 = LINE('',#14910,#14911);
#14910 = CARTESIAN_POINT('',(5.287564434702,4.2,3.2));
#14911 = VECTOR('',#14912,1.);
#14912 = DIRECTION('',(1.,-1.831393034651E-16,0.));
#14913 = PCURVE('',#14013,#14914);
#14914 = DEFINITIONAL_REPRESENTATION('',(#14915),#14919);
#14915 = LINE('',#14916,#14917);
#14916 = CARTESIAN_POINT('',(0.,0.));
#14917 = VECTOR('',#14918,1.);
#14918 = DIRECTION('',(1.,0.));
#14919 = ( GEOMETRIC_REPRESENTATION_CONTEXT(2) 
PARAMETRIC_REPRESENTATION_CONTEXT() REPRESENTATION_CONTEXT('2D SPACE',''
  ) );
#14920 = PCURVE('',#14749,#14921);
#14921 = DEFINITIONAL_REPRESENTATION('',(#14922),#14926);
#14922 = LINE('',#14923,#14924);
#14923 = CARTESIAN_POINT('',(-1.212435565298,-2.1));
#14924 = VECTOR('',#14925,1.);
#14925 = DIRECTION('',(1.,-1.831393034651E-16));
#14926 = ( GEOMETRIC_REPRESENTATION_CONTEXT(2) 
PARAMETRIC_REPRESENTATION_CONTEXT() REPRESENTATION_CONTEXT('2D SPACE',''
  ) );
#14927 = ORIENTED_EDGE('',*,*,#14881,.T.);
#14928 = ORIENTED_EDGE('',*,*,#13998,.F.);
#14929 = ORIENTED_EDGE('',*,*,#14930,.F.);
#14930 = EDGE_CURVE('',#14906,#13973,#14931,.T.);
#14931 = SURFACE_CURVE('',#14932,(#14936,#14943),.PCURVE_S1.);
#14932 = LINE('',#14933,#14934);
#14933 = CARTESIAN_POINT('',(7.712435565298,4.2,3.2));
#14934 = VECTOR('',#14935,1.);
#14935 = DIRECTION('',(0.,0.,1.));
#14936 = PCURVE('',#14013,#14937);
#14937 = DEFINITIONAL_REPRESENTATION('',(#14938),#14942);
#14938 = LINE('',#14939,#14940);
#14939 = CARTESIAN_POINT('',(2.424871130596,0.));
#14940 = VECTOR('',#14941,1.);
#14941 = DIRECTION('',(0.,-1.));
#14942 = ( GEOMETRIC_REPRESENTATION_CONTEXT(2) 
PARAMETRIC_REPRESENTATION_CONTEXT() REPRESENTATION_CONTEXT('2D SPACE',''
  ) );
#14943 = PCURVE('',#13987,#14944);
#14944 = DEFINITIONAL_REPRESENTATION('',(#14945),#14949);
#14945 = LINE('',#14946,#14947);
#14946 = CARTESIAN_POINT('',(0.,0.));
#14947 = VECTOR('',#14948,1.);
#14948 = DIRECTION('',(0.,-1.));
#14949 = ( GEOMETRIC_REPRESENTATION_CONTEXT(2) 
PARAMETRIC_REPRESENTATION_CONTEXT() REPRESENTATION_CONTEXT('2D SPACE',''
  ) );
#14950 = ADVANCED_FACE('',(#14951),#13987,.T.);
#14951 = FACE_BOUND('',#14952,.T.);
#14952 = EDGE_LOOP('',(#14953,#14976,#14977,#14978));
#14953 = ORIENTED_EDGE('',*,*,#14954,.F.);
#14954 = EDGE_CURVE('',#14906,#14955,#14957,.T.);
#14955 = VERTEX_POINT('',#14956);
#14956 = CARTESIAN_POINT('',(8.924871130596,6.3,3.2));
#14957 = SURFACE_CURVE('',#14958,(#14962,#14969),.PCURVE_S1.);
#14958 = LINE('',#14959,#14960);
#14959 = CARTESIAN_POINT('',(7.712435565298,4.2,3.2));
#14960 = VECTOR('',#14961,1.);
#14961 = DIRECTION('',(0.5,0.866025403784,0.));
#14962 = PCURVE('',#13987,#14963);
#14963 = DEFINITIONAL_REPRESENTATION('',(#14964),#14968);
#14964 = LINE('',#14965,#14966);
#14965 = CARTESIAN_POINT('',(0.,0.));
#14966 = VECTOR('',#14967,1.);
#14967 = DIRECTION('',(1.,0.));
#14968 = ( GEOMETRIC_REPRESENTATION_CONTEXT(2) 
PARAMETRIC_REPRESENTATION_CONTEXT() REPRESENTATION_CONTEXT('2D SPACE',''
  ) );
#14969 = PCURVE('',#14749,#14970);
#14970 = DEFINITIONAL_REPRESENTATION('',(#14971),#14975);
#14971 = LINE('',#14972,#14973);
#14972 = CARTESIAN_POINT('',(1.212435565298,-2.1));
#14973 = VECTOR('',#14974,1.);
#14974 = DIRECTION('',(0.5,0.866025403784));
#14975 = ( GEOMETRIC_REPRESENTATION_CONTEXT(2) 
PARAMETRIC_REPRESENTATION_CONTEXT() REPRESENTATION_CONTEXT('2D SPACE',''
  ) );
#14976 = ORIENTED_EDGE('',*,*,#14930,.T.);
#14977 = ORIENTED_EDGE('',*,*,#13972,.F.);
#14978 = ORIENTED_EDGE('',*,*,#14979,.F.);
#14979 = EDGE_CURVE('',#14955,#13947,#14980,.T.);
#14980 = SURFACE_CURVE('',#14981,(#14985,#14992),.PCURVE_S1.);
#14981 = LINE('',#14982,#14983);
#14982 = CARTESIAN_POINT('',(8.924871130596,6.3,3.2));
#14983 = VECTOR('',#14984,1.);
#14984 = DIRECTION('',(0.,0.,1.));
#14985 = PCURVE('',#13987,#14986);
#14986 = DEFINITIONAL_REPRESENTATION('',(#14987),#14991);
#14987 = LINE('',#14988,#14989);
#14988 = CARTESIAN_POINT('',(2.424871130596,0.));
#14989 = VECTOR('',#14990,1.);
#14990 = DIRECTION('',(0.,-1.));
#14991 = ( GEOMETRIC_REPRESENTATION_CONTEXT(2) 
PARAMETRIC_REPRESENTATION_CONTEXT() REPRESENTATION_CONTEXT('2D SPACE',''
  ) );
#14992 = PCURVE('',#13961,#14993);
#14993 = DEFINITIONAL_REPRESENTATION('',(#14994),#14998);
#14994 = LINE('',#14995,#14996);
#14995 = CARTESIAN_POINT('',(0.,0.));
#14996 = VECTOR('',#14997,1.);
#14997 = DIRECTION('',(0.,-1.));
#14998 = ( GEOMETRIC_REPRESENTATION_CONTEXT(2) 
PARAMETRIC_REPRESENTATION_CONTEXT() REPRESENTATION_CONTEXT('2D SPACE',''
  ) );
#14999 = ADVANCED_FACE('',(#15000),#13961,.T.);
#15000 = FACE_BOUND('',#15001,.T.);
#15001 = EDGE_LOOP('',(#15002,#15023,#15024,#15025));
#15002 = ORIENTED_EDGE('',*,*,#15003,.F.);
#15003 = EDGE_CURVE('',#14955,#14732,#15004,.T.);
#15004 = SURFACE_CURVE('',#15005,(#15009,#15016),.PCURVE_S1.);
#15005 = LINE('',#15006,#15007);
#15006 = CARTESIAN_POINT('',(8.924871130596,6.3,3.2));
#15007 = VECTOR('',#15008,1.);
#15008 = DIRECTION('',(-0.5,0.866025403784,0.));
#15009 = PCURVE('',#13961,#15010);
#15010 = DEFINITIONAL_REPRESENTATION('',(#15011),#15015);
#15011 = LINE('',#15012,#15013);
#15012 = CARTESIAN_POINT('',(0.,0.));
#15013 = VECTOR('',#15014,1.);
#15014 = DIRECTION('',(1.,0.));
#15015 = ( GEOMETRIC_REPRESENTATION_CONTEXT(2) 
PARAMETRIC_REPRESENTATION_CONTEXT() REPRESENTATION_CONTEXT('2D SPACE',''
  ) );
#15016 = PCURVE('',#14749,#15017);
#15017 = DEFINITIONAL_REPRESENTATION('',(#15018),#15022);
#15018 = LINE('',#15019,#15020);
#15019 = CARTESIAN_POINT('',(2.424871130596,3.897323222999E-17));
#15020 = VECTOR('',#15021,1.);
#15021 = DIRECTION('',(-0.5,0.866025403784));
#15022 = ( GEOMETRIC_REPRESENTATION_CONTEXT(2) 
PARAMETRIC_REPRESENTATION_CONTEXT() REPRESENTATION_CONTEXT('2D SPACE',''
  ) );
#15023 = ORIENTED_EDGE('',*,*,#14979,.T.);
#15024 = ORIENTED_EDGE('',*,*,#13946,.F.);
#15025 = ORIENTED_EDGE('',*,*,#14761,.F.);
#15026 = ADVANCED_FACE('',(#15027),#14101,.T.);
#15027 = FACE_BOUND('',#15028,.T.);
#15028 = EDGE_LOOP('',(#15029,#15059,#15080,#15081));
#15029 = ORIENTED_EDGE('',*,*,#15030,.F.);
#15030 = EDGE_CURVE('',#15031,#15033,#15035,.T.);
#15031 = VERTEX_POINT('',#15032);
#15032 = CARTESIAN_POINT('',(56.712435565298,8.4,3.2));
#15033 = VERTEX_POINT('',#15034);
#15034 = CARTESIAN_POINT('',(54.287564434702,8.4,3.2));
#15035 = SURFACE_CURVE('',#15036,(#15040,#15047),.PCURVE_S1.);
#15036 = LINE('',#15037,#15038);
#15037 = CARTESIAN_POINT('',(56.712435565298,8.4,3.2));
#15038 = VECTOR('',#15039,1.);
#15039 = DIRECTION('',(-1.,0.,0.));
#15040 = PCURVE('',#14101,#15041);
#15041 = DEFINITIONAL_REPRESENTATION('',(#15042),#15046);
#15042 = LINE('',#15043,#15044);
#15043 = CARTESIAN_POINT('',(0.,-0.));
#15044 = VECTOR('',#15045,1.);
#15045 = DIRECTION('',(1.,0.));
#15046 = ( GEOMETRIC_REPRESENTATION_CONTEXT(2) 
PARAMETRIC_REPRESENTATION_CONTEXT() REPRESENTATION_CONTEXT('2D SPACE',''
  ) );
#15047 = PCURVE('',#15048,#15053);
#15048 = PLANE('',#15049);
#15049 = AXIS2_PLACEMENT_3D('',#15050,#15051,#15052);
#15050 = CARTESIAN_POINT('',(55.5,6.3,3.2));
#15051 = DIRECTION('',(0.,0.,1.));
#15052 = DIRECTION('',(1.,0.,-0.));
#15053 = DEFINITIONAL_REPRESENTATION('',(#15054),#15058);
#15054 = LINE('',#15055,#15056);
#15055 = CARTESIAN_POINT('',(1.212435565298,2.1));
#15056 = VECTOR('',#15057,1.);
#15057 = DIRECTION('',(-1.,0.));
#15058 = ( GEOMETRIC_REPRESENTATION_CONTEXT(2) 
PARAMETRIC_REPRESENTATION_CONTEXT() REPRESENTATION_CONTEXT('2D SPACE',''
  ) );
#15059 = ORIENTED_EDGE('',*,*,#15060,.T.);
#15060 = EDGE_CURVE('',#15031,#14087,#15061,.T.);
#15061 = SURFACE_CURVE('',#15062,(#15066,#15073),.PCURVE_S1.);
#15062 = LINE('',#15063,#15064);
#15063 = CARTESIAN_POINT('',(56.712435565298,8.4,3.2));
#15064 = VECTOR('',#15065,1.);
#15065 = DIRECTION('',(0.,0.,1.));
#15066 = PCURVE('',#14101,#15067);
#15067 = DEFINITIONAL_REPRESENTATION('',(#15068),#15072);
#15068 = LINE('',#15069,#15070);
#15069 = CARTESIAN_POINT('',(0.,-0.));
#15070 = VECTOR('',#15071,1.);
#15071 = DIRECTION('',(0.,-1.));
#15072 = ( GEOMETRIC_REPRESENTATION_CONTEXT(2) 
PARAMETRIC_REPRESENTATION_CONTEXT() REPRESENTATION_CONTEXT('2D SPACE',''
  ) );
#15073 = PCURVE('',#14127,#15074);
#15074 = DEFINITIONAL_REPRESENTATION('',(#15075),#15079);
#15075 = LINE('',#15076,#15077);
#15076 = CARTESIAN_POINT('',(2.424871130596,0.));
#15077 = VECTOR('',#15078,1.);
#15078 = DIRECTION('',(0.,-1.));
#15079 = ( GEOMETRIC_REPRESENTATION_CONTEXT(2) 
PARAMETRIC_REPRESENTATION_CONTEXT() REPRESENTATION_CONTEXT('2D SPACE',''
  ) );
#15080 = ORIENTED_EDGE('',*,*,#14084,.F.);
#15081 = ORIENTED_EDGE('',*,*,#15082,.F.);
#15082 = EDGE_CURVE('',#15033,#14085,#15083,.T.);
#15083 = SURFACE_CURVE('',#15084,(#15088,#15095),.PCURVE_S1.);
#15084 = LINE('',#15085,#15086);
#15085 = CARTESIAN_POINT('',(54.287564434702,8.4,3.2));
#15086 = VECTOR('',#15087,1.);
#15087 = DIRECTION('',(0.,0.,1.));
#15088 = PCURVE('',#14101,#15089);
#15089 = DEFINITIONAL_REPRESENTATION('',(#15090),#15094);
#15090 = LINE('',#15091,#15092);
#15091 = CARTESIAN_POINT('',(2.424871130596,0.));
#15092 = VECTOR('',#15093,1.);
#15093 = DIRECTION('',(0.,-1.));
#15094 = ( GEOMETRIC_REPRESENTATION_CONTEXT(2) 
PARAMETRIC_REPRESENTATION_CONTEXT() REPRESENTATION_CONTEXT('2D SPACE',''
  ) );
#15095 = PCURVE('',#14229,#15096);
#15096 = DEFINITIONAL_REPRESENTATION('',(#15097),#15101);
#15097 = LINE('',#15098,#15099);
#15098 = CARTESIAN_POINT('',(0.,0.));
#15099 = VECTOR('',#15100,1.);
#15100 = DIRECTION('',(0.,-1.));
#15101 = ( GEOMETRIC_REPRESENTATION_CONTEXT(2) 
PARAMETRIC_REPRESENTATION_CONTEXT() REPRESENTATION_CONTEXT('2D SPACE',''
  ) );
#15102 = ADVANCED_FACE('',(#15103),#14229,.T.);
#15103 = FACE_BOUND('',#15104,.T.);
#15104 = EDGE_LOOP('',(#15105,#15128,#15129,#15130));
#15105 = ORIENTED_EDGE('',*,*,#15106,.F.);
#15106 = EDGE_CURVE('',#15033,#15107,#15109,.T.);
#15107 = VERTEX_POINT('',#15108);
#15108 = CARTESIAN_POINT('',(53.075128869404,6.3,3.2));
#15109 = SURFACE_CURVE('',#15110,(#15114,#15121),.PCURVE_S1.);
#15110 = LINE('',#15111,#15112);
#15111 = CARTESIAN_POINT('',(54.287564434702,8.4,3.2));
#15112 = VECTOR('',#15113,1.);
#15113 = DIRECTION('',(-0.5,-0.866025403784,0.));
#15114 = PCURVE('',#14229,#15115);
#15115 = DEFINITIONAL_REPRESENTATION('',(#15116),#15120);
#15116 = LINE('',#15117,#15118);
#15117 = CARTESIAN_POINT('',(0.,0.));
#15118 = VECTOR('',#15119,1.);
#15119 = DIRECTION('',(1.,0.));
#15120 = ( GEOMETRIC_REPRESENTATION_CONTEXT(2) 
PARAMETRIC_REPRESENTATION_CONTEXT() REPRESENTATION_CONTEXT('2D SPACE',''
  ) );
#15121 = PCURVE('',#15048,#15122);
#15122 = DEFINITIONAL_REPRESENTATION('',(#15123),#15127);
#15123 = LINE('',#15124,#15125);
#15124 = CARTESIAN_POINT('',(-1.212435565298,2.1));
#15125 = VECTOR('',#15126,1.);
#15126 = DIRECTION('',(-0.5,-0.866025403784));
#15127 = ( GEOMETRIC_REPRESENTATION_CONTEXT(2) 
PARAMETRIC_REPRESENTATION_CONTEXT() REPRESENTATION_CONTEXT('2D SPACE',''
  ) );
#15128 = ORIENTED_EDGE('',*,*,#15082,.T.);
#15129 = ORIENTED_EDGE('',*,*,#14216,.F.);
#15130 = ORIENTED_EDGE('',*,*,#15131,.F.);
#15131 = EDGE_CURVE('',#15107,#14191,#15132,.T.);
#15132 = SURFACE_CURVE('',#15133,(#15137,#15144),.PCURVE_S1.);
#15133 = LINE('',#15134,#15135);
#15134 = CARTESIAN_POINT('',(53.075128869404,6.3,3.2));
#15135 = VECTOR('',#15136,1.);
#15136 = DIRECTION('',(0.,0.,1.));
#15137 = PCURVE('',#14229,#15138);
#15138 = DEFINITIONAL_REPRESENTATION('',(#15139),#15143);
#15139 = LINE('',#15140,#15141);
#15140 = CARTESIAN_POINT('',(2.424871130596,0.));
#15141 = VECTOR('',#15142,1.);
#15142 = DIRECTION('',(0.,-1.));
#15143 = ( GEOMETRIC_REPRESENTATION_CONTEXT(2) 
PARAMETRIC_REPRESENTATION_CONTEXT() REPRESENTATION_CONTEXT('2D SPACE',''
  ) );
#15144 = PCURVE('',#14205,#15145);
#15145 = DEFINITIONAL_REPRESENTATION('',(#15146),#15150);
#15146 = LINE('',#15147,#15148);
#15147 = CARTESIAN_POINT('',(0.,0.));
#15148 = VECTOR('',#15149,1.);
#15149 = DIRECTION('',(0.,-1.));
#15150 = ( GEOMETRIC_REPRESENTATION_CONTEXT(2) 
PARAMETRIC_REPRESENTATION_CONTEXT() REPRESENTATION_CONTEXT('2D SPACE',''
  ) );
#15151 = ADVANCED_FACE('',(#15152),#14205,.T.);
#15152 = FACE_BOUND('',#15153,.T.);
#15153 = EDGE_LOOP('',(#15154,#15177,#15178,#15179));
#15154 = ORIENTED_EDGE('',*,*,#15155,.F.);
#15155 = EDGE_CURVE('',#15107,#15156,#15158,.T.);
#15156 = VERTEX_POINT('',#15157);
#15157 = CARTESIAN_POINT('',(54.287564434702,4.2,3.2));
#15158 = SURFACE_CURVE('',#15159,(#15163,#15170),.PCURVE_S1.);
#15159 = LINE('',#15160,#15161);
#15160 = CARTESIAN_POINT('',(53.075128869404,6.3,3.2));
#15161 = VECTOR('',#15162,1.);
#15162 = DIRECTION('',(0.5,-0.866025403784,0.));
#15163 = PCURVE('',#14205,#15164);
#15164 = DEFINITIONAL_REPRESENTATION('',(#15165),#15169);
#15165 = LINE('',#15166,#15167);
#15166 = CARTESIAN_POINT('',(0.,0.));
#15167 = VECTOR('',#15168,1.);
#15168 = DIRECTION('',(1.,0.));
#15169 = ( GEOMETRIC_REPRESENTATION_CONTEXT(2) 
PARAMETRIC_REPRESENTATION_CONTEXT() REPRESENTATION_CONTEXT('2D SPACE',''
  ) );
#15170 = PCURVE('',#15048,#15171);
#15171 = DEFINITIONAL_REPRESENTATION('',(#15172),#15176);
#15172 = LINE('',#15173,#15174);
#15173 = CARTESIAN_POINT('',(-2.424871130596,3.35934299073E-16));
#15174 = VECTOR('',#15175,1.);
#15175 = DIRECTION('',(0.5,-0.866025403784));
#15176 = ( GEOMETRIC_REPRESENTATION_CONTEXT(2) 
PARAMETRIC_REPRESENTATION_CONTEXT() REPRESENTATION_CONTEXT('2D SPACE',''
  ) );
#15177 = ORIENTED_EDGE('',*,*,#15131,.T.);
#15178 = ORIENTED_EDGE('',*,*,#14190,.F.);
#15179 = ORIENTED_EDGE('',*,*,#15180,.F.);
#15180 = EDGE_CURVE('',#15156,#14165,#15181,.T.);
#15181 = SURFACE_CURVE('',#15182,(#15186,#15193),.PCURVE_S1.);
#15182 = LINE('',#15183,#15184);
#15183 = CARTESIAN_POINT('',(54.287564434702,4.2,3.2));
#15184 = VECTOR('',#15185,1.);
#15185 = DIRECTION('',(0.,0.,1.));
#15186 = PCURVE('',#14205,#15187);
#15187 = DEFINITIONAL_REPRESENTATION('',(#15188),#15192);
#15188 = LINE('',#15189,#15190);
#15189 = CARTESIAN_POINT('',(2.424871130596,0.));
#15190 = VECTOR('',#15191,1.);
#15191 = DIRECTION('',(0.,-1.));
#15192 = ( GEOMETRIC_REPRESENTATION_CONTEXT(2) 
PARAMETRIC_REPRESENTATION_CONTEXT() REPRESENTATION_CONTEXT('2D SPACE',''
  ) );
#15193 = PCURVE('',#14179,#15194);
#15194 = DEFINITIONAL_REPRESENTATION('',(#15195),#15199);
#15195 = LINE('',#15196,#15197);
#15196 = CARTESIAN_POINT('',(0.,0.));
#15197 = VECTOR('',#15198,1.);
#15198 = DIRECTION('',(0.,-1.));
#15199 = ( GEOMETRIC_REPRESENTATION_CONTEXT(2) 
PARAMETRIC_REPRESENTATION_CONTEXT() REPRESENTATION_CONTEXT('2D SPACE',''
  ) );
#15200 = ADVANCED_FACE('',(#15201),#14179,.T.);
#15201 = FACE_BOUND('',#15202,.T.);
#15202 = EDGE_LOOP('',(#15203,#15226,#15227,#15228));
#15203 = ORIENTED_EDGE('',*,*,#15204,.F.);
#15204 = EDGE_CURVE('',#15156,#15205,#15207,.T.);
#15205 = VERTEX_POINT('',#15206);
#15206 = CARTESIAN_POINT('',(56.712435565298,4.2,3.2));
#15207 = SURFACE_CURVE('',#15208,(#15212,#15219),.PCURVE_S1.);
#15208 = LINE('',#15209,#15210);
#15209 = CARTESIAN_POINT('',(54.287564434702,4.2,3.2));
#15210 = VECTOR('',#15211,1.);
#15211 = DIRECTION('',(1.,-1.831393034651E-16,0.));
#15212 = PCURVE('',#14179,#15213);
#15213 = DEFINITIONAL_REPRESENTATION('',(#15214),#15218);
#15214 = LINE('',#15215,#15216);
#15215 = CARTESIAN_POINT('',(0.,0.));
#15216 = VECTOR('',#15217,1.);
#15217 = DIRECTION('',(1.,0.));
#15218 = ( GEOMETRIC_REPRESENTATION_CONTEXT(2) 
PARAMETRIC_REPRESENTATION_CONTEXT() REPRESENTATION_CONTEXT('2D SPACE',''
  ) );
#15219 = PCURVE('',#15048,#15220);
#15220 = DEFINITIONAL_REPRESENTATION('',(#15221),#15225);
#15221 = LINE('',#15222,#15223);
#15222 = CARTESIAN_POINT('',(-1.212435565298,-2.1));
#15223 = VECTOR('',#15224,1.);
#15224 = DIRECTION('',(1.,-1.831393034651E-16));
#15225 = ( GEOMETRIC_REPRESENTATION_CONTEXT(2) 
PARAMETRIC_REPRESENTATION_CONTEXT() REPRESENTATION_CONTEXT('2D SPACE',''
  ) );
#15226 = ORIENTED_EDGE('',*,*,#15180,.T.);
#15227 = ORIENTED_EDGE('',*,*,#14164,.F.);
#15228 = ORIENTED_EDGE('',*,*,#15229,.F.);
#15229 = EDGE_CURVE('',#15205,#14139,#15230,.T.);
#15230 = SURFACE_CURVE('',#15231,(#15235,#15242),.PCURVE_S1.);
#15231 = LINE('',#15232,#15233);
#15232 = CARTESIAN_POINT('',(56.712435565298,4.2,3.2));
#15233 = VECTOR('',#15234,1.);
#15234 = DIRECTION('',(0.,0.,1.));
#15235 = PCURVE('',#14179,#15236);
#15236 = DEFINITIONAL_REPRESENTATION('',(#15237),#15241);
#15237 = LINE('',#15238,#15239);
#15238 = CARTESIAN_POINT('',(2.424871130596,0.));
#15239 = VECTOR('',#15240,1.);
#15240 = DIRECTION('',(0.,-1.));
#15241 = ( GEOMETRIC_REPRESENTATION_CONTEXT(2) 
PARAMETRIC_REPRESENTATION_CONTEXT() REPRESENTATION_CONTEXT('2D SPACE',''
  ) );
#15242 = PCURVE('',#14153,#15243);
#15243 = DEFINITIONAL_REPRESENTATION('',(#15244),#15248);
#15244 = LINE('',#15245,#15246);
#15245 = CARTESIAN_POINT('',(0.,0.));
#15246 = VECTOR('',#15247,1.);
#15247 = DIRECTION('',(0.,-1.));
#15248 = ( GEOMETRIC_REPRESENTATION_CONTEXT(2) 
PARAMETRIC_REPRESENTATION_CONTEXT() REPRESENTATION_CONTEXT('2D SPACE',''
  ) );
#15249 = ADVANCED_FACE('',(#15250),#14153,.T.);
#15250 = FACE_BOUND('',#15251,.T.);
#15251 = EDGE_LOOP('',(#15252,#15275,#15276,#15277));
#15252 = ORIENTED_EDGE('',*,*,#15253,.F.);
#15253 = EDGE_CURVE('',#15205,#15254,#15256,.T.);
#15254 = VERTEX_POINT('',#15255);
#15255 = CARTESIAN_POINT('',(57.924871130596,6.3,3.2));
#15256 = SURFACE_CURVE('',#15257,(#15261,#15268),.PCURVE_S1.);
#15257 = LINE('',#15258,#15259);
#15258 = CARTESIAN_POINT('',(56.712435565298,4.2,3.2));
#15259 = VECTOR('',#15260,1.);
#15260 = DIRECTION('',(0.5,0.866025403784,0.));
#15261 = PCURVE('',#14153,#15262);
#15262 = DEFINITIONAL_REPRESENTATION('',(#15263),#15267);
#15263 = LINE('',#15264,#15265);
#15264 = CARTESIAN_POINT('',(0.,0.));
#15265 = VECTOR('',#15266,1.);
#15266 = DIRECTION('',(1.,0.));
#15267 = ( GEOMETRIC_REPRESENTATION_CONTEXT(2) 
PARAMETRIC_REPRESENTATION_CONTEXT() REPRESENTATION_CONTEXT('2D SPACE',''
  ) );
#15268 = PCURVE('',#15048,#15269);
#15269 = DEFINITIONAL_REPRESENTATION('',(#15270),#15274);
#15270 = LINE('',#15271,#15272);
#15271 = CARTESIAN_POINT('',(1.212435565298,-2.1));
#15272 = VECTOR('',#15273,1.);
#15273 = DIRECTION('',(0.5,0.866025403784));
#15274 = ( GEOMETRIC_REPRESENTATION_CONTEXT(2) 
PARAMETRIC_REPRESENTATION_CONTEXT() REPRESENTATION_CONTEXT('2D SPACE',''
  ) );
#15275 = ORIENTED_EDGE('',*,*,#15229,.T.);
#15276 = ORIENTED_EDGE('',*,*,#14138,.F.);
#15277 = ORIENTED_EDGE('',*,*,#15278,.F.);
#15278 = EDGE_CURVE('',#15254,#14113,#15279,.T.);
#15279 = SURFACE_CURVE('',#15280,(#15284,#15291),.PCURVE_S1.);
#15280 = LINE('',#15281,#15282);
#15281 = CARTESIAN_POINT('',(57.924871130596,6.3,3.2));
#15282 = VECTOR('',#15283,1.);
#15283 = DIRECTION('',(0.,0.,1.));
#15284 = PCURVE('',#14153,#15285);
#15285 = DEFINITIONAL_REPRESENTATION('',(#15286),#15290);
#15286 = LINE('',#15287,#15288);
#15287 = CARTESIAN_POINT('',(2.424871130596,0.));
#15288 = VECTOR('',#15289,1.);
#15289 = DIRECTION('',(0.,-1.));
#15290 = ( GEOMETRIC_REPRESENTATION_CONTEXT(2) 
PARAMETRIC_REPRESENTATION_CONTEXT() REPRESENTATION_CONTEXT('2D SPACE',''
  ) );
#15291 = PCURVE('',#14127,#15292);
#15292 = DEFINITIONAL_REPRESENTATION('',(#15293),#15297);
#15293 = LINE('',#15294,#15295);
#15294 = CARTESIAN_POINT('',(0.,0.));
#15295 = VECTOR('',#15296,1.);
#15296 = DIRECTION('',(0.,-1.));
#15297 = ( GEOMETRIC_REPRESENTATION_CONTEXT(2) 
PARAMETRIC_REPRESENTATION_CONTEXT() REPRESENTATION_CONTEXT('2D SPACE',''
  ) );
#15298 = ADVANCED_FACE('',(#15299),#14127,.T.);
#15299 = FACE_BOUND('',#15300,.T.);
#15300 = EDGE_LOOP('',(#15301,#15322,#15323,#15324));
#15301 = ORIENTED_EDGE('',*,*,#15302,.F.);
#15302 = EDGE_CURVE('',#15254,#15031,#15303,.T.);
#15303 = SURFACE_CURVE('',#15304,(#15308,#15315),.PCURVE_S1.);
#15304 = LINE('',#15305,#15306);
#15305 = CARTESIAN_POINT('',(57.924871130596,6.3,3.2));
#15306 = VECTOR('',#15307,1.);
#15307 = DIRECTION('',(-0.5,0.866025403784,0.));
#15308 = PCURVE('',#14127,#15309);
#15309 = DEFINITIONAL_REPRESENTATION('',(#15310),#15314);
#15310 = LINE('',#15311,#15312);
#15311 = CARTESIAN_POINT('',(0.,0.));
#15312 = VECTOR('',#15313,1.);
#15313 = DIRECTION('',(1.,0.));
#15314 = ( GEOMETRIC_REPRESENTATION_CONTEXT(2) 
PARAMETRIC_REPRESENTATION_CONTEXT() REPRESENTATION_CONTEXT('2D SPACE',''
  ) );
#15315 = PCURVE('',#15048,#15316);
#15316 = DEFINITIONAL_REPRESENTATION('',(#15317),#15321);
#15317 = LINE('',#15318,#15319);
#15318 = CARTESIAN_POINT('',(2.424871130596,3.897323222999E-17));
#15319 = VECTOR('',#15320,1.);
#15320 = DIRECTION('',(-0.5,0.866025403784));
#15321 = ( GEOMETRIC_REPRESENTATION_CONTEXT(2) 
PARAMETRIC_REPRESENTATION_CONTEXT() REPRESENTATION_CONTEXT('2D SPACE',''
  ) );
#15322 = ORIENTED_EDGE('',*,*,#15278,.T.);
#15323 = ORIENTED_EDGE('',*,*,#14112,.F.);
#15324 = ORIENTED_EDGE('',*,*,#15060,.F.);
#15325 = ADVANCED_FACE('',(#15326),#14267,.T.);
#15326 = FACE_BOUND('',#15327,.T.);
#15327 = EDGE_LOOP('',(#15328,#15358,#15379,#15380));
#15328 = ORIENTED_EDGE('',*,*,#15329,.F.);
#15329 = EDGE_CURVE('',#15330,#15332,#15334,.T.);
#15330 = VERTEX_POINT('',#15331);
#15331 = CARTESIAN_POINT('',(7.712435565298,66.4,3.2));
#15332 = VERTEX_POINT('',#15333);
#15333 = CARTESIAN_POINT('',(5.287564434702,66.4,3.2));
#15334 = SURFACE_CURVE('',#15335,(#15339,#15346),.PCURVE_S1.);
#15335 = LINE('',#15336,#15337);
#15336 = CARTESIAN_POINT('',(7.712435565298,66.4,3.2));
#15337 = VECTOR('',#15338,1.);
#15338 = DIRECTION('',(-1.,0.,0.));
#15339 = PCURVE('',#14267,#15340);
#15340 = DEFINITIONAL_REPRESENTATION('',(#15341),#15345);
#15341 = LINE('',#15342,#15343);
#15342 = CARTESIAN_POINT('',(0.,-0.));
#15343 = VECTOR('',#15344,1.);
#15344 = DIRECTION('',(1.,0.));
#15345 = ( GEOMETRIC_REPRESENTATION_CONTEXT(2) 
PARAMETRIC_REPRESENTATION_CONTEXT() REPRESENTATION_CONTEXT('2D SPACE',''
  ) );
#15346 = PCURVE('',#15347,#15352);
#15347 = PLANE('',#15348);
#15348 = AXIS2_PLACEMENT_3D('',#15349,#15350,#15351);
#15349 = CARTESIAN_POINT('',(6.5,64.3,3.2));
#15350 = DIRECTION('',(0.,0.,1.));
#15351 = DIRECTION('',(1.,0.,-0.));
#15352 = DEFINITIONAL_REPRESENTATION('',(#15353),#15357);
#15353 = LINE('',#15354,#15355);
#15354 = CARTESIAN_POINT('',(1.212435565298,2.1));
#15355 = VECTOR('',#15356,1.);
#15356 = DIRECTION('',(-1.,0.));
#15357 = ( GEOMETRIC_REPRESENTATION_CONTEXT(2) 
PARAMETRIC_REPRESENTATION_CONTEXT() REPRESENTATION_CONTEXT('2D SPACE',''
  ) );
#15358 = ORIENTED_EDGE('',*,*,#15359,.T.);
#15359 = EDGE_CURVE('',#15330,#14253,#15360,.T.);
#15360 = SURFACE_CURVE('',#15361,(#15365,#15372),.PCURVE_S1.);
#15361 = LINE('',#15362,#15363);
#15362 = CARTESIAN_POINT('',(7.712435565298,66.4,3.2));
#15363 = VECTOR('',#15364,1.);
#15364 = DIRECTION('',(0.,0.,1.));
#15365 = PCURVE('',#14267,#15366);
#15366 = DEFINITIONAL_REPRESENTATION('',(#15367),#15371);
#15367 = LINE('',#15368,#15369);
#15368 = CARTESIAN_POINT('',(0.,-0.));
#15369 = VECTOR('',#15370,1.);
#15370 = DIRECTION('',(0.,-1.));
#15371 = ( GEOMETRIC_REPRESENTATION_CONTEXT(2) 
PARAMETRIC_REPRESENTATION_CONTEXT() REPRESENTATION_CONTEXT('2D SPACE',''
  ) );
#15372 = PCURVE('',#14293,#15373);
#15373 = DEFINITIONAL_REPRESENTATION('',(#15374),#15378);
#15374 = LINE('',#15375,#15376);
#15375 = CARTESIAN_POINT('',(2.424871130596,0.));
#15376 = VECTOR('',#15377,1.);
#15377 = DIRECTION('',(0.,-1.));
#15378 = ( GEOMETRIC_REPRESENTATION_CONTEXT(2) 
PARAMETRIC_REPRESENTATION_CONTEXT() REPRESENTATION_CONTEXT('2D SPACE',''
  ) );
#15379 = ORIENTED_EDGE('',*,*,#14250,.F.);
#15380 = ORIENTED_EDGE('',*,*,#15381,.F.);
#15381 = EDGE_CURVE('',#15332,#14251,#15382,.T.);
#15382 = SURFACE_CURVE('',#15383,(#15387,#15394),.PCURVE_S1.);
#15383 = LINE('',#15384,#15385);
#15384 = CARTESIAN_POINT('',(5.287564434702,66.4,3.2));
#15385 = VECTOR('',#15386,1.);
#15386 = DIRECTION('',(0.,0.,1.));
#15387 = PCURVE('',#14267,#15388);
#15388 = DEFINITIONAL_REPRESENTATION('',(#15389),#15393);
#15389 = LINE('',#15390,#15391);
#15390 = CARTESIAN_POINT('',(2.424871130596,0.));
#15391 = VECTOR('',#15392,1.);
#15392 = DIRECTION('',(0.,-1.));
#15393 = ( GEOMETRIC_REPRESENTATION_CONTEXT(2) 
PARAMETRIC_REPRESENTATION_CONTEXT() REPRESENTATION_CONTEXT('2D SPACE',''
  ) );
#15394 = PCURVE('',#14395,#15395);
#15395 = DEFINITIONAL_REPRESENTATION('',(#15396),#15400);
#15396 = LINE('',#15397,#15398);
#15397 = CARTESIAN_POINT('',(0.,0.));
#15398 = VECTOR('',#15399,1.);
#15399 = DIRECTION('',(0.,-1.));
#15400 = ( GEOMETRIC_REPRESENTATION_CONTEXT(2) 
PARAMETRIC_REPRESENTATION_CONTEXT() REPRESENTATION_CONTEXT('2D SPACE',''
  ) );
#15401 = ADVANCED_FACE('',(#15402),#14395,.T.);
#15402 = FACE_BOUND('',#15403,.T.);
#15403 = EDGE_LOOP('',(#15404,#15427,#15428,#15429));
#15404 = ORIENTED_EDGE('',*,*,#15405,.F.);
#15405 = EDGE_CURVE('',#15332,#15406,#15408,.T.);
#15406 = VERTEX_POINT('',#15407);
#15407 = CARTESIAN_POINT('',(4.075128869404,64.3,3.2));
#15408 = SURFACE_CURVE('',#15409,(#15413,#15420),.PCURVE_S1.);
#15409 = LINE('',#15410,#15411);
#15410 = CARTESIAN_POINT('',(5.287564434702,66.4,3.2));
#15411 = VECTOR('',#15412,1.);
#15412 = DIRECTION('',(-0.5,-0.866025403784,0.));
#15413 = PCURVE('',#14395,#15414);
#15414 = DEFINITIONAL_REPRESENTATION('',(#15415),#15419);
#15415 = LINE('',#15416,#15417);
#15416 = CARTESIAN_POINT('',(0.,0.));
#15417 = VECTOR('',#15418,1.);
#15418 = DIRECTION('',(1.,0.));
#15419 = ( GEOMETRIC_REPRESENTATION_CONTEXT(2) 
PARAMETRIC_REPRESENTATION_CONTEXT() REPRESENTATION_CONTEXT('2D SPACE',''
  ) );
#15420 = PCURVE('',#15347,#15421);
#15421 = DEFINITIONAL_REPRESENTATION('',(#15422),#15426);
#15422 = LINE('',#15423,#15424);
#15423 = CARTESIAN_POINT('',(-1.212435565298,2.1));
#15424 = VECTOR('',#15425,1.);
#15425 = DIRECTION('',(-0.5,-0.866025403784));
#15426 = ( GEOMETRIC_REPRESENTATION_CONTEXT(2) 
PARAMETRIC_REPRESENTATION_CONTEXT() REPRESENTATION_CONTEXT('2D SPACE',''
  ) );
#15427 = ORIENTED_EDGE('',*,*,#15381,.T.);
#15428 = ORIENTED_EDGE('',*,*,#14382,.F.);
#15429 = ORIENTED_EDGE('',*,*,#15430,.F.);
#15430 = EDGE_CURVE('',#15406,#14357,#15431,.T.);
#15431 = SURFACE_CURVE('',#15432,(#15436,#15443),.PCURVE_S1.);
#15432 = LINE('',#15433,#15434);
#15433 = CARTESIAN_POINT('',(4.075128869404,64.3,3.2));
#15434 = VECTOR('',#15435,1.);
#15435 = DIRECTION('',(0.,0.,1.));
#15436 = PCURVE('',#14395,#15437);
#15437 = DEFINITIONAL_REPRESENTATION('',(#15438),#15442);
#15438 = LINE('',#15439,#15440);
#15439 = CARTESIAN_POINT('',(2.424871130596,0.));
#15440 = VECTOR('',#15441,1.);
#15441 = DIRECTION('',(0.,-1.));
#15442 = ( GEOMETRIC_REPRESENTATION_CONTEXT(2) 
PARAMETRIC_REPRESENTATION_CONTEXT() REPRESENTATION_CONTEXT('2D SPACE',''
  ) );
#15443 = PCURVE('',#14371,#15444);
#15444 = DEFINITIONAL_REPRESENTATION('',(#15445),#15449);
#15445 = LINE('',#15446,#15447);
#15446 = CARTESIAN_POINT('',(0.,0.));
#15447 = VECTOR('',#15448,1.);
#15448 = DIRECTION('',(0.,-1.));
#15449 = ( GEOMETRIC_REPRESENTATION_CONTEXT(2) 
PARAMETRIC_REPRESENTATION_CONTEXT() REPRESENTATION_CONTEXT('2D SPACE',''
  ) );
#15450 = ADVANCED_FACE('',(#15451),#14371,.T.);
#15451 = FACE_BOUND('',#15452,.T.);
#15452 = EDGE_LOOP('',(#15453,#15476,#15477,#15478));
#15453 = ORIENTED_EDGE('',*,*,#15454,.F.);
#15454 = EDGE_CURVE('',#15406,#15455,#15457,.T.);
#15455 = VERTEX_POINT('',#15456);
#15456 = CARTESIAN_POINT('',(5.287564434702,62.2,3.2));
#15457 = SURFACE_CURVE('',#15458,(#15462,#15469),.PCURVE_S1.);
#15458 = LINE('',#15459,#15460);
#15459 = CARTESIAN_POINT('',(4.075128869404,64.3,3.2));
#15460 = VECTOR('',#15461,1.);
#15461 = DIRECTION('',(0.5,-0.866025403784,0.));
#15462 = PCURVE('',#14371,#15463);
#15463 = DEFINITIONAL_REPRESENTATION('',(#15464),#15468);
#15464 = LINE('',#15465,#15466);
#15465 = CARTESIAN_POINT('',(0.,0.));
#15466 = VECTOR('',#15467,1.);
#15467 = DIRECTION('',(1.,0.));
#15468 = ( GEOMETRIC_REPRESENTATION_CONTEXT(2) 
PARAMETRIC_REPRESENTATION_CONTEXT() REPRESENTATION_CONTEXT('2D SPACE',''
  ) );
#15469 = PCURVE('',#15347,#15470);
#15470 = DEFINITIONAL_REPRESENTATION('',(#15471),#15475);
#15471 = LINE('',#15472,#15473);
#15472 = CARTESIAN_POINT('',(-2.424871130596,3.35934299073E-16));
#15473 = VECTOR('',#15474,1.);
#15474 = DIRECTION('',(0.5,-0.866025403784));
#15475 = ( GEOMETRIC_REPRESENTATION_CONTEXT(2) 
PARAMETRIC_REPRESENTATION_CONTEXT() REPRESENTATION_CONTEXT('2D SPACE',''
  ) );
#15476 = ORIENTED_EDGE('',*,*,#15430,.T.);
#15477 = ORIENTED_EDGE('',*,*,#14356,.F.);
#15478 = ORIENTED_EDGE('',*,*,#15479,.F.);
#15479 = EDGE_CURVE('',#15455,#14331,#15480,.T.);
#15480 = SURFACE_CURVE('',#15481,(#15485,#15492),.PCURVE_S1.);
#15481 = LINE('',#15482,#15483);
#15482 = CARTESIAN_POINT('',(5.287564434702,62.2,3.2));
#15483 = VECTOR('',#15484,1.);
#15484 = DIRECTION('',(0.,0.,1.));
#15485 = PCURVE('',#14371,#15486);
#15486 = DEFINITIONAL_REPRESENTATION('',(#15487),#15491);
#15487 = LINE('',#15488,#15489);
#15488 = CARTESIAN_POINT('',(2.424871130596,0.));
#15489 = VECTOR('',#15490,1.);
#15490 = DIRECTION('',(0.,-1.));
#15491 = ( GEOMETRIC_REPRESENTATION_CONTEXT(2) 
PARAMETRIC_REPRESENTATION_CONTEXT() REPRESENTATION_CONTEXT('2D SPACE',''
  ) );
#15492 = PCURVE('',#14345,#15493);
#15493 = DEFINITIONAL_REPRESENTATION('',(#15494),#15498);
#15494 = LINE('',#15495,#15496);
#15495 = CARTESIAN_POINT('',(0.,0.));
#15496 = VECTOR('',#15497,1.);
#15497 = DIRECTION('',(0.,-1.));
#15498 = ( GEOMETRIC_REPRESENTATION_CONTEXT(2) 
PARAMETRIC_REPRESENTATION_CONTEXT() REPRESENTATION_CONTEXT('2D SPACE',''
  ) );
#15499 = ADVANCED_FACE('',(#15500),#14345,.T.);
#15500 = FACE_BOUND('',#15501,.T.);
#15501 = EDGE_LOOP('',(#15502,#15525,#15526,#15527));
#15502 = ORIENTED_EDGE('',*,*,#15503,.F.);
#15503 = EDGE_CURVE('',#15455,#15504,#15506,.T.);
#15504 = VERTEX_POINT('',#15505);
#15505 = CARTESIAN_POINT('',(7.712435565298,62.2,3.2));
#15506 = SURFACE_CURVE('',#15507,(#15511,#15518),.PCURVE_S1.);
#15507 = LINE('',#15508,#15509);
#15508 = CARTESIAN_POINT('',(5.287564434702,62.2,3.2));
#15509 = VECTOR('',#15510,1.);
#15510 = DIRECTION('',(1.,-1.831393034651E-16,0.));
#15511 = PCURVE('',#14345,#15512);
#15512 = DEFINITIONAL_REPRESENTATION('',(#15513),#15517);
#15513 = LINE('',#15514,#15515);
#15514 = CARTESIAN_POINT('',(0.,0.));
#15515 = VECTOR('',#15516,1.);
#15516 = DIRECTION('',(1.,0.));
#15517 = ( GEOMETRIC_REPRESENTATION_CONTEXT(2) 
PARAMETRIC_REPRESENTATION_CONTEXT() REPRESENTATION_CONTEXT('2D SPACE',''
  ) );
#15518 = PCURVE('',#15347,#15519);
#15519 = DEFINITIONAL_REPRESENTATION('',(#15520),#15524);
#15520 = LINE('',#15521,#15522);
#15521 = CARTESIAN_POINT('',(-1.212435565298,-2.1));
#15522 = VECTOR('',#15523,1.);
#15523 = DIRECTION('',(1.,-1.831393034651E-16));
#15524 = ( GEOMETRIC_REPRESENTATION_CONTEXT(2) 
PARAMETRIC_REPRESENTATION_CONTEXT() REPRESENTATION_CONTEXT('2D SPACE',''
  ) );
#15525 = ORIENTED_EDGE('',*,*,#15479,.T.);
#15526 = ORIENTED_EDGE('',*,*,#14330,.F.);
#15527 = ORIENTED_EDGE('',*,*,#15528,.F.);
#15528 = EDGE_CURVE('',#15504,#14305,#15529,.T.);
#15529 = SURFACE_CURVE('',#15530,(#15534,#15541),.PCURVE_S1.);
#15530 = LINE('',#15531,#15532);
#15531 = CARTESIAN_POINT('',(7.712435565298,62.2,3.2));
#15532 = VECTOR('',#15533,1.);
#15533 = DIRECTION('',(0.,0.,1.));
#15534 = PCURVE('',#14345,#15535);
#15535 = DEFINITIONAL_REPRESENTATION('',(#15536),#15540);
#15536 = LINE('',#15537,#15538);
#15537 = CARTESIAN_POINT('',(2.424871130596,0.));
#15538 = VECTOR('',#15539,1.);
#15539 = DIRECTION('',(0.,-1.));
#15540 = ( GEOMETRIC_REPRESENTATION_CONTEXT(2) 
PARAMETRIC_REPRESENTATION_CONTEXT() REPRESENTATION_CONTEXT('2D SPACE',''
  ) );
#15541 = PCURVE('',#14319,#15542);
#15542 = DEFINITIONAL_REPRESENTATION('',(#15543),#15547);
#15543 = LINE('',#15544,#15545);
#15544 = CARTESIAN_POINT('',(0.,0.));
#15545 = VECTOR('',#15546,1.);
#15546 = DIRECTION('',(0.,-1.));
#15547 = ( GEOMETRIC_REPRESENTATION_CONTEXT(2) 
PARAMETRIC_REPRESENTATION_CONTEXT() REPRESENTATION_CONTEXT('2D SPACE',''
  ) );
#15548 = ADVANCED_FACE('',(#15549),#14319,.T.);
#15549 = FACE_BOUND('',#15550,.T.);
#15550 = EDGE_LOOP('',(#15551,#15574,#15575,#15576));
#15551 = ORIENTED_EDGE('',*,*,#15552,.F.);
#15552 = EDGE_CURVE('',#15504,#15553,#15555,.T.);
#15553 = VERTEX_POINT('',#15554);
#15554 = CARTESIAN_POINT('',(8.924871130596,64.3,3.2));
#15555 = SURFACE_CURVE('',#15556,(#15560,#15567),.PCURVE_S1.);
#15556 = LINE('',#15557,#15558);
#15557 = CARTESIAN_POINT('',(7.712435565298,62.2,3.2));
#15558 = VECTOR('',#15559,1.);
#15559 = DIRECTION('',(0.5,0.866025403784,0.));
#15560 = PCURVE('',#14319,#15561);
#15561 = DEFINITIONAL_REPRESENTATION('',(#15562),#15566);
#15562 = LINE('',#15563,#15564);
#15563 = CARTESIAN_POINT('',(0.,0.));
#15564 = VECTOR('',#15565,1.);
#15565 = DIRECTION('',(1.,0.));
#15566 = ( GEOMETRIC_REPRESENTATION_CONTEXT(2) 
PARAMETRIC_REPRESENTATION_CONTEXT() REPRESENTATION_CONTEXT('2D SPACE',''
  ) );
#15567 = PCURVE('',#15347,#15568);
#15568 = DEFINITIONAL_REPRESENTATION('',(#15569),#15573);
#15569 = LINE('',#15570,#15571);
#15570 = CARTESIAN_POINT('',(1.212435565298,-2.1));
#15571 = VECTOR('',#15572,1.);
#15572 = DIRECTION('',(0.5,0.866025403784));
#15573 = ( GEOMETRIC_REPRESENTATION_CONTEXT(2) 
PARAMETRIC_REPRESENTATION_CONTEXT() REPRESENTATION_CONTEXT('2D SPACE',''
  ) );
#15574 = ORIENTED_EDGE('',*,*,#15528,.T.);
#15575 = ORIENTED_EDGE('',*,*,#14304,.F.);
#15576 = ORIENTED_EDGE('',*,*,#15577,.F.);
#15577 = EDGE_CURVE('',#15553,#14279,#15578,.T.);
#15578 = SURFACE_CURVE('',#15579,(#15583,#15590),.PCURVE_S1.);
#15579 = LINE('',#15580,#15581);
#15580 = CARTESIAN_POINT('',(8.924871130596,64.3,3.2));
#15581 = VECTOR('',#15582,1.);
#15582 = DIRECTION('',(0.,0.,1.));
#15583 = PCURVE('',#14319,#15584);
#15584 = DEFINITIONAL_REPRESENTATION('',(#15585),#15589);
#15585 = LINE('',#15586,#15587);
#15586 = CARTESIAN_POINT('',(2.424871130596,0.));
#15587 = VECTOR('',#15588,1.);
#15588 = DIRECTION('',(0.,-1.));
#15589 = ( GEOMETRIC_REPRESENTATION_CONTEXT(2) 
PARAMETRIC_REPRESENTATION_CONTEXT() REPRESENTATION_CONTEXT('2D SPACE',''
  ) );
#15590 = PCURVE('',#14293,#15591);
#15591 = DEFINITIONAL_REPRESENTATION('',(#15592),#15596);
#15592 = LINE('',#15593,#15594);
#15593 = CARTESIAN_POINT('',(0.,0.));
#15594 = VECTOR('',#15595,1.);
#15595 = DIRECTION('',(0.,-1.));
#15596 = ( GEOMETRIC_REPRESENTATION_CONTEXT(2) 
PARAMETRIC_REPRESENTATION_CONTEXT() REPRESENTATION_CONTEXT('2D SPACE',''
  ) );
#15597 = ADVANCED_FACE('',(#15598),#14293,.T.);
#15598 = FACE_BOUND('',#15599,.T.);
#15599 = EDGE_LOOP('',(#15600,#15621,#15622,#15623));
#15600 = ORIENTED_EDGE('',*,*,#15601,.F.);
#15601 = EDGE_CURVE('',#15553,#15330,#15602,.T.);
#15602 = SURFACE_CURVE('',#15603,(#15607,#15614),.PCURVE_S1.);
#15603 = LINE('',#15604,#15605);
#15604 = CARTESIAN_POINT('',(8.924871130596,64.3,3.2));
#15605 = VECTOR('',#15606,1.);
#15606 = DIRECTION('',(-0.5,0.866025403784,0.));
#15607 = PCURVE('',#14293,#15608);
#15608 = DEFINITIONAL_REPRESENTATION('',(#15609),#15613);
#15609 = LINE('',#15610,#15611);
#15610 = CARTESIAN_POINT('',(0.,0.));
#15611 = VECTOR('',#15612,1.);
#15612 = DIRECTION('',(1.,0.));
#15613 = ( GEOMETRIC_REPRESENTATION_CONTEXT(2) 
PARAMETRIC_REPRESENTATION_CONTEXT() REPRESENTATION_CONTEXT('2D SPACE',''
  ) );
#15614 = PCURVE('',#15347,#15615);
#15615 = DEFINITIONAL_REPRESENTATION('',(#15616),#15620);
#15616 = LINE('',#15617,#15618);
#15617 = CARTESIAN_POINT('',(2.424871130596,3.897323222999E-17));
#15618 = VECTOR('',#15619,1.);
#15619 = DIRECTION('',(-0.5,0.866025403784));
#15620 = ( GEOMETRIC_REPRESENTATION_CONTEXT(2) 
PARAMETRIC_REPRESENTATION_CONTEXT() REPRESENTATION_CONTEXT('2D SPACE',''
  ) );
#15621 = ORIENTED_EDGE('',*,*,#15577,.T.);
#15622 = ORIENTED_EDGE('',*,*,#14278,.F.);
#15623 = ORIENTED_EDGE('',*,*,#15359,.F.);
#15624 = ADVANCED_FACE('',(#15625),#14433,.T.);
#15625 = FACE_BOUND('',#15626,.T.);
#15626 = EDGE_LOOP('',(#15627,#15657,#15678,#15679));
#15627 = ORIENTED_EDGE('',*,*,#15628,.F.);
#15628 = EDGE_CURVE('',#15629,#15631,#15633,.T.);
#15629 = VERTEX_POINT('',#15630);
#15630 = CARTESIAN_POINT('',(56.712435565298,66.4,3.2));
#15631 = VERTEX_POINT('',#15632);
#15632 = CARTESIAN_POINT('',(54.287564434702,66.4,3.2));
#15633 = SURFACE_CURVE('',#15634,(#15638,#15645),.PCURVE_S1.);
#15634 = LINE('',#15635,#15636);
#15635 = CARTESIAN_POINT('',(56.712435565298,66.4,3.2));
#15636 = VECTOR('',#15637,1.);
#15637 = DIRECTION('',(-1.,0.,0.));
#15638 = PCURVE('',#14433,#15639);
#15639 = DEFINITIONAL_REPRESENTATION('',(#15640),#15644);
#15640 = LINE('',#15641,#15642);
#15641 = CARTESIAN_POINT('',(0.,-0.));
#15642 = VECTOR('',#15643,1.);
#15643 = DIRECTION('',(1.,0.));
#15644 = ( GEOMETRIC_REPRESENTATION_CONTEXT(2) 
PARAMETRIC_REPRESENTATION_CONTEXT() REPRESENTATION_CONTEXT('2D SPACE',''
  ) );
#15645 = PCURVE('',#15646,#15651);
#15646 = PLANE('',#15647);
#15647 = AXIS2_PLACEMENT_3D('',#15648,#15649,#15650);
#15648 = CARTESIAN_POINT('',(55.5,64.3,3.2));
#15649 = DIRECTION('',(0.,0.,1.));
#15650 = DIRECTION('',(1.,0.,-0.));
#15651 = DEFINITIONAL_REPRESENTATION('',(#15652),#15656);
#15652 = LINE('',#15653,#15654);
#15653 = CARTESIAN_POINT('',(1.212435565298,2.1));
#15654 = VECTOR('',#15655,1.);
#15655 = DIRECTION('',(-1.,0.));
#15656 = ( GEOMETRIC_REPRESENTATION_CONTEXT(2) 
PARAMETRIC_REPRESENTATION_CONTEXT() REPRESENTATION_CONTEXT('2D SPACE',''
  ) );
#15657 = ORIENTED_EDGE('',*,*,#15658,.T.);
#15658 = EDGE_CURVE('',#15629,#14419,#15659,.T.);
#15659 = SURFACE_CURVE('',#15660,(#15664,#15671),.PCURVE_S1.);
#15660 = LINE('',#15661,#15662);
#15661 = CARTESIAN_POINT('',(56.712435565298,66.4,3.2));
#15662 = VECTOR('',#15663,1.);
#15663 = DIRECTION('',(0.,0.,1.));
#15664 = PCURVE('',#14433,#15665);
#15665 = DEFINITIONAL_REPRESENTATION('',(#15666),#15670);
#15666 = LINE('',#15667,#15668);
#15667 = CARTESIAN_POINT('',(0.,-0.));
#15668 = VECTOR('',#15669,1.);
#15669 = DIRECTION('',(0.,-1.));
#15670 = ( GEOMETRIC_REPRESENTATION_CONTEXT(2) 
PARAMETRIC_REPRESENTATION_CONTEXT() REPRESENTATION_CONTEXT('2D SPACE',''
  ) );
#15671 = PCURVE('',#14459,#15672);
#15672 = DEFINITIONAL_REPRESENTATION('',(#15673),#15677);
#15673 = LINE('',#15674,#15675);
#15674 = CARTESIAN_POINT('',(2.424871130596,0.));
#15675 = VECTOR('',#15676,1.);
#15676 = DIRECTION('',(0.,-1.));
#15677 = ( GEOMETRIC_REPRESENTATION_CONTEXT(2) 
PARAMETRIC_REPRESENTATION_CONTEXT() REPRESENTATION_CONTEXT('2D SPACE',''
  ) );
#15678 = ORIENTED_EDGE('',*,*,#14416,.F.);
#15679 = ORIENTED_EDGE('',*,*,#15680,.F.);
#15680 = EDGE_CURVE('',#15631,#14417,#15681,.T.);
#15681 = SURFACE_CURVE('',#15682,(#15686,#15693),.PCURVE_S1.);
#15682 = LINE('',#15683,#15684);
#15683 = CARTESIAN_POINT('',(54.287564434702,66.4,3.2));
#15684 = VECTOR('',#15685,1.);
#15685 = DIRECTION('',(0.,0.,1.));
#15686 = PCURVE('',#14433,#15687);
#15687 = DEFINITIONAL_REPRESENTATION('',(#15688),#15692);
#15688 = LINE('',#15689,#15690);
#15689 = CARTESIAN_POINT('',(2.424871130596,0.));
#15690 = VECTOR('',#15691,1.);
#15691 = DIRECTION('',(0.,-1.));
#15692 = ( GEOMETRIC_REPRESENTATION_CONTEXT(2) 
PARAMETRIC_REPRESENTATION_CONTEXT() REPRESENTATION_CONTEXT('2D SPACE',''
  ) );
#15693 = PCURVE('',#14561,#15694);
#15694 = DEFINITIONAL_REPRESENTATION('',(#15695),#15699);
#15695 = LINE('',#15696,#15697);
#15696 = CARTESIAN_POINT('',(0.,0.));
#15697 = VECTOR('',#15698,1.);
#15698 = DIRECTION('',(0.,-1.));
#15699 = ( GEOMETRIC_REPRESENTATION_CONTEXT(2) 
PARAMETRIC_REPRESENTATION_CONTEXT() REPRESENTATION_CONTEXT('2D SPACE',''
  ) );
#15700 = ADVANCED_FACE('',(#15701),#14561,.T.);
#15701 = FACE_BOUND('',#15702,.T.);
#15702 = EDGE_LOOP('',(#15703,#15726,#15727,#15728));
#15703 = ORIENTED_EDGE('',*,*,#15704,.F.);
#15704 = EDGE_CURVE('',#15631,#15705,#15707,.T.);
#15705 = VERTEX_POINT('',#15706);
#15706 = CARTESIAN_POINT('',(53.075128869404,64.3,3.2));
#15707 = SURFACE_CURVE('',#15708,(#15712,#15719),.PCURVE_S1.);
#15708 = LINE('',#15709,#15710);
#15709 = CARTESIAN_POINT('',(54.287564434702,66.4,3.2));
#15710 = VECTOR('',#15711,1.);
#15711 = DIRECTION('',(-0.5,-0.866025403784,0.));
#15712 = PCURVE('',#14561,#15713);
#15713 = DEFINITIONAL_REPRESENTATION('',(#15714),#15718);
#15714 = LINE('',#15715,#15716);
#15715 = CARTESIAN_POINT('',(0.,0.));
#15716 = VECTOR('',#15717,1.);
#15717 = DIRECTION('',(1.,0.));
#15718 = ( GEOMETRIC_REPRESENTATION_CONTEXT(2) 
PARAMETRIC_REPRESENTATION_CONTEXT() REPRESENTATION_CONTEXT('2D SPACE',''
  ) );
#15719 = PCURVE('',#15646,#15720);
#15720 = DEFINITIONAL_REPRESENTATION('',(#15721),#15725);
#15721 = LINE('',#15722,#15723);
#15722 = CARTESIAN_POINT('',(-1.212435565298,2.1));
#15723 = VECTOR('',#15724,1.);
#15724 = DIRECTION('',(-0.5,-0.866025403784));
#15725 = ( GEOMETRIC_REPRESENTATION_CONTEXT(2) 
PARAMETRIC_REPRESENTATION_CONTEXT() REPRESENTATION_CONTEXT('2D SPACE',''
  ) );
#15726 = ORIENTED_EDGE('',*,*,#15680,.T.);
#15727 = ORIENTED_EDGE('',*,*,#14548,.F.);
#15728 = ORIENTED_EDGE('',*,*,#15729,.F.);
#15729 = EDGE_CURVE('',#15705,#14523,#15730,.T.);
#15730 = SURFACE_CURVE('',#15731,(#15735,#15742),.PCURVE_S1.);
#15731 = LINE('',#15732,#15733);
#15732 = CARTESIAN_POINT('',(53.075128869404,64.3,3.2));
#15733 = VECTOR('',#15734,1.);
#15734 = DIRECTION('',(0.,0.,1.));
#15735 = PCURVE('',#14561,#15736);
#15736 = DEFINITIONAL_REPRESENTATION('',(#15737),#15741);
#15737 = LINE('',#15738,#15739);
#15738 = CARTESIAN_POINT('',(2.424871130596,0.));
#15739 = VECTOR('',#15740,1.);
#15740 = DIRECTION('',(0.,-1.));
#15741 = ( GEOMETRIC_REPRESENTATION_CONTEXT(2) 
PARAMETRIC_REPRESENTATION_CONTEXT() REPRESENTATION_CONTEXT('2D SPACE',''
  ) );
#15742 = PCURVE('',#14537,#15743);
#15743 = DEFINITIONAL_REPRESENTATION('',(#15744),#15748);
#15744 = LINE('',#15745,#15746);
#15745 = CARTESIAN_POINT('',(0.,0.));
#15746 = VECTOR('',#15747,1.);
#15747 = DIRECTION('',(0.,-1.));
#15748 = ( GEOMETRIC_REPRESENTATION_CONTEXT(2) 
PARAMETRIC_REPRESENTATION_CONTEXT() REPRESENTATION_CONTEXT('2D SPACE',''
  ) );
#15749 = ADVANCED_FACE('',(#15750),#14537,.T.);
#15750 = FACE_BOUND('',#15751,.T.);
#15751 = EDGE_LOOP('',(#15752,#15775,#15776,#15777));
#15752 = ORIENTED_EDGE('',*,*,#15753,.F.);
#15753 = EDGE_CURVE('',#15705,#15754,#15756,.T.);
#15754 = VERTEX_POINT('',#15755);
#15755 = CARTESIAN_POINT('',(54.287564434702,62.2,3.2));
#15756 = SURFACE_CURVE('',#15757,(#15761,#15768),.PCURVE_S1.);
#15757 = LINE('',#15758,#15759);
#15758 = CARTESIAN_POINT('',(53.075128869404,64.3,3.2));
#15759 = VECTOR('',#15760,1.);
#15760 = DIRECTION('',(0.5,-0.866025403784,0.));
#15761 = PCURVE('',#14537,#15762);
#15762 = DEFINITIONAL_REPRESENTATION('',(#15763),#15767);
#15763 = LINE('',#15764,#15765);
#15764 = CARTESIAN_POINT('',(0.,0.));
#15765 = VECTOR('',#15766,1.);
#15766 = DIRECTION('',(1.,0.));
#15767 = ( GEOMETRIC_REPRESENTATION_CONTEXT(2) 
PARAMETRIC_REPRESENTATION_CONTEXT() REPRESENTATION_CONTEXT('2D SPACE',''
  ) );
#15768 = PCURVE('',#15646,#15769);
#15769 = DEFINITIONAL_REPRESENTATION('',(#15770),#15774);
#15770 = LINE('',#15771,#15772);
#15771 = CARTESIAN_POINT('',(-2.424871130596,3.35934299073E-16));
#15772 = VECTOR('',#15773,1.);
#15773 = DIRECTION('',(0.5,-0.866025403784));
#15774 = ( GEOMETRIC_REPRESENTATION_CONTEXT(2) 
PARAMETRIC_REPRESENTATION_CONTEXT() REPRESENTATION_CONTEXT('2D SPACE',''
  ) );
#15775 = ORIENTED_EDGE('',*,*,#15729,.T.);
#15776 = ORIENTED_EDGE('',*,*,#14522,.F.);
#15777 = ORIENTED_EDGE('',*,*,#15778,.F.);
#15778 = EDGE_CURVE('',#15754,#14497,#15779,.T.);
#15779 = SURFACE_CURVE('',#15780,(#15784,#15791),.PCURVE_S1.);
#15780 = LINE('',#15781,#15782);
#15781 = CARTESIAN_POINT('',(54.287564434702,62.2,3.2));
#15782 = VECTOR('',#15783,1.);
#15783 = DIRECTION('',(0.,0.,1.));
#15784 = PCURVE('',#14537,#15785);
#15785 = DEFINITIONAL_REPRESENTATION('',(#15786),#15790);
#15786 = LINE('',#15787,#15788);
#15787 = CARTESIAN_POINT('',(2.424871130596,0.));
#15788 = VECTOR('',#15789,1.);
#15789 = DIRECTION('',(0.,-1.));
#15790 = ( GEOMETRIC_REPRESENTATION_CONTEXT(2) 
PARAMETRIC_REPRESENTATION_CONTEXT() REPRESENTATION_CONTEXT('2D SPACE',''
  ) );
#15791 = PCURVE('',#14511,#15792);
#15792 = DEFINITIONAL_REPRESENTATION('',(#15793),#15797);
#15793 = LINE('',#15794,#15795);
#15794 = CARTESIAN_POINT('',(0.,0.));
#15795 = VECTOR('',#15796,1.);
#15796 = DIRECTION('',(0.,-1.));
#15797 = ( GEOMETRIC_REPRESENTATION_CONTEXT(2) 
PARAMETRIC_REPRESENTATION_CONTEXT() REPRESENTATION_CONTEXT('2D SPACE',''
  ) );
#15798 = ADVANCED_FACE('',(#15799),#14511,.T.);
#15799 = FACE_BOUND('',#15800,.T.);
#15800 = EDGE_LOOP('',(#15801,#15824,#15825,#15826));
#15801 = ORIENTED_EDGE('',*,*,#15802,.F.);
#15802 = EDGE_CURVE('',#15754,#15803,#15805,.T.);
#15803 = VERTEX_POINT('',#15804);
#15804 = CARTESIAN_POINT('',(56.712435565298,62.2,3.2));
#15805 = SURFACE_CURVE('',#15806,(#15810,#15817),.PCURVE_S1.);
#15806 = LINE('',#15807,#15808);
#15807 = CARTESIAN_POINT('',(54.287564434702,62.2,3.2));
#15808 = VECTOR('',#15809,1.);
#15809 = DIRECTION('',(1.,-1.831393034651E-16,0.));
#15810 = PCURVE('',#14511,#15811);
#15811 = DEFINITIONAL_REPRESENTATION('',(#15812),#15816);
#15812 = LINE('',#15813,#15814);
#15813 = CARTESIAN_POINT('',(0.,0.));
#15814 = VECTOR('',#15815,1.);
#15815 = DIRECTION('',(1.,0.));
#15816 = ( GEOMETRIC_REPRESENTATION_CONTEXT(2) 
PARAMETRIC_REPRESENTATION_CONTEXT() REPRESENTATION_CONTEXT('2D SPACE',''
  ) );
#15817 = PCURVE('',#15646,#15818);
#15818 = DEFINITIONAL_REPRESENTATION('',(#15819),#15823);
#15819 = LINE('',#15820,#15821);
#15820 = CARTESIAN_POINT('',(-1.212435565298,-2.1));
#15821 = VECTOR('',#15822,1.);
#15822 = DIRECTION('',(1.,-1.831393034651E-16));
#15823 = ( GEOMETRIC_REPRESENTATION_CONTEXT(2) 
PARAMETRIC_REPRESENTATION_CONTEXT() REPRESENTATION_CONTEXT('2D SPACE',''
  ) );
#15824 = ORIENTED_EDGE('',*,*,#15778,.T.);
#15825 = ORIENTED_EDGE('',*,*,#14496,.F.);
#15826 = ORIENTED_EDGE('',*,*,#15827,.F.);
#15827 = EDGE_CURVE('',#15803,#14471,#15828,.T.);
#15828 = SURFACE_CURVE('',#15829,(#15833,#15840),.PCURVE_S1.);
#15829 = LINE('',#15830,#15831);
#15830 = CARTESIAN_POINT('',(56.712435565298,62.2,3.2));
#15831 = VECTOR('',#15832,1.);
#15832 = DIRECTION('',(0.,0.,1.));
#15833 = PCURVE('',#14511,#15834);
#15834 = DEFINITIONAL_REPRESENTATION('',(#15835),#15839);
#15835 = LINE('',#15836,#15837);
#15836 = CARTESIAN_POINT('',(2.424871130596,0.));
#15837 = VECTOR('',#15838,1.);
#15838 = DIRECTION('',(0.,-1.));
#15839 = ( GEOMETRIC_REPRESENTATION_CONTEXT(2) 
PARAMETRIC_REPRESENTATION_CONTEXT() REPRESENTATION_CONTEXT('2D SPACE',''
  ) );
#15840 = PCURVE('',#14485,#15841);
#15841 = DEFINITIONAL_REPRESENTATION('',(#15842),#15846);
#15842 = LINE('',#15843,#15844);
#15843 = CARTESIAN_POINT('',(0.,0.));
#15844 = VECTOR('',#15845,1.);
#15845 = DIRECTION('',(0.,-1.));
#15846 = ( GEOMETRIC_REPRESENTATION_CONTEXT(2) 
PARAMETRIC_REPRESENTATION_CONTEXT() REPRESENTATION_CONTEXT('2D SPACE',''
  ) );
#15847 = ADVANCED_FACE('',(#15848),#14485,.T.);
#15848 = FACE_BOUND('',#15849,.T.);
#15849 = EDGE_LOOP('',(#15850,#15873,#15874,#15875));
#15850 = ORIENTED_EDGE('',*,*,#15851,.F.);
#15851 = EDGE_CURVE('',#15803,#15852,#15854,.T.);
#15852 = VERTEX_POINT('',#15853);
#15853 = CARTESIAN_POINT('',(57.924871130596,64.3,3.2));
#15854 = SURFACE_CURVE('',#15855,(#15859,#15866),.PCURVE_S1.);
#15855 = LINE('',#15856,#15857);
#15856 = CARTESIAN_POINT('',(56.712435565298,62.2,3.2));
#15857 = VECTOR('',#15858,1.);
#15858 = DIRECTION('',(0.5,0.866025403784,0.));
#15859 = PCURVE('',#14485,#15860);
#15860 = DEFINITIONAL_REPRESENTATION('',(#15861),#15865);
#15861 = LINE('',#15862,#15863);
#15862 = CARTESIAN_POINT('',(0.,0.));
#15863 = VECTOR('',#15864,1.);
#15864 = DIRECTION('',(1.,0.));
#15865 = ( GEOMETRIC_REPRESENTATION_CONTEXT(2) 
PARAMETRIC_REPRESENTATION_CONTEXT() REPRESENTATION_CONTEXT('2D SPACE',''
  ) );
#15866 = PCURVE('',#15646,#15867);
#15867 = DEFINITIONAL_REPRESENTATION('',(#15868),#15872);
#15868 = LINE('',#15869,#15870);
#15869 = CARTESIAN_POINT('',(1.212435565298,-2.1));
#15870 = VECTOR('',#15871,1.);
#15871 = DIRECTION('',(0.5,0.866025403784));
#15872 = ( GEOMETRIC_REPRESENTATION_CONTEXT(2) 
PARAMETRIC_REPRESENTATION_CONTEXT() REPRESENTATION_CONTEXT('2D SPACE',''
  ) );
#15873 = ORIENTED_EDGE('',*,*,#15827,.T.);
#15874 = ORIENTED_EDGE('',*,*,#14470,.F.);
#15875 = ORIENTED_EDGE('',*,*,#15876,.F.);
#15876 = EDGE_CURVE('',#15852,#14445,#15877,.T.);
#15877 = SURFACE_CURVE('',#15878,(#15882,#15889),.PCURVE_S1.);
#15878 = LINE('',#15879,#15880);
#15879 = CARTESIAN_POINT('',(57.924871130596,64.3,3.2));
#15880 = VECTOR('',#15881,1.);
#15881 = DIRECTION('',(0.,0.,1.));
#15882 = PCURVE('',#14485,#15883);
#15883 = DEFINITIONAL_REPRESENTATION('',(#15884),#15888);
#15884 = LINE('',#15885,#15886);
#15885 = CARTESIAN_POINT('',(2.424871130596,0.));
#15886 = VECTOR('',#15887,1.);
#15887 = DIRECTION('',(0.,-1.));
#15888 = ( GEOMETRIC_REPRESENTATION_CONTEXT(2) 
PARAMETRIC_REPRESENTATION_CONTEXT() REPRESENTATION_CONTEXT('2D SPACE',''
  ) );
#15889 = PCURVE('',#14459,#15890);
#15890 = DEFINITIONAL_REPRESENTATION('',(#15891),#15895);
#15891 = LINE('',#15892,#15893);
#15892 = CARTESIAN_POINT('',(0.,0.));
#15893 = VECTOR('',#15894,1.);
#15894 = DIRECTION('',(0.,-1.));
#15895 = ( GEOMETRIC_REPRESENTATION_CONTEXT(2) 
PARAMETRIC_REPRESENTATION_CONTEXT() REPRESENTATION_CONTEXT('2D SPACE',''
  ) );
#15896 = ADVANCED_FACE('',(#15897),#14459,.T.);
#15897 = FACE_BOUND('',#15898,.T.);
#15898 = EDGE_LOOP('',(#15899,#15920,#15921,#15922));
#15899 = ORIENTED_EDGE('',*,*,#15900,.F.);
#15900 = EDGE_CURVE('',#15852,#15629,#15901,.T.);
#15901 = SURFACE_CURVE('',#15902,(#15906,#15913),.PCURVE_S1.);
#15902 = LINE('',#15903,#15904);
#15903 = CARTESIAN_POINT('',(57.924871130596,64.3,3.2));
#15904 = VECTOR('',#15905,1.);
#15905 = DIRECTION('',(-0.5,0.866025403784,0.));
#15906 = PCURVE('',#14459,#15907);
#15907 = DEFINITIONAL_REPRESENTATION('',(#15908),#15912);
#15908 = LINE('',#15909,#15910);
#15909 = CARTESIAN_POINT('',(0.,0.));
#15910 = VECTOR('',#15911,1.);
#15911 = DIRECTION('',(1.,0.));
#15912 = ( GEOMETRIC_REPRESENTATION_CONTEXT(2) 
PARAMETRIC_REPRESENTATION_CONTEXT() REPRESENTATION_CONTEXT('2D SPACE',''
  ) );
#15913 = PCURVE('',#15646,#15914);
#15914 = DEFINITIONAL_REPRESENTATION('',(#15915),#15919);
#15915 = LINE('',#15916,#15917);
#15916 = CARTESIAN_POINT('',(2.424871130596,3.897323222999E-17));
#15917 = VECTOR('',#15918,1.);
#15918 = DIRECTION('',(-0.5,0.866025403784));
#15919 = ( GEOMETRIC_REPRESENTATION_CONTEXT(2) 
PARAMETRIC_REPRESENTATION_CONTEXT() REPRESENTATION_CONTEXT('2D SPACE',''
  ) );
#15920 = ORIENTED_EDGE('',*,*,#15876,.T.);
#15921 = ORIENTED_EDGE('',*,*,#14444,.F.);
#15922 = ORIENTED_EDGE('',*,*,#15658,.F.);
#15923 = ADVANCED_FACE('',(#15924),#14602,.F.);
#15924 = FACE_BOUND('',#15925,.F.);
#15925 = EDGE_LOOP('',(#15926,#15949,#15976,#15977));
#15926 = ORIENTED_EDGE('',*,*,#15927,.T.);
#15927 = EDGE_CURVE('',#14586,#15928,#15930,.T.);
#15928 = VERTEX_POINT('',#15929);
#15929 = CARTESIAN_POINT('',(18.4,14.3,0.7));
#15930 = SEAM_CURVE('',#15931,(#15935,#15942),.PCURVE_S1.);
#15931 = LINE('',#15932,#15933);
#15932 = CARTESIAN_POINT('',(18.4,14.3,-2.41));
#15933 = VECTOR('',#15934,1.);
#15934 = DIRECTION('',(0.,0.,1.));
#15935 = PCURVE('',#14602,#15936);
#15936 = DEFINITIONAL_REPRESENTATION('',(#15937),#15941);
#15937 = LINE('',#15938,#15939);
#15938 = CARTESIAN_POINT('',(6.28318530718,-0.));
#15939 = VECTOR('',#15940,1.);
#15940 = DIRECTION('',(0.,1.));
#15941 = ( GEOMETRIC_REPRESENTATION_CONTEXT(2) 
PARAMETRIC_REPRESENTATION_CONTEXT() REPRESENTATION_CONTEXT('2D SPACE',''
  ) );
#15942 = PCURVE('',#14602,#15943);
#15943 = DEFINITIONAL_REPRESENTATION('',(#15944),#15948);
#15944 = LINE('',#15945,#15946);
#15945 = CARTESIAN_POINT('',(0.,-0.));
#15946 = VECTOR('',#15947,1.);
#15947 = DIRECTION('',(0.,1.));
#15948 = ( GEOMETRIC_REPRESENTATION_CONTEXT(2) 
PARAMETRIC_REPRESENTATION_CONTEXT() REPRESENTATION_CONTEXT('2D SPACE',''
  ) );
#15949 = ORIENTED_EDGE('',*,*,#15950,.F.);
#15950 = EDGE_CURVE('',#15928,#15928,#15951,.T.);
#15951 = SURFACE_CURVE('',#15952,(#15957,#15964),.PCURVE_S1.);
#15952 = CIRCLE('',#15953,4.1);
#15953 = AXIS2_PLACEMENT_3D('',#15954,#15955,#15956);
#15954 = CARTESIAN_POINT('',(14.3,14.3,0.7));
#15955 = DIRECTION('',(0.,0.,1.));
#15956 = DIRECTION('',(1.,0.,-0.));
#15957 = PCURVE('',#14602,#15958);
#15958 = DEFINITIONAL_REPRESENTATION('',(#15959),#15963);
#15959 = LINE('',#15960,#15961);
#15960 = CARTESIAN_POINT('',(0.,3.11));
#15961 = VECTOR('',#15962,1.);
#15962 = DIRECTION('',(1.,0.));
#15963 = ( GEOMETRIC_REPRESENTATION_CONTEXT(2) 
PARAMETRIC_REPRESENTATION_CONTEXT() REPRESENTATION_CONTEXT('2D SPACE',''
  ) );
#15964 = PCURVE('',#15965,#15970);
#15965 = PLANE('',#15966);
#15966 = AXIS2_PLACEMENT_3D('',#15967,#15968,#15969);
#15967 = CARTESIAN_POINT('',(14.3,14.3,0.7));
#15968 = DIRECTION('',(0.,0.,1.));
#15969 = DIRECTION('',(1.,0.,-0.));
#15970 = DEFINITIONAL_REPRESENTATION('',(#15971),#15975);
#15971 = CIRCLE('',#15972,4.1);
#15972 = AXIS2_PLACEMENT_2D('',#15973,#15974);
#15973 = CARTESIAN_POINT('',(0.,0.));
#15974 = DIRECTION('',(1.,0.));
#15975 = ( GEOMETRIC_REPRESENTATION_CONTEXT(2) 
PARAMETRIC_REPRESENTATION_CONTEXT() REPRESENTATION_CONTEXT('2D SPACE',''
  ) );
#15976 = ORIENTED_EDGE('',*,*,#15927,.F.);
#15977 = ORIENTED_EDGE('',*,*,#14585,.T.);
#15978 = ADVANCED_FACE('',(#15979),#14640,.F.);
#15979 = FACE_BOUND('',#15980,.F.);
#15980 = EDGE_LOOP('',(#15981,#16004,#16031,#16032));
#15981 = ORIENTED_EDGE('',*,*,#15982,.T.);
#15982 = EDGE_CURVE('',#14624,#15983,#15985,.T.);
#15983 = VERTEX_POINT('',#15984);
#15984 = CARTESIAN_POINT('',(51.8,14.3,0.7));
#15985 = SEAM_CURVE('',#15986,(#15990,#15997),.PCURVE_S1.);
#15986 = LINE('',#15987,#15988);
#15987 = CARTESIAN_POINT('',(51.8,14.3,-2.41));
#15988 = VECTOR('',#15989,1.);
#15989 = DIRECTION('',(0.,0.,1.));
#15990 = PCURVE('',#14640,#15991);
#15991 = DEFINITIONAL_REPRESENTATION('',(#15992),#15996);
#15992 = LINE('',#15993,#15994);
#15993 = CARTESIAN_POINT('',(6.28318530718,-0.));
#15994 = VECTOR('',#15995,1.);
#15995 = DIRECTION('',(0.,1.));
#15996 = ( GEOMETRIC_REPRESENTATION_CONTEXT(2) 
PARAMETRIC_REPRESENTATION_CONTEXT() REPRESENTATION_CONTEXT('2D SPACE',''
  ) );
#15997 = PCURVE('',#14640,#15998);
#15998 = DEFINITIONAL_REPRESENTATION('',(#15999),#16003);
#15999 = LINE('',#16000,#16001);
#16000 = CARTESIAN_POINT('',(0.,-0.));
#16001 = VECTOR('',#16002,1.);
#16002 = DIRECTION('',(0.,1.));
#16003 = ( GEOMETRIC_REPRESENTATION_CONTEXT(2) 
PARAMETRIC_REPRESENTATION_CONTEXT() REPRESENTATION_CONTEXT('2D SPACE',''
  ) );
#16004 = ORIENTED_EDGE('',*,*,#16005,.F.);
#16005 = EDGE_CURVE('',#15983,#15983,#16006,.T.);
#16006 = SURFACE_CURVE('',#16007,(#16012,#16019),.PCURVE_S1.);
#16007 = CIRCLE('',#16008,4.1);
#16008 = AXIS2_PLACEMENT_3D('',#16009,#16010,#16011);
#16009 = CARTESIAN_POINT('',(47.7,14.3,0.7));
#16010 = DIRECTION('',(0.,0.,1.));
#16011 = DIRECTION('',(1.,0.,-0.));
#16012 = PCURVE('',#14640,#16013);
#16013 = DEFINITIONAL_REPRESENTATION('',(#16014),#16018);
#16014 = LINE('',#16015,#16016);
#16015 = CARTESIAN_POINT('',(0.,3.11));
#16016 = VECTOR('',#16017,1.);
#16017 = DIRECTION('',(1.,0.));
#16018 = ( GEOMETRIC_REPRESENTATION_CONTEXT(2) 
PARAMETRIC_REPRESENTATION_CONTEXT() REPRESENTATION_CONTEXT('2D SPACE',''
  ) );
#16019 = PCURVE('',#16020,#16025);
#16020 = PLANE('',#16021);
#16021 = AXIS2_PLACEMENT_3D('',#16022,#16023,#16024);
#16022 = CARTESIAN_POINT('',(47.7,14.3,0.7));
#16023 = DIRECTION('',(0.,0.,1.));
#16024 = DIRECTION('',(1.,0.,-0.));
#16025 = DEFINITIONAL_REPRESENTATION('',(#16026),#16030);
#16026 = CIRCLE('',#16027,4.1);
#16027 = AXIS2_PLACEMENT_2D('',#16028,#16029);
#16028 = CARTESIAN_POINT('',(0.,0.));
#16029 = DIRECTION('',(1.,0.));
#16030 = ( GEOMETRIC_REPRESENTATION_CONTEXT(2) 
PARAMETRIC_REPRESENTATION_CONTEXT() REPRESENTATION_CONTEXT('2D SPACE',''
  ) );
#16031 = ORIENTED_EDGE('',*,*,#15982,.F.);
#16032 = ORIENTED_EDGE('',*,*,#14623,.T.);
#16033 = ADVANCED_FACE('',(#16034),#14678,.F.);
#16034 = FACE_BOUND('',#16035,.F.);
#16035 = EDGE_LOOP('',(#16036,#16059,#16086,#16087));
#16036 = ORIENTED_EDGE('',*,*,#16037,.T.);
#16037 = EDGE_CURVE('',#14662,#16038,#16040,.T.);
#16038 = VERTEX_POINT('',#16039);
#16039 = CARTESIAN_POINT('',(18.4,74.6,0.7));
#16040 = SEAM_CURVE('',#16041,(#16045,#16052),.PCURVE_S1.);
#16041 = LINE('',#16042,#16043);
#16042 = CARTESIAN_POINT('',(18.4,74.6,-2.41));
#16043 = VECTOR('',#16044,1.);
#16044 = DIRECTION('',(0.,0.,1.));
#16045 = PCURVE('',#14678,#16046);
#16046 = DEFINITIONAL_REPRESENTATION('',(#16047),#16051);
#16047 = LINE('',#16048,#16049);
#16048 = CARTESIAN_POINT('',(6.28318530718,-0.));
#16049 = VECTOR('',#16050,1.);
#16050 = DIRECTION('',(0.,1.));
#16051 = ( GEOMETRIC_REPRESENTATION_CONTEXT(2) 
PARAMETRIC_REPRESENTATION_CONTEXT() REPRESENTATION_CONTEXT('2D SPACE',''
  ) );
#16052 = PCURVE('',#14678,#16053);
#16053 = DEFINITIONAL_REPRESENTATION('',(#16054),#16058);
#16054 = LINE('',#16055,#16056);
#16055 = CARTESIAN_POINT('',(0.,-0.));
#16056 = VECTOR('',#16057,1.);
#16057 = DIRECTION('',(0.,1.));
#16058 = ( GEOMETRIC_REPRESENTATION_CONTEXT(2) 
PARAMETRIC_REPRESENTATION_CONTEXT() REPRESENTATION_CONTEXT('2D SPACE',''
  ) );
#16059 = ORIENTED_EDGE('',*,*,#16060,.F.);
#16060 = EDGE_CURVE('',#16038,#16038,#16061,.T.);
#16061 = SURFACE_CURVE('',#16062,(#16067,#16074),.PCURVE_S1.);
#16062 = CIRCLE('',#16063,4.1);
#16063 = AXIS2_PLACEMENT_3D('',#16064,#16065,#16066);
#16064 = CARTESIAN_POINT('',(14.3,74.6,0.7));
#16065 = DIRECTION('',(0.,0.,1.));
#16066 = DIRECTION('',(1.,0.,-0.));
#16067 = PCURVE('',#14678,#16068);
#16068 = DEFINITIONAL_REPRESENTATION('',(#16069),#16073);
#16069 = LINE('',#16070,#16071);
#16070 = CARTESIAN_POINT('',(0.,3.11));
#16071 = VECTOR('',#16072,1.);
#16072 = DIRECTION('',(1.,0.));
#16073 = ( GEOMETRIC_REPRESENTATION_CONTEXT(2) 
PARAMETRIC_REPRESENTATION_CONTEXT() REPRESENTATION_CONTEXT('2D SPACE',''
  ) );
#16074 = PCURVE('',#16075,#16080);
#16075 = PLANE('',#16076);
#16076 = AXIS2_PLACEMENT_3D('',#16077,#16078,#16079);
#16077 = CARTESIAN_POINT('',(14.3,74.6,0.7));
#16078 = DIRECTION('',(0.,0.,1.));
#16079 = DIRECTION('',(1.,0.,-0.));
#16080 = DEFINITIONAL_REPRESENTATION('',(#16081),#16085);
#16081 = CIRCLE('',#16082,4.1);
#16082 = AXIS2_PLACEMENT_2D('',#16083,#16084);
#16083 = CARTESIAN_POINT('',(0.,0.));
#16084 = DIRECTION('',(1.,0.));
#16085 = ( GEOMETRIC_REPRESENTATION_CONTEXT(2) 
PARAMETRIC_REPRESENTATION_CONTEXT() REPRESENTATION_CONTEXT('2D SPACE',''
  ) );
#16086 = ORIENTED_EDGE('',*,*,#16037,.F.);
#16087 = ORIENTED_EDGE('',*,*,#14661,.T.);
#16088 = ADVANCED_FACE('',(#16089),#14716,.F.);
#16089 = FACE_BOUND('',#16090,.F.);
#16090 = EDGE_LOOP('',(#16091,#16114,#16141,#16142));
#16091 = ORIENTED_EDGE('',*,*,#16092,.T.);
#16092 = EDGE_CURVE('',#14700,#16093,#16095,.T.);
#16093 = VERTEX_POINT('',#16094);
#16094 = CARTESIAN_POINT('',(51.8,74.6,0.7));
#16095 = SEAM_CURVE('',#16096,(#16100,#16107),.PCURVE_S1.);
#16096 = LINE('',#16097,#16098);
#16097 = CARTESIAN_POINT('',(51.8,74.6,-2.41));
#16098 = VECTOR('',#16099,1.);
#16099 = DIRECTION('',(0.,0.,1.));
#16100 = PCURVE('',#14716,#16101);
#16101 = DEFINITIONAL_REPRESENTATION('',(#16102),#16106);
#16102 = LINE('',#16103,#16104);
#16103 = CARTESIAN_POINT('',(6.28318530718,-0.));
#16104 = VECTOR('',#16105,1.);
#16105 = DIRECTION('',(0.,1.));
#16106 = ( GEOMETRIC_REPRESENTATION_CONTEXT(2) 
PARAMETRIC_REPRESENTATION_CONTEXT() REPRESENTATION_CONTEXT('2D SPACE',''
  ) );
#16107 = PCURVE('',#14716,#16108);
#16108 = DEFINITIONAL_REPRESENTATION('',(#16109),#16113);
#16109 = LINE('',#16110,#16111);
#16110 = CARTESIAN_POINT('',(0.,-0.));
#16111 = VECTOR('',#16112,1.);
#16112 = DIRECTION('',(0.,1.));
#16113 = ( GEOMETRIC_REPRESENTATION_CONTEXT(2) 
PARAMETRIC_REPRESENTATION_CONTEXT() REPRESENTATION_CONTEXT('2D SPACE',''
  ) );
#16114 = ORIENTED_EDGE('',*,*,#16115,.F.);
#16115 = EDGE_CURVE('',#16093,#16093,#16116,.T.);
#16116 = SURFACE_CURVE('',#16117,(#16122,#16129),.PCURVE_S1.);
#16117 = CIRCLE('',#16118,4.1);
#16118 = AXIS2_PLACEMENT_3D('',#16119,#16120,#16121);
#16119 = CARTESIAN_POINT('',(47.7,74.6,0.7));
#16120 = DIRECTION('',(0.,0.,1.));
#16121 = DIRECTION('',(1.,0.,-0.));
#16122 = PCURVE('',#14716,#16123);
#16123 = DEFINITIONAL_REPRESENTATION('',(#16124),#16128);
#16124 = LINE('',#16125,#16126);
#16125 = CARTESIAN_POINT('',(0.,3.11));
#16126 = VECTOR('',#16127,1.);
#16127 = DIRECTION('',(1.,0.));
#16128 = ( GEOMETRIC_REPRESENTATION_CONTEXT(2) 
PARAMETRIC_REPRESENTATION_CONTEXT() REPRESENTATION_CONTEXT('2D SPACE',''
  ) );
#16129 = PCURVE('',#16130,#16135);
#16130 = PLANE('',#16131);
#16131 = AXIS2_PLACEMENT_3D('',#16132,#16133,#16134);
#16132 = CARTESIAN_POINT('',(47.7,74.6,0.7));
#16133 = DIRECTION('',(0.,0.,1.));
#16134 = DIRECTION('',(1.,0.,-0.));
#16135 = DEFINITIONAL_REPRESENTATION('',(#16136),#16140);
#16136 = CIRCLE('',#16137,4.1);
#16137 = AXIS2_PLACEMENT_2D('',#16138,#16139);
#16138 = CARTESIAN_POINT('',(0.,0.));
#16139 = DIRECTION('',(1.,0.));
#16140 = ( GEOMETRIC_REPRESENTATION_CONTEXT(2) 
PARAMETRIC_REPRESENTATION_CONTEXT() REPRESENTATION_CONTEXT('2D SPACE',''
  ) );
#16141 = ORIENTED_EDGE('',*,*,#16092,.F.);
#16142 = ORIENTED_EDGE('',*,*,#14699,.T.);
#16143 = ADVANCED_FACE('',(#16144,#16152),#14749,.T.);
#16144 = FACE_BOUND('',#16145,.T.);
#16145 = EDGE_LOOP('',(#16146,#16147,#16148,#16149,#16150,#16151));
#16146 = ORIENTED_EDGE('',*,*,#15003,.T.);
#16147 = ORIENTED_EDGE('',*,*,#14731,.T.);
#16148 = ORIENTED_EDGE('',*,*,#14807,.T.);
#16149 = ORIENTED_EDGE('',*,*,#14856,.T.);
#16150 = ORIENTED_EDGE('',*,*,#14905,.T.);
#16151 = ORIENTED_EDGE('',*,*,#14954,.T.);
#16152 = FACE_BOUND('',#16153,.T.);
#16153 = EDGE_LOOP('',(#16154));
#16154 = ORIENTED_EDGE('',*,*,#16155,.F.);
#16155 = EDGE_CURVE('',#16156,#16156,#16158,.T.);
#16156 = VERTEX_POINT('',#16157);
#16157 = CARTESIAN_POINT('',(7.7,6.3,3.2));
#16158 = SURFACE_CURVE('',#16159,(#16164,#16171),.PCURVE_S1.);
#16159 = CIRCLE('',#16160,1.2);
#16160 = AXIS2_PLACEMENT_3D('',#16161,#16162,#16163);
#16161 = CARTESIAN_POINT('',(6.5,6.3,3.2));
#16162 = DIRECTION('',(0.,0.,1.));
#16163 = DIRECTION('',(1.,0.,-0.));
#16164 = PCURVE('',#14749,#16165);
#16165 = DEFINITIONAL_REPRESENTATION('',(#16166),#16170);
#16166 = CIRCLE('',#16167,1.2);
#16167 = AXIS2_PLACEMENT_2D('',#16168,#16169);
#16168 = CARTESIAN_POINT('',(0.,0.));
#16169 = DIRECTION('',(1.,0.));
#16170 = ( GEOMETRIC_REPRESENTATION_CONTEXT(2) 
PARAMETRIC_REPRESENTATION_CONTEXT() REPRESENTATION_CONTEXT('2D SPACE',''
  ) );
#16171 = PCURVE('',#16172,#16177);
#16172 = CYLINDRICAL_SURFACE('',#16173,1.2);
#16173 = AXIS2_PLACEMENT_3D('',#16174,#16175,#16176);
#16174 = CARTESIAN_POINT('',(6.5,6.3,0.9));
#16175 = DIRECTION('',(0.,0.,1.));
#16176 = DIRECTION('',(1.,0.,-0.));
#16177 = DEFINITIONAL_REPRESENTATION('',(#16178),#16182);
#16178 = LINE('',#16179,#16180);
#16179 = CARTESIAN_POINT('',(0.,2.3));
#16180 = VECTOR('',#16181,1.);
#16181 = DIRECTION('',(1.,0.));
#16182 = ( GEOMETRIC_REPRESENTATION_CONTEXT(2) 
PARAMETRIC_REPRESENTATION_CONTEXT() REPRESENTATION_CONTEXT('2D SPACE',''
  ) );
#16183 = ADVANCED_FACE('',(#16184,#16192),#15048,.T.);
#16184 = FACE_BOUND('',#16185,.T.);
#16185 = EDGE_LOOP('',(#16186,#16187,#16188,#16189,#16190,#16191));
#16186 = ORIENTED_EDGE('',*,*,#15302,.T.);
#16187 = ORIENTED_EDGE('',*,*,#15030,.T.);
#16188 = ORIENTED_EDGE('',*,*,#15106,.T.);
#16189 = ORIENTED_EDGE('',*,*,#15155,.T.);
#16190 = ORIENTED_EDGE('',*,*,#15204,.T.);
#16191 = ORIENTED_EDGE('',*,*,#15253,.T.);
#16192 = FACE_BOUND('',#16193,.T.);
#16193 = EDGE_LOOP('',(#16194));
#16194 = ORIENTED_EDGE('',*,*,#16195,.F.);
#16195 = EDGE_CURVE('',#16196,#16196,#16198,.T.);
#16196 = VERTEX_POINT('',#16197);
#16197 = CARTESIAN_POINT('',(56.7,6.3,3.2));
#16198 = SURFACE_CURVE('',#16199,(#16204,#16211),.PCURVE_S1.);
#16199 = CIRCLE('',#16200,1.2);
#16200 = AXIS2_PLACEMENT_3D('',#16201,#16202,#16203);
#16201 = CARTESIAN_POINT('',(55.5,6.3,3.2));
#16202 = DIRECTION('',(0.,0.,1.));
#16203 = DIRECTION('',(1.,0.,-0.));
#16204 = PCURVE('',#15048,#16205);
#16205 = DEFINITIONAL_REPRESENTATION('',(#16206),#16210);
#16206 = CIRCLE('',#16207,1.2);
#16207 = AXIS2_PLACEMENT_2D('',#16208,#16209);
#16208 = CARTESIAN_POINT('',(0.,0.));
#16209 = DIRECTION('',(1.,0.));
#16210 = ( GEOMETRIC_REPRESENTATION_CONTEXT(2) 
PARAMETRIC_REPRESENTATION_CONTEXT() REPRESENTATION_CONTEXT('2D SPACE',''
  ) );
#16211 = PCURVE('',#16212,#16217);
#16212 = CYLINDRICAL_SURFACE('',#16213,1.2);
#16213 = AXIS2_PLACEMENT_3D('',#16214,#16215,#16216);
#16214 = CARTESIAN_POINT('',(55.5,6.3,0.9));
#16215 = DIRECTION('',(0.,0.,1.));
#16216 = DIRECTION('',(1.,0.,-0.));
#16217 = DEFINITIONAL_REPRESENTATION('',(#16218),#16222);
#16218 = LINE('',#16219,#16220);
#16219 = CARTESIAN_POINT('',(0.,2.3));
#16220 = VECTOR('',#16221,1.);
#16221 = DIRECTION('',(1.,0.));
#16222 = ( GEOMETRIC_REPRESENTATION_CONTEXT(2) 
PARAMETRIC_REPRESENTATION_CONTEXT() REPRESENTATION_CONTEXT('2D SPACE',''
  ) );
#16223 = ADVANCED_FACE('',(#16224,#16232),#15347,.T.);
#16224 = FACE_BOUND('',#16225,.T.);
#16225 = EDGE_LOOP('',(#16226,#16227,#16228,#16229,#16230,#16231));
#16226 = ORIENTED_EDGE('',*,*,#15601,.T.);
#16227 = ORIENTED_EDGE('',*,*,#15329,.T.);
#16228 = ORIENTED_EDGE('',*,*,#15405,.T.);
#16229 = ORIENTED_EDGE('',*,*,#15454,.T.);
#16230 = ORIENTED_EDGE('',*,*,#15503,.T.);
#16231 = ORIENTED_EDGE('',*,*,#15552,.T.);
#16232 = FACE_BOUND('',#16233,.T.);
#16233 = EDGE_LOOP('',(#16234));
#16234 = ORIENTED_EDGE('',*,*,#16235,.F.);
#16235 = EDGE_CURVE('',#16236,#16236,#16238,.T.);
#16236 = VERTEX_POINT('',#16237);
#16237 = CARTESIAN_POINT('',(7.7,64.3,3.2));
#16238 = SURFACE_CURVE('',#16239,(#16244,#16251),.PCURVE_S1.);
#16239 = CIRCLE('',#16240,1.2);
#16240 = AXIS2_PLACEMENT_3D('',#16241,#16242,#16243);
#16241 = CARTESIAN_POINT('',(6.5,64.3,3.2));
#16242 = DIRECTION('',(0.,0.,1.));
#16243 = DIRECTION('',(1.,0.,-0.));
#16244 = PCURVE('',#15347,#16245);
#16245 = DEFINITIONAL_REPRESENTATION('',(#16246),#16250);
#16246 = CIRCLE('',#16247,1.2);
#16247 = AXIS2_PLACEMENT_2D('',#16248,#16249);
#16248 = CARTESIAN_POINT('',(0.,0.));
#16249 = DIRECTION('',(1.,0.));
#16250 = ( GEOMETRIC_REPRESENTATION_CONTEXT(2) 
PARAMETRIC_REPRESENTATION_CONTEXT() REPRESENTATION_CONTEXT('2D SPACE',''
  ) );
#16251 = PCURVE('',#16252,#16257);
#16252 = CYLINDRICAL_SURFACE('',#16253,1.2);
#16253 = AXIS2_PLACEMENT_3D('',#16254,#16255,#16256);
#16254 = CARTESIAN_POINT('',(6.5,64.3,0.9));
#16255 = DIRECTION('',(0.,0.,1.));
#16256 = DIRECTION('',(1.,0.,-0.));
#16257 = DEFINITIONAL_REPRESENTATION('',(#16258),#16262);
#16258 = LINE('',#16259,#16260);
#16259 = CARTESIAN_POINT('',(0.,2.3));
#16260 = VECTOR('',#16261,1.);
#16261 = DIRECTION('',(1.,0.));
#16262 = ( GEOMETRIC_REPRESENTATION_CONTEXT(2) 
PARAMETRIC_REPRESENTATION_CONTEXT() REPRESENTATION_CONTEXT('2D SPACE',''
  ) );
#16263 = ADVANCED_FACE('',(#16264,#16272),#15646,.T.);
#16264 = FACE_BOUND('',#16265,.T.);
#16265 = EDGE_LOOP('',(#16266,#16267,#16268,#16269,#16270,#16271));
#16266 = ORIENTED_EDGE('',*,*,#15900,.T.);
#16267 = ORIENTED_EDGE('',*,*,#15628,.T.);
#16268 = ORIENTED_EDGE('',*,*,#15704,.T.);
#16269 = ORIENTED_EDGE('',*,*,#15753,.T.);
#16270 = ORIENTED_EDGE('',*,*,#15802,.T.);
#16271 = ORIENTED_EDGE('',*,*,#15851,.T.);
#16272 = FACE_BOUND('',#16273,.T.);
#16273 = EDGE_LOOP('',(#16274));
#16274 = ORIENTED_EDGE('',*,*,#16275,.F.);
#16275 = EDGE_CURVE('',#16276,#16276,#16278,.T.);
#16276 = VERTEX_POINT('',#16277);
#16277 = CARTESIAN_POINT('',(56.7,64.3,3.2));
#16278 = SURFACE_CURVE('',#16279,(#16284,#16291),.PCURVE_S1.);
#16279 = CIRCLE('',#16280,1.2);
#16280 = AXIS2_PLACEMENT_3D('',#16281,#16282,#16283);
#16281 = CARTESIAN_POINT('',(55.5,64.3,3.2));
#16282 = DIRECTION('',(0.,0.,1.));
#16283 = DIRECTION('',(1.,0.,-0.));
#16284 = PCURVE('',#15646,#16285);
#16285 = DEFINITIONAL_REPRESENTATION('',(#16286),#16290);
#16286 = CIRCLE('',#16287,1.2);
#16287 = AXIS2_PLACEMENT_2D('',#16288,#16289);
#16288 = CARTESIAN_POINT('',(0.,0.));
#16289 = DIRECTION('',(1.,0.));
#16290 = ( GEOMETRIC_REPRESENTATION_CONTEXT(2) 
PARAMETRIC_REPRESENTATION_CONTEXT() REPRESENTATION_CONTEXT('2D SPACE',''
  ) );
#16291 = PCURVE('',#16292,#16297);
#16292 = CYLINDRICAL_SURFACE('',#16293,1.2);
#16293 = AXIS2_PLACEMENT_3D('',#16294,#16295,#16296);
#16294 = CARTESIAN_POINT('',(55.5,64.3,0.9));
#16295 = DIRECTION('',(0.,0.,1.));
#16296 = DIRECTION('',(1.,0.,-0.));
#16297 = DEFINITIONAL_REPRESENTATION('',(#16298),#16302);
#16298 = LINE('',#16299,#16300);
#16299 = CARTESIAN_POINT('',(0.,2.3));
#16300 = VECTOR('',#16301,1.);
#16301 = DIRECTION('',(1.,0.));
#16302 = ( GEOMETRIC_REPRESENTATION_CONTEXT(2) 
PARAMETRIC_REPRESENTATION_CONTEXT() REPRESENTATION_CONTEXT('2D SPACE',''
  ) );
#16303 = ADVANCED_FACE('',(#16304),#15965,.F.);
#16304 = FACE_BOUND('',#16305,.F.);
#16305 = EDGE_LOOP('',(#16306));
#16306 = ORIENTED_EDGE('',*,*,#15950,.T.);
#16307 = ADVANCED_FACE('',(#16308),#16020,.F.);
#16308 = FACE_BOUND('',#16309,.F.);
#16309 = EDGE_LOOP('',(#16310));
#16310 = ORIENTED_EDGE('',*,*,#16005,.T.);
#16311 = ADVANCED_FACE('',(#16312),#16075,.F.);
#16312 = FACE_BOUND('',#16313,.F.);
#16313 = EDGE_LOOP('',(#16314));
#16314 = ORIENTED_EDGE('',*,*,#16060,.T.);
#16315 = ADVANCED_FACE('',(#16316),#16130,.F.);
#16316 = FACE_BOUND('',#16317,.F.);
#16317 = EDGE_LOOP('',(#16318));
#16318 = ORIENTED_EDGE('',*,*,#16115,.T.);
#16319 = ADVANCED_FACE('',(#16320),#16172,.F.);
#16320 = FACE_BOUND('',#16321,.F.);
#16321 = EDGE_LOOP('',(#16322,#16323,#16346,#16373));
#16322 = ORIENTED_EDGE('',*,*,#16155,.F.);
#16323 = ORIENTED_EDGE('',*,*,#16324,.F.);
#16324 = EDGE_CURVE('',#16325,#16156,#16327,.T.);
#16325 = VERTEX_POINT('',#16326);
#16326 = CARTESIAN_POINT('',(7.7,6.3,0.9));
#16327 = SEAM_CURVE('',#16328,(#16332,#16339),.PCURVE_S1.);
#16328 = LINE('',#16329,#16330);
#16329 = CARTESIAN_POINT('',(7.7,6.3,0.9));
#16330 = VECTOR('',#16331,1.);
#16331 = DIRECTION('',(0.,0.,1.));
#16332 = PCURVE('',#16172,#16333);
#16333 = DEFINITIONAL_REPRESENTATION('',(#16334),#16338);
#16334 = LINE('',#16335,#16336);
#16335 = CARTESIAN_POINT('',(6.28318530718,-0.));
#16336 = VECTOR('',#16337,1.);
#16337 = DIRECTION('',(0.,1.));
#16338 = ( GEOMETRIC_REPRESENTATION_CONTEXT(2) 
PARAMETRIC_REPRESENTATION_CONTEXT() REPRESENTATION_CONTEXT('2D SPACE',''
  ) );
#16339 = PCURVE('',#16172,#16340);
#16340 = DEFINITIONAL_REPRESENTATION('',(#16341),#16345);
#16341 = LINE('',#16342,#16343);
#16342 = CARTESIAN_POINT('',(0.,-0.));
#16343 = VECTOR('',#16344,1.);
#16344 = DIRECTION('',(0.,1.));
#16345 = ( GEOMETRIC_REPRESENTATION_CONTEXT(2) 
PARAMETRIC_REPRESENTATION_CONTEXT() REPRESENTATION_CONTEXT('2D SPACE',''
  ) );
#16346 = ORIENTED_EDGE('',*,*,#16347,.T.);
#16347 = EDGE_CURVE('',#16325,#16325,#16348,.T.);
#16348 = SURFACE_CURVE('',#16349,(#16354,#16361),.PCURVE_S1.);
#16349 = CIRCLE('',#16350,1.2);
#16350 = AXIS2_PLACEMENT_3D('',#16351,#16352,#16353);
#16351 = CARTESIAN_POINT('',(6.5,6.3,0.9));
#16352 = DIRECTION('',(0.,0.,1.));
#16353 = DIRECTION('',(1.,0.,-0.));
#16354 = PCURVE('',#16172,#16355);
#16355 = DEFINITIONAL_REPRESENTATION('',(#16356),#16360);
#16356 = LINE('',#16357,#16358);
#16357 = CARTESIAN_POINT('',(0.,0.));
#16358 = VECTOR('',#16359,1.);
#16359 = DIRECTION('',(1.,0.));
#16360 = ( GEOMETRIC_REPRESENTATION_CONTEXT(2) 
PARAMETRIC_REPRESENTATION_CONTEXT() REPRESENTATION_CONTEXT('2D SPACE',''
  ) );
#16361 = PCURVE('',#16362,#16367);
#16362 = PLANE('',#16363);
#16363 = AXIS2_PLACEMENT_3D('',#16364,#16365,#16366);
#16364 = CARTESIAN_POINT('',(6.5,6.3,0.9));
#16365 = DIRECTION('',(0.,0.,1.));
#16366 = DIRECTION('',(1.,0.,-0.));
#16367 = DEFINITIONAL_REPRESENTATION('',(#16368),#16372);
#16368 = CIRCLE('',#16369,1.2);
#16369 = AXIS2_PLACEMENT_2D('',#16370,#16371);
#16370 = CARTESIAN_POINT('',(0.,0.));
#16371 = DIRECTION('',(1.,0.));
#16372 = ( GEOMETRIC_REPRESENTATION_CONTEXT(2) 
PARAMETRIC_REPRESENTATION_CONTEXT() REPRESENTATION_CONTEXT('2D SPACE',''
  ) );
#16373 = ORIENTED_EDGE('',*,*,#16324,.T.);
#16374 = ADVANCED_FACE('',(#16375),#16212,.F.);
#16375 = FACE_BOUND('',#16376,.F.);
#16376 = EDGE_LOOP('',(#16377,#16378,#16401,#16428));
#16377 = ORIENTED_EDGE('',*,*,#16195,.F.);
#16378 = ORIENTED_EDGE('',*,*,#16379,.F.);
#16379 = EDGE_CURVE('',#16380,#16196,#16382,.T.);
#16380 = VERTEX_POINT('',#16381);
#16381 = CARTESIAN_POINT('',(56.7,6.3,0.9));
#16382 = SEAM_CURVE('',#16383,(#16387,#16394),.PCURVE_S1.);
#16383 = LINE('',#16384,#16385);
#16384 = CARTESIAN_POINT('',(56.7,6.3,0.9));
#16385 = VECTOR('',#16386,1.);
#16386 = DIRECTION('',(0.,0.,1.));
#16387 = PCURVE('',#16212,#16388);
#16388 = DEFINITIONAL_REPRESENTATION('',(#16389),#16393);
#16389 = LINE('',#16390,#16391);
#16390 = CARTESIAN_POINT('',(6.28318530718,-0.));
#16391 = VECTOR('',#16392,1.);
#16392 = DIRECTION('',(0.,1.));
#16393 = ( GEOMETRIC_REPRESENTATION_CONTEXT(2) 
PARAMETRIC_REPRESENTATION_CONTEXT() REPRESENTATION_CONTEXT('2D SPACE',''
  ) );
#16394 = PCURVE('',#16212,#16395);
#16395 = DEFINITIONAL_REPRESENTATION('',(#16396),#16400);
#16396 = LINE('',#16397,#16398);
#16397 = CARTESIAN_POINT('',(0.,-0.));
#16398 = VECTOR('',#16399,1.);
#16399 = DIRECTION('',(0.,1.));
#16400 = ( GEOMETRIC_REPRESENTATION_CONTEXT(2) 
PARAMETRIC_REPRESENTATION_CONTEXT() REPRESENTATION_CONTEXT('2D SPACE',''
  ) );
#16401 = ORIENTED_EDGE('',*,*,#16402,.T.);
#16402 = EDGE_CURVE('',#16380,#16380,#16403,.T.);
#16403 = SURFACE_CURVE('',#16404,(#16409,#16416),.PCURVE_S1.);
#16404 = CIRCLE('',#16405,1.2);
#16405 = AXIS2_PLACEMENT_3D('',#16406,#16407,#16408);
#16406 = CARTESIAN_POINT('',(55.5,6.3,0.9));
#16407 = DIRECTION('',(0.,0.,1.));
#16408 = DIRECTION('',(1.,0.,-0.));
#16409 = PCURVE('',#16212,#16410);
#16410 = DEFINITIONAL_REPRESENTATION('',(#16411),#16415);
#16411 = LINE('',#16412,#16413);
#16412 = CARTESIAN_POINT('',(0.,0.));
#16413 = VECTOR('',#16414,1.);
#16414 = DIRECTION('',(1.,0.));
#16415 = ( GEOMETRIC_REPRESENTATION_CONTEXT(2) 
PARAMETRIC_REPRESENTATION_CONTEXT() REPRESENTATION_CONTEXT('2D SPACE',''
  ) );
#16416 = PCURVE('',#16417,#16422);
#16417 = PLANE('',#16418);
#16418 = AXIS2_PLACEMENT_3D('',#16419,#16420,#16421);
#16419 = CARTESIAN_POINT('',(55.5,6.3,0.9));
#16420 = DIRECTION('',(0.,0.,1.));
#16421 = DIRECTION('',(1.,0.,-0.));
#16422 = DEFINITIONAL_REPRESENTATION('',(#16423),#16427);
#16423 = CIRCLE('',#16424,1.2);
#16424 = AXIS2_PLACEMENT_2D('',#16425,#16426);
#16425 = CARTESIAN_POINT('',(0.,0.));
#16426 = DIRECTION('',(1.,0.));
#16427 = ( GEOMETRIC_REPRESENTATION_CONTEXT(2) 
PARAMETRIC_REPRESENTATION_CONTEXT() REPRESENTATION_CONTEXT('2D SPACE',''
  ) );
#16428 = ORIENTED_EDGE('',*,*,#16379,.T.);
#16429 = ADVANCED_FACE('',(#16430),#16252,.F.);
#16430 = FACE_BOUND('',#16431,.F.);
#16431 = EDGE_LOOP('',(#16432,#16433,#16456,#16483));
#16432 = ORIENTED_EDGE('',*,*,#16235,.F.);
#16433 = ORIENTED_EDGE('',*,*,#16434,.F.);
#16434 = EDGE_CURVE('',#16435,#16236,#16437,.T.);
#16435 = VERTEX_POINT('',#16436);
#16436 = CARTESIAN_POINT('',(7.7,64.3,0.9));
#16437 = SEAM_CURVE('',#16438,(#16442,#16449),.PCURVE_S1.);
#16438 = LINE('',#16439,#16440);
#16439 = CARTESIAN_POINT('',(7.7,64.3,0.9));
#16440 = VECTOR('',#16441,1.);
#16441 = DIRECTION('',(0.,0.,1.));
#16442 = PCURVE('',#16252,#16443);
#16443 = DEFINITIONAL_REPRESENTATION('',(#16444),#16448);
#16444 = LINE('',#16445,#16446);
#16445 = CARTESIAN_POINT('',(6.28318530718,-0.));
#16446 = VECTOR('',#16447,1.);
#16447 = DIRECTION('',(0.,1.));
#16448 = ( GEOMETRIC_REPRESENTATION_CONTEXT(2) 
PARAMETRIC_REPRESENTATION_CONTEXT() REPRESENTATION_CONTEXT('2D SPACE',''
  ) );
#16449 = PCURVE('',#16252,#16450);
#16450 = DEFINITIONAL_REPRESENTATION('',(#16451),#16455);
#16451 = LINE('',#16452,#16453);
#16452 = CARTESIAN_POINT('',(0.,-0.));
#16453 = VECTOR('',#16454,1.);
#16454 = DIRECTION('',(0.,1.));
#16455 = ( GEOMETRIC_REPRESENTATION_CONTEXT(2) 
PARAMETRIC_REPRESENTATION_CONTEXT() REPRESENTATION_CONTEXT('2D SPACE',''
  ) );
#16456 = ORIENTED_EDGE('',*,*,#16457,.T.);
#16457 = EDGE_CURVE('',#16435,#16435,#16458,.T.);
#16458 = SURFACE_CURVE('',#16459,(#16464,#16471),.PCURVE_S1.);
#16459 = CIRCLE('',#16460,1.2);
#16460 = AXIS2_PLACEMENT_3D('',#16461,#16462,#16463);
#16461 = CARTESIAN_POINT('',(6.5,64.3,0.9));
#16462 = DIRECTION('',(0.,0.,1.));
#16463 = DIRECTION('',(1.,0.,-0.));
#16464 = PCURVE('',#16252,#16465);
#16465 = DEFINITIONAL_REPRESENTATION('',(#16466),#16470);
#16466 = LINE('',#16467,#16468);
#16467 = CARTESIAN_POINT('',(0.,0.));
#16468 = VECTOR('',#16469,1.);
#16469 = DIRECTION('',(1.,0.));
#16470 = ( GEOMETRIC_REPRESENTATION_CONTEXT(2) 
PARAMETRIC_REPRESENTATION_CONTEXT() REPRESENTATION_CONTEXT('2D SPACE',''
  ) );
#16471 = PCURVE('',#16472,#16477);
#16472 = PLANE('',#16473);
#16473 = AXIS2_PLACEMENT_3D('',#16474,#16475,#16476);
#16474 = CARTESIAN_POINT('',(6.5,64.3,0.9));
#16475 = DIRECTION('',(0.,0.,1.));
#16476 = DIRECTION('',(1.,0.,-0.));
#16477 = DEFINITIONAL_REPRESENTATION('',(#16478),#16482);
#16478 = CIRCLE('',#16479,1.2);
#16479 = AXIS2_PLACEMENT_2D('',#16480,#16481);
#16480 = CARTESIAN_POINT('',(0.,0.));
#16481 = DIRECTION('',(1.,0.));
#16482 = ( GEOMETRIC_REPRESENTATION_CONTEXT(2) 
PARAMETRIC_REPRESENTATION_CONTEXT() REPRESENTATION_CONTEXT('2D SPACE',''
  ) );
#16483 = ORIENTED_EDGE('',*,*,#16434,.T.);
#16484 = ADVANCED_FACE('',(#16485),#16292,.F.);
#16485 = FACE_BOUND('',#16486,.F.);
#16486 = EDGE_LOOP('',(#16487,#16488,#16511,#16538));
#16487 = ORIENTED_EDGE('',*,*,#16275,.F.);
#16488 = ORIENTED_EDGE('',*,*,#16489,.F.);
#16489 = EDGE_CURVE('',#16490,#16276,#16492,.T.);
#16490 = VERTEX_POINT('',#16491);
#16491 = CARTESIAN_POINT('',(56.7,64.3,0.9));
#16492 = SEAM_CURVE('',#16493,(#16497,#16504),.PCURVE_S1.);
#16493 = LINE('',#16494,#16495);
#16494 = CARTESIAN_POINT('',(56.7,64.3,0.9));
#16495 = VECTOR('',#16496,1.);
#16496 = DIRECTION('',(0.,0.,1.));
#16497 = PCURVE('',#16292,#16498);
#16498 = DEFINITIONAL_REPRESENTATION('',(#16499),#16503);
#16499 = LINE('',#16500,#16501);
#16500 = CARTESIAN_POINT('',(6.28318530718,-0.));
#16501 = VECTOR('',#16502,1.);
#16502 = DIRECTION('',(0.,1.));
#16503 = ( GEOMETRIC_REPRESENTATION_CONTEXT(2) 
PARAMETRIC_REPRESENTATION_CONTEXT() REPRESENTATION_CONTEXT('2D SPACE',''
  ) );
#16504 = PCURVE('',#16292,#16505);
#16505 = DEFINITIONAL_REPRESENTATION('',(#16506),#16510);
#16506 = LINE('',#16507,#16508);
#16507 = CARTESIAN_POINT('',(0.,-0.));
#16508 = VECTOR('',#16509,1.);
#16509 = DIRECTION('',(0.,1.));
#16510 = ( GEOMETRIC_REPRESENTATION_CONTEXT(2) 
PARAMETRIC_REPRESENTATION_CONTEXT() REPRESENTATION_CONTEXT('2D SPACE',''
  ) );
#16511 = ORIENTED_EDGE('',*,*,#16512,.T.);
#16512 = EDGE_CURVE('',#16490,#16490,#16513,.T.);
#16513 = SURFACE_CURVE('',#16514,(#16519,#16526),.PCURVE_S1.);
#16514 = CIRCLE('',#16515,1.2);
#16515 = AXIS2_PLACEMENT_3D('',#16516,#16517,#16518);
#16516 = CARTESIAN_POINT('',(55.5,64.3,0.9));
#16517 = DIRECTION('',(0.,0.,1.));
#16518 = DIRECTION('',(1.,0.,-0.));
#16519 = PCURVE('',#16292,#16520);
#16520 = DEFINITIONAL_REPRESENTATION('',(#16521),#16525);
#16521 = LINE('',#16522,#16523);
#16522 = CARTESIAN_POINT('',(0.,0.));
#16523 = VECTOR('',#16524,1.);
#16524 = DIRECTION('',(1.,0.));
#16525 = ( GEOMETRIC_REPRESENTATION_CONTEXT(2) 
PARAMETRIC_REPRESENTATION_CONTEXT() REPRESENTATION_CONTEXT('2D SPACE',''
  ) );
#16526 = PCURVE('',#16527,#16532);
#16527 = PLANE('',#16528);
#16528 = AXIS2_PLACEMENT_3D('',#16529,#16530,#16531);
#16529 = CARTESIAN_POINT('',(55.5,64.3,0.9));
#16530 = DIRECTION('',(0.,0.,1.));
#16531 = DIRECTION('',(1.,0.,-0.));
#16532 = DEFINITIONAL_REPRESENTATION('',(#16533),#16537);
#16533 = CIRCLE('',#16534,1.2);
#16534 = AXIS2_PLACEMENT_2D('',#16535,#16536);
#16535 = CARTESIAN_POINT('',(0.,0.));
#16536 = DIRECTION('',(1.,0.));
#16537 = ( GEOMETRIC_REPRESENTATION_CONTEXT(2) 
PARAMETRIC_REPRESENTATION_CONTEXT() REPRESENTATION_CONTEXT('2D SPACE',''
  ) );
#16538 = ORIENTED_EDGE('',*,*,#16489,.T.);
#16539 = ADVANCED_FACE('',(#16540),#16362,.T.);
#16540 = FACE_BOUND('',#16541,.F.);
#16541 = EDGE_LOOP('',(#16542));
#16542 = ORIENTED_EDGE('',*,*,#16347,.F.);
#16543 = ADVANCED_FACE('',(#16544),#16417,.T.);
#16544 = FACE_BOUND('',#16545,.F.);
#16545 = EDGE_LOOP('',(#16546));
#16546 = ORIENTED_EDGE('',*,*,#16402,.F.);
#16547 = ADVANCED_FACE('',(#16548),#16472,.T.);
#16548 = FACE_BOUND('',#16549,.F.);
#16549 = EDGE_LOOP('',(#16550));
#16550 = ORIENTED_EDGE('',*,*,#16457,.F.);
#16551 = ADVANCED_FACE('',(#16552),#16527,.T.);
#16552 = FACE_BOUND('',#16553,.F.);
#16553 = EDGE_LOOP('',(#16554));
#16554 = ORIENTED_EDGE('',*,*,#16512,.F.);
#16555 = ( GEOMETRIC_REPRESENTATION_CONTEXT(3) 
GLOBAL_UNCERTAINTY_ASSIGNED_CONTEXT((#16559)) 
GLOBAL_UNIT_ASSIGNED_CONTEXT((#16556,#16557,#16558)) 
REPRESENTATION_CONTEXT('Context #1',
  '3D Context with UNIT and UNCERTAINTY') );
#16556 = ( LENGTH_UNIT() NAMED_UNIT(*) SI_UNIT(.MILLI.,.METRE.) );
#16557 = ( NAMED_UNIT(*) PLANE_ANGLE_UNIT() SI_UNIT($,.RADIAN.) );
#16558 = ( NAMED_UNIT(*) SI_UNIT($,.STERADIAN.) SOLID_ANGLE_UNIT() );
#16559 = UNCERTAINTY_MEASURE_WITH_UNIT(LENGTH_MEASURE(1.E-07),#16556,
  'distance_accuracy_value','confusion accuracy');
#16560 = CONTEXT_DEPENDENT_SHAPE_REPRESENTATION(#16561,#16563);
#16561 = ( REPRESENTATION_RELATIONSHIP('','',#32,#10) 
REPRESENTATION_RELATIONSHIP_WITH_TRANSFORMATION(#16562) 
SHAPE_REPRESENTATION_RELATIONSHIP() );
#16562 = ITEM_DEFINED_TRANSFORMATION('','',#11,#15);
#16563 = PRODUCT_DEFINITION_SHAPE('Placement','Placement of an item',
  #16564);
#16564 = NEXT_ASSEMBLY_USAGE_OCCURRENCE('1','=>[0:1:1:2]','',#5,#27,$);
#16565 = PRODUCT_RELATED_PRODUCT_CATEGORY('part',$,(#29));
ENDSEC;
END-ISO-10303-21;
